Unnamed: 0,Unnamed: 0.1,488_only_foci,488_overlap_foci,488_total_foci,561_only_foci,561_overlap_foci,561_total_foci,cell,filename,flagged_oof,flagged_z,im_n_cells,im_raw_cells,image,stains,cell_line,treatment,czi_id
0,0,0.0,0.0,0.0,0.0,0.0,0.0,1.0,Stx17-GFP_dFIP200_Tor_10Pos_2_finalconditions_reducedGFP_488.568_AiryscanProcessing.czi,0.0,0.0,2.0,2.0,1.0,Stx17-GFP,dFIP200,Tor,2
1,1,0.0,0.0,0.0,1.0,0.0,1.0,2.0,Stx17-GFP_dFIP200_Tor_10Pos_2_finalconditions_reducedGFP_488.568_AiryscanProcessing.czi,0.0,0.0,2.0,2.0,1.0,Stx17-GFP,dFIP200,Tor,2
2,2,0.0,0.0,0.0,0.0,0.0,0.0,1.0,Stx17-GFP_dFIP200_Tor_10Pos_2_finalconditions_reducedGFP_488.568_AiryscanProcessing.czi,0.0,1.0,1.0,1.0,2.0,Stx17-GFP,dFIP200,Tor,2
3,3,1.0,0.0,1.0,3.0,0.0,3.0,1.0,Stx17-GFP_dFIP200_Tor_10Pos_2_finalconditions_reducedGFP_488.568_AiryscanProcessing.czi,0.0,0.0,2.0,2.0,3.0,Stx17-GFP,dFIP200,Tor,2
4,4,0.0,0.0,0.0,0.0,0.0,0.0,2.0,Stx17-GFP_dFIP200_Tor_10Pos_2_finalconditions_reducedGFP_488.568_AiryscanProcessing.czi,0.0,0.0,2.0,2.0,3.0,Stx17-GFP,dFIP200,Tor,2
5,5,31.0,0.0,31.0,10.0,0.0,10.0,1.0,Stx17-GFP_dFIP200_Tor_10Pos_2_finalconditions_reducedGFP_488.568_AiryscanProcessing.czi,1.0,0.0,2.0,3.0,4.0,Stx17-GFP,dFIP200,Tor,2
6,6,2.0,0.0,2.0,1.0,0.0,1.0,2.0,Stx17-GFP_dFIP200_Tor_10Pos_2_finalconditions_reducedGFP_488.568_AiryscanProcessing.czi,1.0,0.0,2.0,3.0,4.0,Stx17-GFP,dFIP200,Tor,2
7,7,1.0,0.0,1.0,1.0,0.0,1.0,1.0,Stx17-GFP_dFIP200_Tor_10Pos_2_finalconditions_reducedGFP_488.568_AiryscanProcessing.czi,0.0,0.0,2.0,2.0,5.0,Stx17-GFP,dFIP200,Tor,2
8,8,1.0,0.0,1.0,1.0,0.0,1.0,2.0,Stx17-GFP_dFIP200_Tor_10Pos_2_finalconditions_reducedGFP_488.568_AiryscanProcessing.czi,0.0,0.0,2.0,2.0,5.0,Stx17-GFP,dFIP200,Tor,2
9,9,0.0,0.0,0.0,2.0,0.0,2.0,1.0,Stx17-GFP_dFIP200_Tor_10Pos_2_finalconditions_reducedGFP_488.568_AiryscanProcessing.czi,0.0,0.0,4.0,4.0,6.0,Stx17-GFP,dFIP200,Tor,2
10,10,1.0,0.0,1.0,0.0,0.0,0.0,2.0,Stx17-GFP_dFIP200_Tor_10Pos_2_finalconditions_reducedGFP_488.568_AiryscanProcessing.czi,0.0,0.0,4.0,4.0,6.0,Stx17-GFP,dFIP200,Tor,2
11,11,0.0,0.0,0.0,0.0,0.0,0.0,3.0,Stx17-GFP_dFIP200_Tor_10Pos_2_finalconditions_reducedGFP_488.568_AiryscanProcessing.czi,0.0,0.0,4.0,4.0,6.0,Stx17-GFP,dFIP200,Tor,2
12,12,0.0,0.0,0.0,1.0,0.0,1.0,4.0,Stx17-GFP_dFIP200_Tor_10Pos_2_finalconditions_reducedGFP_488.568_AiryscanProcessing.czi,0.0,0.0,4.0,4.0,6.0,Stx17-GFP,dFIP200,Tor,2
13,13,2.0,0.0,2.0,0.0,0.0,0.0,1.0,Stx17-GFP_dFIP200_Tor_10Pos_2_finalconditions_reducedGFP_488.568_AiryscanProcessing.czi,0.0,0.0,2.0,2.0,7.0,Stx17-GFP,dFIP200,Tor,2
14,14,0.0,0.0,0.0,0.0,0.0,0.0,2.0,Stx17-GFP_dFIP200_Tor_10Pos_2_finalconditions_reducedGFP_488.568_AiryscanProcessing.czi,0.0,0.0,2.0,2.0,7.0,Stx17-GFP,dFIP200,Tor,2
15,15,0.0,0.0,0.0,9.0,0.0,9.0,1.0,Stx17-GFP_dFIP200_Tor_10Pos_2_finalconditions_reducedGFP_488.568_AiryscanProcessing.czi,0.0,0.0,3.0,3.0,8.0,Stx17-GFP,dFIP200,Tor,2
16,16,0.0,0.0,0.0,2.0,0.0,2.0,2.0,Stx17-GFP_dFIP200_Tor_10Pos_2_finalconditions_reducedGFP_488.568_AiryscanProcessing.czi,0.0,0.0,3.0,3.0,8.0,Stx17-GFP,dFIP200,Tor,2
17,17,0.0,0.0,0.0,1.0,0.0,1.0,3.0,Stx17-GFP_dFIP200_Tor_10Pos_2_finalconditions_reducedGFP_488.568_AiryscanProcessing.czi,0.0,0.0,3.0,3.0,8.0,Stx17-GFP,dFIP200,Tor,2
18,18,0.0,0.0,0.0,0.0,0.0,0.0,1.0,Stx17-GFP_dFIP200_Tor_10Pos_2_finalconditions_reducedGFP_488.568_AiryscanProcessing.czi,0.0,1.0,2.0,2.0,9.0,Stx17-GFP,dFIP200,Tor,2
19,19,0.0,0.0,0.0,0.0,0.0,0.0,2.0,Stx17-GFP_dFIP200_Tor_10Pos_2_finalconditions_reducedGFP_488.568_AiryscanProcessing.czi,0.0,1.0,2.0,2.0,9.0,Stx17-GFP,dFIP200,Tor,2
20,20,0.0,0.0,0.0,0.0,0.0,0.0,1.0,Stx17-GFP_dFIP200_Tor_10Pos_2_finalconditions_reducedGFP_488.568_AiryscanProcessing.czi,0.0,1.0,2.0,2.0,10.0,Stx17-GFP,dFIP200,Tor,2
21,21,0.0,0.0,0.0,0.0,0.0,0.0,2.0,Stx17-GFP_dFIP200_Tor_10Pos_2_finalconditions_reducedGFP_488.568_AiryscanProcessing.czi,0.0,1.0,2.0,2.0,10.0,Stx17-GFP,dFIP200,Tor,2
0,0,0.0,0.0,0.0,0.0,0.0,0.0,1.0,Stx17-GFP_dFIP200_NoTreat_10Pos_2_finalconditions_reducedGFP_488.568_AiryscanProcessing.czi,0.0,0.0,2.0,2.0,1.0,Stx17-GFP,dFIP200,NoTreat,2
1,1,0.0,0.0,0.0,0.0,0.0,0.0,2.0,Stx17-GFP_dFIP200_NoTreat_10Pos_2_finalconditions_reducedGFP_488.568_AiryscanProcessing.czi,0.0,0.0,2.0,2.0,1.0,Stx17-GFP,dFIP200,NoTreat,2
2,2,1.0,0.0,1.0,4.0,0.0,4.0,1.0,Stx17-GFP_dFIP200_NoTreat_10Pos_2_finalconditions_reducedGFP_488.568_AiryscanProcessing.czi,0.0,0.0,2.0,2.0,2.0,Stx17-GFP,dFIP200,NoTreat,2
3,3,2.0,0.0,2.0,0.0,0.0,0.0,2.0,Stx17-GFP_dFIP200_NoTreat_10Pos_2_finalconditions_reducedGFP_488.568_AiryscanProcessing.czi,0.0,0.0,2.0,2.0,2.0,Stx17-GFP,dFIP200,NoTreat,2
4,4,1.0,0.0,1.0,2.0,0.0,2.0,1.0,Stx17-GFP_dFIP200_NoTreat_10Pos_2_finalconditions_reducedGFP_488.568_AiryscanProcessing.czi,0.0,0.0,2.0,2.0,3.0,Stx17-GFP,dFIP200,NoTreat,2
5,5,3.0,0.0,3.0,6.0,0.0,6.0,2.0,Stx17-GFP_dFIP200_NoTreat_10Pos_2_finalconditions_reducedGFP_488.568_AiryscanProcessing.czi,0.0,0.0,2.0,2.0,3.0,Stx17-GFP,dFIP200,NoTreat,2
6,6,1.0,0.0,1.0,11.0,0.0,11.0,1.0,Stx17-GFP_dFIP200_NoTreat_10Pos_2_finalconditions_reducedGFP_488.568_AiryscanProcessing.czi,0.0,0.0,4.0,4.0,4.0,Stx17-GFP,dFIP200,NoTreat,2
7,7,0.0,0.0,0.0,8.0,0.0,8.0,2.0,Stx17-GFP_dFIP200_NoTreat_10Pos_2_finalconditions_reducedGFP_488.568_AiryscanProcessing.czi,0.0,0.0,4.0,4.0,4.0,Stx17-GFP,dFIP200,NoTreat,2
8,8,61.0,0.0,61.0,1.0,0.0,1.0,3.0,Stx17-GFP_dFIP200_NoTreat_10Pos_2_finalconditions_reducedGFP_488.568_AiryscanProcessing.czi,0.0,0.0,4.0,4.0,4.0,Stx17-GFP,dFIP200,NoTreat,2
9,9,32.0,0.0,32.0,1.0,0.0,1.0,4.0,Stx17-GFP_dFIP200_NoTreat_10Pos_2_finalconditions_reducedGFP_488.568_AiryscanProcessing.czi,0.0,0.0,4.0,4.0,4.0,Stx17-GFP,dFIP200,NoTreat,2
10,10,0.0,0.0,0.0,0.0,0.0,0.0,1.0,Stx17-GFP_dFIP200_NoTreat_10Pos_2_finalconditions_reducedGFP_488.568_AiryscanProcessing.czi,0.0,0.0,2.0,2.0,5.0,Stx17-GFP,dFIP200,NoTreat,2
11,11,1.0,0.0,1.0,0.0,0.0,0.0,2.0,Stx17-GFP_dFIP200_NoTreat_10Pos_2_finalconditions_reducedGFP_488.568_AiryscanProcessing.czi,0.0,0.0,2.0,2.0,5.0,Stx17-GFP,dFIP200,NoTreat,2
12,12,0.0,0.0,0.0,1.0,0.0,1.0,1.0,Stx17-GFP_dFIP200_NoTreat_10Pos_2_finalconditions_reducedGFP_488.568_AiryscanProcessing.czi,0.0,0.0,2.0,2.0,6.0,Stx17-GFP,dFIP200,NoTreat,2
13,13,1.0,0.0,1.0,0.0,0.0,0.0,2.0,Stx17-GFP_dFIP200_NoTreat_10Pos_2_finalconditions_reducedGFP_488.568_AiryscanProcessing.czi,0.0,0.0,2.0,2.0,6.0,Stx17-GFP,dFIP200,NoTreat,2
14,14,0.0,0.0,0.0,0.0,0.0,0.0,1.0,Stx17-GFP_dFIP200_NoTreat_10Pos_2_finalconditions_reducedGFP_488.568_AiryscanProcessing.czi,0.0,0.0,2.0,2.0,7.0,Stx17-GFP,dFIP200,NoTreat,2
15,15,1.0,0.0,1.0,6.0,0.0,6.0,2.0,Stx17-GFP_dFIP200_NoTreat_10Pos_2_finalconditions_reducedGFP_488.568_AiryscanProcessing.czi,0.0,0.0,2.0,2.0,7.0,Stx17-GFP,dFIP200,NoTreat,2
16,16,1.0,0.0,1.0,5.0,0.0,5.0,1.0,Stx17-GFP_dFIP200_NoTreat_10Pos_2_finalconditions_reducedGFP_488.568_AiryscanProcessing.czi,0.0,0.0,2.0,2.0,8.0,Stx17-GFP,dFIP200,NoTreat,2
17,17,0.0,0.0,0.0,1.0,0.0,1.0,2.0,Stx17-GFP_dFIP200_NoTreat_10Pos_2_finalconditions_reducedGFP_488.568_AiryscanProcessing.czi,0.0,0.0,2.0,2.0,8.0,Stx17-GFP,dFIP200,NoTreat,2
18,18,0.0,0.0,0.0,0.0,0.0,0.0,1.0,Stx17-GFP_dFIP200_NoTreat_10Pos_2_finalconditions_reducedGFP_488.568_AiryscanProcessing.czi,1.0,1.0,3.0,4.0,9.0,Stx17-GFP,dFIP200,NoTreat,2
19,19,0.0,0.0,0.0,1.0,0.0,1.0,2.0,Stx17-GFP_dFIP200_NoTreat_10Pos_2_finalconditions_reducedGFP_488.568_AiryscanProcessing.czi,1.0,1.0,3.0,4.0,9.0,Stx17-GFP,dFIP200,NoTreat,2
20,20,0.0,0.0,0.0,0.0,0.0,0.0,3.0,Stx17-GFP_dFIP200_NoTreat_10Pos_2_finalconditions_reducedGFP_488.568_AiryscanProcessing.czi,1.0,1.0,3.0,4.0,9.0,Stx17-GFP,dFIP200,NoTreat,2
21,21,0.0,0.0,0.0,0.0,0.0,0.0,1.0,Stx17-GFP_dFIP200_NoTreat_10Pos_2_finalconditions_reducedGFP_488.568_AiryscanProcessing.czi,0.0,0.0,3.0,2.0,10.0,Stx17-GFP,dFIP200,NoTreat,2
22,22,0.0,0.0,0.0,0.0,0.0,0.0,2.0,Stx17-GFP_dFIP200_NoTreat_10Pos_2_finalconditions_reducedGFP_488.568_AiryscanProcessing.czi,0.0,0.0,3.0,2.0,10.0,Stx17-GFP,dFIP200,NoTreat,2
23,23,0.0,0.0,0.0,0.0,0.0,0.0,3.0,Stx17-GFP_dFIP200_NoTreat_10Pos_2_finalconditions_reducedGFP_488.568_AiryscanProcessing.czi,0.0,0.0,3.0,2.0,10.0,Stx17-GFP,dFIP200,NoTreat,2
0,0,0.0,0.0,0.0,0.0,0.0,0.0,1.0,Stx17-GFP_dVPS37A_NoTreat_10Pos_1_finalconditions_reducedGFP_488.568_AiryscanProcessing.czi,0.0,1.0,3.0,2.0,1.0,Stx17-GFP,dVPS37A,NoTreat,1
1,1,0.0,0.0,0.0,27.0,0.0,27.0,2.0,Stx17-GFP_dVPS37A_NoTreat_10Pos_1_finalconditions_reducedGFP_488.568_AiryscanProcessing.czi,0.0,1.0,3.0,2.0,1.0,Stx17-GFP,dVPS37A,NoTreat,1
2,2,0.0,0.0,0.0,3.0,0.0,3.0,3.0,Stx17-GFP_dVPS37A_NoTreat_10Pos_1_finalconditions_reducedGFP_488.568_AiryscanProcessing.czi,0.0,1.0,3.0,2.0,1.0,Stx17-GFP,dVPS37A,NoTreat,1
3,3,0.0,0.0,0.0,3.0,0.0,3.0,1.0,Stx17-GFP_dVPS37A_NoTreat_10Pos_1_finalconditions_reducedGFP_488.568_AiryscanProcessing.czi,0.0,1.0,5.0,5.0,2.0,Stx17-GFP,dVPS37A,NoTreat,1
4,4,3.0,1.0,4.0,15.0,1.0,16.0,2.0,Stx17-GFP_dVPS37A_NoTreat_10Pos_1_finalconditions_reducedGFP_488.568_AiryscanProcessing.czi,0.0,1.0,5.0,5.0,2.0,Stx17-GFP,dVPS37A,NoTreat,1
5,5,1.0,1.0,2.0,15.0,1.0,16.0,3.0,Stx17-GFP_dVPS37A_NoTreat_10Pos_1_finalconditions_reducedGFP_488.568_AiryscanProcessing.czi,0.0,1.0,5.0,5.0,2.0,Stx17-GFP,dVPS37A,NoTreat,1
6,6,2.0,0.0,2.0,7.0,0.0,7.0,4.0,Stx17-GFP_dVPS37A_NoTreat_10Pos_1_finalconditions_reducedGFP_488.568_AiryscanProcessing.czi,0.0,1.0,5.0,5.0,2.0,Stx17-GFP,dVPS37A,NoTreat,1
7,7,0.0,0.0,0.0,4.0,0.0,4.0,5.0,Stx17-GFP_dVPS37A_NoTreat_10Pos_1_finalconditions_reducedGFP_488.568_AiryscanProcessing.czi,0.0,1.0,5.0,5.0,2.0,Stx17-GFP,dVPS37A,NoTreat,1
8,8,1.0,0.0,1.0,7.0,0.0,7.0,1.0,Stx17-GFP_dVPS37A_NoTreat_10Pos_1_finalconditions_reducedGFP_488.568_AiryscanProcessing.czi,0.0,1.0,2.0,2.0,3.0,Stx17-GFP,dVPS37A,NoTreat,1
9,9,1.0,0.0,1.0,6.0,0.0,6.0,2.0,Stx17-GFP_dVPS37A_NoTreat_10Pos_1_finalconditions_reducedGFP_488.568_AiryscanProcessing.czi,0.0,1.0,2.0,2.0,3.0,Stx17-GFP,dVPS37A,NoTreat,1
10,10,12.0,5.0,17.0,34.0,5.0,39.0,1.0,Stx17-GFP_dVPS37A_NoTreat_10Pos_1_finalconditions_reducedGFP_488.568_AiryscanProcessing.czi,0.0,1.0,1.0,1.0,4.0,Stx17-GFP,dVPS37A,NoTreat,1
11,11,0.0,5.0,5.0,35.0,6.0,41.0,1.0,Stx17-GFP_dVPS37A_NoTreat_10Pos_1_finalconditions_reducedGFP_488.568_AiryscanProcessing.czi,0.0,0.0,2.0,2.0,5.0,Stx17-GFP,dVPS37A,NoTreat,1
12,12,0.0,2.0,2.0,14.0,1.0,15.0,2.0,Stx17-GFP_dVPS37A_NoTreat_10Pos_1_finalconditions_reducedGFP_488.568_AiryscanProcessing.czi,0.0,0.0,2.0,2.0,5.0,Stx17-GFP,dVPS37A,NoTreat,1
13,13,1.0,1.0,2.0,19.0,1.0,20.0,1.0,Stx17-GFP_dVPS37A_NoTreat_10Pos_1_finalconditions_reducedGFP_488.568_AiryscanProcessing.czi,0.0,1.0,7.0,9.0,6.0,Stx17-GFP,dVPS37A,NoTreat,1
14,14,1.0,0.0,1.0,9.0,0.0,9.0,2.0,Stx17-GFP_dVPS37A_NoTreat_10Pos_1_finalconditions_reducedGFP_488.568_AiryscanProcessing.czi,0.0,1.0,7.0,9.0,6.0,Stx17-GFP,dVPS37A,NoTreat,1
15,15,3.0,1.0,4.0,28.0,1.0,29.0,3.0,Stx17-GFP_dVPS37A_NoTreat_10Pos_1_finalconditions_reducedGFP_488.568_AiryscanProcessing.czi,0.0,1.0,7.0,9.0,6.0,Stx17-GFP,dVPS37A,NoTreat,1
16,16,0.0,0.0,0.0,18.0,0.0,18.0,4.0,Stx17-GFP_dVPS37A_NoTreat_10Pos_1_finalconditions_reducedGFP_488.568_AiryscanProcessing.czi,0.0,1.0,7.0,9.0,6.0,Stx17-GFP,dVPS37A,NoTreat,1
17,17,1.0,0.0,1.0,18.0,0.0,18.0,5.0,Stx17-GFP_dVPS37A_NoTreat_10Pos_1_finalconditions_reducedGFP_488.568_AiryscanProcessing.czi,0.0,1.0,7.0,9.0,6.0,Stx17-GFP,dVPS37A,NoTreat,1
18,18,0.0,0.0,0.0,12.0,0.0,12.0,6.0,Stx17-GFP_dVPS37A_NoTreat_10Pos_1_finalconditions_reducedGFP_488.568_AiryscanProcessing.czi,0.0,1.0,7.0,9.0,6.0,Stx17-GFP,dVPS37A,NoTreat,1
19,19,2.0,0.0,2.0,18.0,0.0,18.0,7.0,Stx17-GFP_dVPS37A_NoTreat_10Pos_1_finalconditions_reducedGFP_488.568_AiryscanProcessing.czi,0.0,1.0,7.0,9.0,6.0,Stx17-GFP,dVPS37A,NoTreat,1
20,20,18.0,1.0,19.0,22.0,1.0,23.0,1.0,Stx17-GFP_dVPS37A_NoTreat_10Pos_1_finalconditions_reducedGFP_488.568_AiryscanProcessing.czi,0.0,1.0,6.0,6.0,7.0,Stx17-GFP,dVPS37A,NoTreat,1
21,21,22.0,1.0,23.0,9.0,1.0,10.0,2.0,Stx17-GFP_dVPS37A_NoTreat_10Pos_1_finalconditions_reducedGFP_488.568_AiryscanProcessing.czi,0.0,1.0,6.0,6.0,7.0,Stx17-GFP,dVPS37A,NoTreat,1
22,22,1.0,0.0,1.0,13.0,0.0,13.0,3.0,Stx17-GFP_dVPS37A_NoTreat_10Pos_1_finalconditions_reducedGFP_488.568_AiryscanProcessing.czi,0.0,1.0,6.0,6.0,7.0,Stx17-GFP,dVPS37A,NoTreat,1
23,23,0.0,0.0,0.0,5.0,0.0,5.0,4.0,Stx17-GFP_dVPS37A_NoTreat_10Pos_1_finalconditions_reducedGFP_488.568_AiryscanProcessing.czi,0.0,1.0,6.0,6.0,7.0,Stx17-GFP,dVPS37A,NoTreat,1
24,24,1.0,0.0,1.0,5.0,0.0,5.0,5.0,Stx17-GFP_dVPS37A_NoTreat_10Pos_1_finalconditions_reducedGFP_488.568_AiryscanProcessing.czi,0.0,1.0,6.0,6.0,7.0,Stx17-GFP,dVPS37A,NoTreat,1
25,25,0.0,0.0,0.0,22.0,0.0,22.0,6.0,Stx17-GFP_dVPS37A_NoTreat_10Pos_1_finalconditions_reducedGFP_488.568_AiryscanProcessing.czi,0.0,1.0,6.0,6.0,7.0,Stx17-GFP,dVPS37A,NoTreat,1
26,26,0.0,0.0,0.0,12.0,0.0,12.0,1.0,Stx17-GFP_dVPS37A_NoTreat_10Pos_1_finalconditions_reducedGFP_488.568_AiryscanProcessing.czi,0.0,0.0,2.0,2.0,8.0,Stx17-GFP,dVPS37A,NoTreat,1
27,27,0.0,0.0,0.0,5.0,0.0,5.0,2.0,Stx17-GFP_dVPS37A_NoTreat_10Pos_1_finalconditions_reducedGFP_488.568_AiryscanProcessing.czi,0.0,0.0,2.0,2.0,8.0,Stx17-GFP,dVPS37A,NoTreat,1
28,28,0.0,0.0,0.0,6.0,0.0,6.0,1.0,Stx17-GFP_dVPS37A_NoTreat_10Pos_1_finalconditions_reducedGFP_488.568_AiryscanProcessing.czi,0.0,1.0,2.0,2.0,9.0,Stx17-GFP,dVPS37A,NoTreat,1
29,29,2.0,0.0,2.0,13.0,0.0,13.0,2.0,Stx17-GFP_dVPS37A_NoTreat_10Pos_1_finalconditions_reducedGFP_488.568_AiryscanProcessing.czi,0.0,1.0,2.0,2.0,9.0,Stx17-GFP,dVPS37A,NoTreat,1
30,30,0.0,0.0,0.0,6.0,0.0,6.0,1.0,Stx17-GFP_dVPS37A_NoTreat_10Pos_1_finalconditions_reducedGFP_488.568_AiryscanProcessing.czi,0.0,1.0,3.0,4.0,10.0,Stx17-GFP,dVPS37A,NoTreat,1
31,31,0.0,0.0,0.0,3.0,0.0,3.0,2.0,Stx17-GFP_dVPS37A_NoTreat_10Pos_1_finalconditions_reducedGFP_488.568_AiryscanProcessing.czi,0.0,1.0,3.0,4.0,10.0,Stx17-GFP,dVPS37A,NoTreat,1
32,32,0.0,0.0,0.0,11.0,0.0,11.0,3.0,Stx17-GFP_dVPS37A_NoTreat_10Pos_1_finalconditions_reducedGFP_488.568_AiryscanProcessing.czi,0.0,1.0,3.0,4.0,10.0,Stx17-GFP,dVPS37A,NoTreat,1
0,0,7.0,3.0,10.0,19.0,1.0,20.0,1.0,Stx17-GFP_dVPS37A_NoTreat_10Pos_2_finalconditions_reducedGFP_488.568_AiryscanProcessing.czi,0.0,1.0,4.0,5.0,1.0,Stx17-GFP,dVPS37A,NoTreat,2
1,1,0.0,0.0,0.0,19.0,0.0,19.0,2.0,Stx17-GFP_dVPS37A_NoTreat_10Pos_2_finalconditions_reducedGFP_488.568_AiryscanProcessing.czi,0.0,1.0,4.0,5.0,1.0,Stx17-GFP,dVPS37A,NoTreat,2
2,2,1.0,0.0,1.0,8.0,0.0,8.0,3.0,Stx17-GFP_dVPS37A_NoTreat_10Pos_2_finalconditions_reducedGFP_488.568_AiryscanProcessing.czi,0.0,1.0,4.0,5.0,1.0,Stx17-GFP,dVPS37A,NoTreat,2
3,3,0.0,1.0,1.0,1.0,0.0,1.0,4.0,Stx17-GFP_dVPS37A_NoTreat_10Pos_2_finalconditions_reducedGFP_488.568_AiryscanProcessing.czi,0.0,1.0,4.0,5.0,1.0,Stx17-GFP,dVPS37A,NoTreat,2
4,4,1.0,2.0,3.0,9.0,2.0,11.0,1.0,Stx17-GFP_dVPS37A_NoTreat_10Pos_2_finalconditions_reducedGFP_488.568_AiryscanProcessing.czi,0.0,0.0,2.0,2.0,2.0,Stx17-GFP,dVPS37A,NoTreat,2
5,5,8.0,0.0,8.0,9.0,0.0,9.0,2.0,Stx17-GFP_dVPS37A_NoTreat_10Pos_2_finalconditions_reducedGFP_488.568_AiryscanProcessing.czi,0.0,0.0,2.0,2.0,2.0,Stx17-GFP,dVPS37A,NoTreat,2
6,6,1.0,1.0,2.0,13.0,1.0,14.0,1.0,Stx17-GFP_dVPS37A_NoTreat_10Pos_2_finalconditions_reducedGFP_488.568_AiryscanProcessing.czi,0.0,1.0,4.0,4.0,3.0,Stx17-GFP,dVPS37A,NoTreat,2
7,7,3.0,1.0,4.0,13.0,1.0,14.0,2.0,Stx17-GFP_dVPS37A_NoTreat_10Pos_2_finalconditions_reducedGFP_488.568_AiryscanProcessing.czi,0.0,1.0,4.0,4.0,3.0,Stx17-GFP,dVPS37A,NoTreat,2
8,8,0.0,0.0,0.0,7.0,0.0,7.0,3.0,Stx17-GFP_dVPS37A_NoTreat_10Pos_2_finalconditions_reducedGFP_488.568_AiryscanProcessing.czi,0.0,1.0,4.0,4.0,3.0,Stx17-GFP,dVPS37A,NoTreat,2
9,9,0.0,0.0,0.0,3.0,0.0,3.0,4.0,Stx17-GFP_dVPS37A_NoTreat_10Pos_2_finalconditions_reducedGFP_488.568_AiryscanProcessing.czi,0.0,1.0,4.0,4.0,3.0,Stx17-GFP,dVPS37A,NoTreat,2
10,10,4.0,0.0,4.0,30.0,0.0,30.0,1.0,Stx17-GFP_dVPS37A_NoTreat_10Pos_2_finalconditions_reducedGFP_488.568_AiryscanProcessing.czi,0.0,0.0,1.0,2.0,4.0,Stx17-GFP,dVPS37A,NoTreat,2
11,11,3.0,0.0,3.0,29.0,0.0,29.0,1.0,Stx17-GFP_dVPS37A_NoTreat_10Pos_2_finalconditions_reducedGFP_488.568_AiryscanProcessing.czi,0.0,0.0,1.0,2.0,5.0,Stx17-GFP,dVPS37A,NoTreat,2
12,12,1.0,1.0,2.0,21.0,1.0,22.0,1.0,Stx17-GFP_dVPS37A_NoTreat_10Pos_2_finalconditions_reducedGFP_488.568_AiryscanProcessing.czi,0.0,0.0,2.0,2.0,6.0,Stx17-GFP,dVPS37A,NoTreat,2
13,13,0.0,0.0,0.0,7.0,0.0,7.0,2.0,Stx17-GFP_dVPS37A_NoTreat_10Pos_2_finalconditions_reducedGFP_488.568_AiryscanProcessing.czi,0.0,0.0,2.0,2.0,6.0,Stx17-GFP,dVPS37A,NoTreat,2
14,14,0.0,0.0,0.0,18.0,0.0,18.0,1.0,Stx17-GFP_dVPS37A_NoTreat_10Pos_2_finalconditions_reducedGFP_488.568_AiryscanProcessing.czi,0.0,0.0,2.0,2.0,7.0,Stx17-GFP,dVPS37A,NoTreat,2
15,15,1.0,1.0,2.0,16.0,1.0,17.0,2.0,Stx17-GFP_dVPS37A_NoTreat_10Pos_2_finalconditions_reducedGFP_488.568_AiryscanProcessing.czi,0.0,0.0,2.0,2.0,7.0,Stx17-GFP,dVPS37A,NoTreat,2
16,16,6.0,1.0,7.0,7.0,1.0,8.0,1.0,Stx17-GFP_dVPS37A_NoTreat_10Pos_2_finalconditions_reducedGFP_488.568_AiryscanProcessing.czi,0.0,0.0,3.0,3.0,8.0,Stx17-GFP,dVPS37A,NoTreat,2
17,17,0.0,0.0,0.0,12.0,0.0,12.0,2.0,Stx17-GFP_dVPS37A_NoTreat_10Pos_2_finalconditions_reducedGFP_488.568_AiryscanProcessing.czi,0.0,0.0,3.0,3.0,8.0,Stx17-GFP,dVPS37A,NoTreat,2
18,18,2.0,0.0,2.0,10.0,0.0,10.0,3.0,Stx17-GFP_dVPS37A_NoTreat_10Pos_2_finalconditions_reducedGFP_488.568_AiryscanProcessing.czi,0.0,0.0,3.0,3.0,8.0,Stx17-GFP,dVPS37A,NoTreat,2
19,19,2.0,2.0,4.0,1.0,1.0,2.0,1.0,Stx17-GFP_dVPS37A_NoTreat_10Pos_2_finalconditions_reducedGFP_488.568_AiryscanProcessing.czi,0.0,0.0,3.0,3.0,9.0,Stx17-GFP,dVPS37A,NoTreat,2
20,20,1.0,3.0,4.0,15.0,3.0,18.0,2.0,Stx17-GFP_dVPS37A_NoTreat_10Pos_2_finalconditions_reducedGFP_488.568_AiryscanProcessing.czi,0.0,0.0,3.0,3.0,9.0,Stx17-GFP,dVPS37A,NoTreat,2
21,21,1.0,1.0,2.0,6.0,1.0,7.0,3.0,Stx17-GFP_dVPS37A_NoTreat_10Pos_2_finalconditions_reducedGFP_488.568_AiryscanProcessing.czi,0.0,0.0,3.0,3.0,9.0,Stx17-GFP,dVPS37A,NoTreat,2
22,22,0.0,4.0,4.0,11.0,6.0,17.0,1.0,Stx17-GFP_dVPS37A_NoTreat_10Pos_2_finalconditions_reducedGFP_488.568_AiryscanProcessing.czi,0.0,0.0,2.0,2.0,10.0,Stx17-GFP,dVPS37A,NoTreat,2
23,23,1.0,7.0,8.0,14.0,8.0,22.0,2.0,Stx17-GFP_dVPS37A_NoTreat_10Pos_2_finalconditions_reducedGFP_488.568_AiryscanProcessing.czi,0.0,0.0,2.0,2.0,10.0,Stx17-GFP,dVPS37A,NoTreat,2
0,0,18.0,0.0,18.0,0.0,0.0,0.0,1.0,Stx17-GFP_dAtg7_Tor_10Pos_finalconditions_reducedGFP_488.568_AiryscanProcessing.czi,0.0,0.0,2.0,2.0,1.0,Stx17-GFP,dAtg7,Tor,finalconditions
1,1,19.0,0.0,19.0,0.0,0.0,0.0,2.0,Stx17-GFP_dAtg7_Tor_10Pos_finalconditions_reducedGFP_488.568_AiryscanProcessing.czi,0.0,0.0,2.0,2.0,1.0,Stx17-GFP,dAtg7,Tor,finalconditions
2,2,4.0,0.0,4.0,0.0,0.0,0.0,1.0,Stx17-GFP_dAtg7_Tor_10Pos_finalconditions_reducedGFP_488.568_AiryscanProcessing.czi,0.0,0.0,1.0,1.0,2.0,Stx17-GFP,dAtg7,Tor,finalconditions
3,3,10.0,0.0,10.0,0.0,0.0,0.0,1.0,Stx17-GFP_dAtg7_Tor_10Pos_finalconditions_reducedGFP_488.568_AiryscanProcessing.czi,0.0,0.0,2.0,2.0,3.0,Stx17-GFP,dAtg7,Tor,finalconditions
4,4,13.0,0.0,13.0,1.0,0.0,1.0,2.0,Stx17-GFP_dAtg7_Tor_10Pos_finalconditions_reducedGFP_488.568_AiryscanProcessing.czi,0.0,0.0,2.0,2.0,3.0,Stx17-GFP,dAtg7,Tor,finalconditions
5,5,14.0,0.0,14.0,0.0,0.0,0.0,1.0,Stx17-GFP_dAtg7_Tor_10Pos_finalconditions_reducedGFP_488.568_AiryscanProcessing.czi,0.0,0.0,4.0,4.0,4.0,Stx17-GFP,dAtg7,Tor,finalconditions
6,6,7.0,0.0,7.0,1.0,0.0,1.0,2.0,Stx17-GFP_dAtg7_Tor_10Pos_finalconditions_reducedGFP_488.568_AiryscanProcessing.czi,0.0,0.0,4.0,4.0,4.0,Stx17-GFP,dAtg7,Tor,finalconditions
7,7,12.0,0.0,12.0,0.0,0.0,0.0,3.0,Stx17-GFP_dAtg7_Tor_10Pos_finalconditions_reducedGFP_488.568_AiryscanProcessing.czi,0.0,0.0,4.0,4.0,4.0,Stx17-GFP,dAtg7,Tor,finalconditions
8,8,15.0,0.0,15.0,0.0,0.0,0.0,4.0,Stx17-GFP_dAtg7_Tor_10Pos_finalconditions_reducedGFP_488.568_AiryscanProcessing.czi,0.0,0.0,4.0,4.0,4.0,Stx17-GFP,dAtg7,Tor,finalconditions
9,9,36.0,0.0,36.0,0.0,0.0,0.0,1.0,Stx17-GFP_dAtg7_Tor_10Pos_finalconditions_reducedGFP_488.568_AiryscanProcessing.czi,0.0,0.0,2.0,2.0,5.0,Stx17-GFP,dAtg7,Tor,finalconditions
10,10,24.0,0.0,24.0,1.0,0.0,1.0,2.0,Stx17-GFP_dAtg7_Tor_10Pos_finalconditions_reducedGFP_488.568_AiryscanProcessing.czi,0.0,0.0,2.0,2.0,5.0,Stx17-GFP,dAtg7,Tor,finalconditions
11,11,16.0,0.0,16.0,1.0,0.0,1.0,1.0,Stx17-GFP_dAtg7_Tor_10Pos_finalconditions_reducedGFP_488.568_AiryscanProcessing.czi,1.0,0.0,2.0,3.0,6.0,Stx17-GFP,dAtg7,Tor,finalconditions
12,12,15.0,0.0,15.0,0.0,0.0,0.0,2.0,Stx17-GFP_dAtg7_Tor_10Pos_finalconditions_reducedGFP_488.568_AiryscanProcessing.czi,1.0,0.0,2.0,3.0,6.0,Stx17-GFP,dAtg7,Tor,finalconditions
13,13,7.0,0.0,7.0,0.0,0.0,0.0,1.0,Stx17-GFP_dAtg7_Tor_10Pos_finalconditions_reducedGFP_488.568_AiryscanProcessing.czi,0.0,1.0,4.0,4.0,7.0,Stx17-GFP,dAtg7,Tor,finalconditions
14,14,8.0,0.0,8.0,0.0,0.0,0.0,2.0,Stx17-GFP_dAtg7_Tor_10Pos_finalconditions_reducedGFP_488.568_AiryscanProcessing.czi,0.0,1.0,4.0,4.0,7.0,Stx17-GFP,dAtg7,Tor,finalconditions
15,15,10.0,0.0,10.0,0.0,0.0,0.0,3.0,Stx17-GFP_dAtg7_Tor_10Pos_finalconditions_reducedGFP_488.568_AiryscanProcessing.czi,0.0,1.0,4.0,4.0,7.0,Stx17-GFP,dAtg7,Tor,finalconditions
16,16,12.0,0.0,12.0,1.0,0.0,1.0,4.0,Stx17-GFP_dAtg7_Tor_10Pos_finalconditions_reducedGFP_488.568_AiryscanProcessing.czi,0.0,1.0,4.0,4.0,7.0,Stx17-GFP,dAtg7,Tor,finalconditions
17,17,27.0,0.0,27.0,0.0,0.0,0.0,1.0,Stx17-GFP_dAtg7_Tor_10Pos_finalconditions_reducedGFP_488.568_AiryscanProcessing.czi,0.0,0.0,2.0,2.0,8.0,Stx17-GFP,dAtg7,Tor,finalconditions
18,18,33.0,0.0,33.0,0.0,0.0,0.0,2.0,Stx17-GFP_dAtg7_Tor_10Pos_finalconditions_reducedGFP_488.568_AiryscanProcessing.czi,0.0,0.0,2.0,2.0,8.0,Stx17-GFP,dAtg7,Tor,finalconditions
19,19,0.0,0.0,0.0,1.0,0.0,1.0,1.0,Stx17-GFP_dAtg7_Tor_10Pos_finalconditions_reducedGFP_488.568_AiryscanProcessing.czi,0.0,1.0,2.0,2.0,9.0,Stx17-GFP,dAtg7,Tor,finalconditions
20,20,0.0,0.0,0.0,0.0,0.0,0.0,2.0,Stx17-GFP_dAtg7_Tor_10Pos_finalconditions_reducedGFP_488.568_AiryscanProcessing.czi,0.0,1.0,2.0,2.0,9.0,Stx17-GFP,dAtg7,Tor,finalconditions
21,21,3.0,0.0,3.0,0.0,0.0,0.0,1.0,Stx17-GFP_dAtg7_Tor_10Pos_finalconditions_reducedGFP_488.568_AiryscanProcessing.czi,0.0,1.0,6.0,6.0,10.0,Stx17-GFP,dAtg7,Tor,finalconditions
22,22,21.0,0.0,21.0,0.0,0.0,0.0,2.0,Stx17-GFP_dAtg7_Tor_10Pos_finalconditions_reducedGFP_488.568_AiryscanProcessing.czi,0.0,1.0,6.0,6.0,10.0,Stx17-GFP,dAtg7,Tor,finalconditions
23,23,32.0,0.0,32.0,1.0,0.0,1.0,3.0,Stx17-GFP_dAtg7_Tor_10Pos_finalconditions_reducedGFP_488.568_AiryscanProcessing.czi,0.0,1.0,6.0,6.0,10.0,Stx17-GFP,dAtg7,Tor,finalconditions
24,24,2.0,0.0,2.0,0.0,0.0,0.0,4.0,Stx17-GFP_dAtg7_Tor_10Pos_finalconditions_reducedGFP_488.568_AiryscanProcessing.czi,0.0,1.0,6.0,6.0,10.0,Stx17-GFP,dAtg7,Tor,finalconditions
25,25,0.0,0.0,0.0,1.0,0.0,1.0,5.0,Stx17-GFP_dAtg7_Tor_10Pos_finalconditions_reducedGFP_488.568_AiryscanProcessing.czi,0.0,1.0,6.0,6.0,10.0,Stx17-GFP,dAtg7,Tor,finalconditions
26,26,1.0,0.0,1.0,0.0,0.0,0.0,6.0,Stx17-GFP_dAtg7_Tor_10Pos_finalconditions_reducedGFP_488.568_AiryscanProcessing.czi,0.0,1.0,6.0,6.0,10.0,Stx17-GFP,dAtg7,Tor,finalconditions
0,0,1.0,0.0,1.0,107.0,0.0,107.0,1.0,Stx17-GFP_dTMEM_NoTreat_10Pos_finalconditions_reducedGFP_488.568_AiryscanProcessing.czi,0.0,0.0,2.0,2.0,1.0,Stx17-GFP,dTMEM,NoTreat,finalconditions
1,1,0.0,0.0,0.0,82.0,0.0,82.0,2.0,Stx17-GFP_dTMEM_NoTreat_10Pos_finalconditions_reducedGFP_488.568_AiryscanProcessing.czi,0.0,0.0,2.0,2.0,1.0,Stx17-GFP,dTMEM,NoTreat,finalconditions
2,2,0.0,0.0,0.0,57.0,0.0,57.0,1.0,Stx17-GFP_dTMEM_NoTreat_10Pos_finalconditions_reducedGFP_488.568_AiryscanProcessing.czi,0.0,1.0,3.0,5.0,2.0,Stx17-GFP,dTMEM,NoTreat,finalconditions
3,3,1.0,0.0,1.0,87.0,0.0,87.0,2.0,Stx17-GFP_dTMEM_NoTreat_10Pos_finalconditions_reducedGFP_488.568_AiryscanProcessing.czi,0.0,1.0,3.0,5.0,2.0,Stx17-GFP,dTMEM,NoTreat,finalconditions
4,4,0.0,0.0,0.0,94.0,0.0,94.0,3.0,Stx17-GFP_dTMEM_NoTreat_10Pos_finalconditions_reducedGFP_488.568_AiryscanProcessing.czi,0.0,1.0,3.0,5.0,2.0,Stx17-GFP,dTMEM,NoTreat,finalconditions
5,5,1.0,2.0,3.0,108.0,4.0,112.0,1.0,Stx17-GFP_dTMEM_NoTreat_10Pos_finalconditions_reducedGFP_488.568_AiryscanProcessing.czi,0.0,1.0,1.0,1.0,3.0,Stx17-GFP,dTMEM,NoTreat,finalconditions
6,6,0.0,1.0,1.0,117.0,1.0,118.0,1.0,Stx17-GFP_dTMEM_NoTreat_10Pos_finalconditions_reducedGFP_488.568_AiryscanProcessing.czi,0.0,1.0,1.0,3.0,4.0,Stx17-GFP,dTMEM,NoTreat,finalconditions
7,7,0.0,0.0,0.0,63.0,0.0,63.0,1.0,Stx17-GFP_dTMEM_NoTreat_10Pos_finalconditions_reducedGFP_488.568_AiryscanProcessing.czi,0.0,1.0,2.0,2.0,5.0,Stx17-GFP,dTMEM,NoTreat,finalconditions
8,8,0.0,0.0,0.0,0.0,0.0,0.0,2.0,Stx17-GFP_dTMEM_NoTreat_10Pos_finalconditions_reducedGFP_488.568_AiryscanProcessing.czi,0.0,1.0,2.0,2.0,5.0,Stx17-GFP,dTMEM,NoTreat,finalconditions
9,9,1.0,0.0,1.0,76.0,0.0,76.0,1.0,Stx17-GFP_dTMEM_NoTreat_10Pos_finalconditions_reducedGFP_488.568_AiryscanProcessing.czi,0.0,0.0,2.0,2.0,6.0,Stx17-GFP,dTMEM,NoTreat,finalconditions
10,10,2.0,0.0,2.0,77.0,0.0,77.0,2.0,Stx17-GFP_dTMEM_NoTreat_10Pos_finalconditions_reducedGFP_488.568_AiryscanProcessing.czi,0.0,0.0,2.0,2.0,6.0,Stx17-GFP,dTMEM,NoTreat,finalconditions
11,11,0.0,1.0,1.0,158.0,1.0,159.0,1.0,Stx17-GFP_dTMEM_NoTreat_10Pos_finalconditions_reducedGFP_488.568_AiryscanProcessing.czi,0.0,0.0,2.0,3.0,7.0,Stx17-GFP,dTMEM,NoTreat,finalconditions
12,12,0.0,1.0,1.0,100.0,1.0,101.0,2.0,Stx17-GFP_dTMEM_NoTreat_10Pos_finalconditions_reducedGFP_488.568_AiryscanProcessing.czi,0.0,0.0,2.0,3.0,7.0,Stx17-GFP,dTMEM,NoTreat,finalconditions
13,13,2.0,0.0,2.0,100.0,0.0,100.0,1.0,Stx17-GFP_dTMEM_NoTreat_10Pos_finalconditions_reducedGFP_488.568_AiryscanProcessing.czi,0.0,0.0,2.0,2.0,8.0,Stx17-GFP,dTMEM,NoTreat,finalconditions
14,14,5.0,0.0,5.0,58.0,0.0,58.0,2.0,Stx17-GFP_dTMEM_NoTreat_10Pos_finalconditions_reducedGFP_488.568_AiryscanProcessing.czi,0.0,0.0,2.0,2.0,8.0,Stx17-GFP,dTMEM,NoTreat,finalconditions
15,15,1.0,0.0,1.0,142.0,0.0,142.0,1.0,Stx17-GFP_dTMEM_NoTreat_10Pos_finalconditions_reducedGFP_488.568_AiryscanProcessing.czi,0.0,1.0,1.0,1.0,9.0,Stx17-GFP,dTMEM,NoTreat,finalconditions
16,16,3.0,0.0,3.0,36.0,0.0,36.0,1.0,Stx17-GFP_dTMEM_NoTreat_10Pos_finalconditions_reducedGFP_488.568_AiryscanProcessing.czi,0.0,0.0,1.0,1.0,10.0,Stx17-GFP,dTMEM,NoTreat,finalconditions
0,0,7.0,9.0,16.0,15.0,17.0,32.0,1.0,Stx17-GFP_dFIP200_NoTreat_10Pos_1_finalconditions_reducedGFP_488.568_AiryscanProcessing.czi,0.0,1.0,1.0,1.0,1.0,Stx17-GFP,dFIP200,NoTreat,1
1,1,1.0,0.0,1.0,1.0,0.0,1.0,1.0,Stx17-GFP_dFIP200_NoTreat_10Pos_1_finalconditions_reducedGFP_488.568_AiryscanProcessing.czi,1.0,1.0,2.0,3.0,2.0,Stx17-GFP,dFIP200,NoTreat,1
2,2,3.0,0.0,3.0,2.0,0.0,2.0,2.0,Stx17-GFP_dFIP200_NoTreat_10Pos_1_finalconditions_reducedGFP_488.568_AiryscanProcessing.czi,1.0,1.0,2.0,3.0,2.0,Stx17-GFP,dFIP200,NoTreat,1
3,3,2.0,0.0,2.0,1.0,0.0,1.0,1.0,Stx17-GFP_dFIP200_NoTreat_10Pos_1_finalconditions_reducedGFP_488.568_AiryscanProcessing.czi,0.0,1.0,4.0,5.0,3.0,Stx17-GFP,dFIP200,NoTreat,1
4,4,21.0,1.0,22.0,2.0,1.0,3.0,2.0,Stx17-GFP_dFIP200_NoTreat_10Pos_1_finalconditions_reducedGFP_488.568_AiryscanProcessing.czi,0.0,1.0,4.0,5.0,3.0,Stx17-GFP,dFIP200,NoTreat,1
5,5,35.0,0.0,35.0,0.0,0.0,0.0,3.0,Stx17-GFP_dFIP200_NoTreat_10Pos_1_finalconditions_reducedGFP_488.568_AiryscanProcessing.czi,0.0,1.0,4.0,5.0,3.0,Stx17-GFP,dFIP200,NoTreat,1
6,6,0.0,0.0,0.0,0.0,0.0,0.0,4.0,Stx17-GFP_dFIP200_NoTreat_10Pos_1_finalconditions_reducedGFP_488.568_AiryscanProcessing.czi,0.0,1.0,4.0,5.0,3.0,Stx17-GFP,dFIP200,NoTreat,1
7,7,0.0,0.0,0.0,0.0,0.0,0.0,1.0,Stx17-GFP_dFIP200_NoTreat_10Pos_1_finalconditions_reducedGFP_488.568_AiryscanProcessing.czi,0.0,1.0,2.0,2.0,4.0,Stx17-GFP,dFIP200,NoTreat,1
8,8,0.0,0.0,0.0,0.0,0.0,0.0,2.0,Stx17-GFP_dFIP200_NoTreat_10Pos_1_finalconditions_reducedGFP_488.568_AiryscanProcessing.czi,0.0,1.0,2.0,2.0,4.0,Stx17-GFP,dFIP200,NoTreat,1
9,9,3.0,0.0,3.0,6.0,0.0,6.0,1.0,Stx17-GFP_dFIP200_NoTreat_10Pos_1_finalconditions_reducedGFP_488.568_AiryscanProcessing.czi,0.0,1.0,2.0,2.0,5.0,Stx17-GFP,dFIP200,NoTreat,1
10,10,5.0,0.0,5.0,28.0,0.0,28.0,2.0,Stx17-GFP_dFIP200_NoTreat_10Pos_1_finalconditions_reducedGFP_488.568_AiryscanProcessing.czi,0.0,1.0,2.0,2.0,5.0,Stx17-GFP,dFIP200,NoTreat,1
11,11,25.0,0.0,25.0,1.0,0.0,1.0,1.0,Stx17-GFP_dFIP200_NoTreat_10Pos_1_finalconditions_reducedGFP_488.568_AiryscanProcessing.czi,1.0,1.0,3.0,3.0,6.0,Stx17-GFP,dFIP200,NoTreat,1
12,12,1.0,0.0,1.0,3.0,0.0,3.0,2.0,Stx17-GFP_dFIP200_NoTreat_10Pos_1_finalconditions_reducedGFP_488.568_AiryscanProcessing.czi,1.0,1.0,3.0,3.0,6.0,Stx17-GFP,dFIP200,NoTreat,1
13,13,0.0,0.0,0.0,0.0,0.0,0.0,3.0,Stx17-GFP_dFIP200_NoTreat_10Pos_1_finalconditions_reducedGFP_488.568_AiryscanProcessing.czi,1.0,1.0,3.0,3.0,6.0,Stx17-GFP,dFIP200,NoTreat,1
14,14,0.0,0.0,0.0,0.0,0.0,0.0,1.0,Stx17-GFP_dFIP200_NoTreat_10Pos_1_finalconditions_reducedGFP_488.568_AiryscanProcessing.czi,0.0,1.0,2.0,2.0,7.0,Stx17-GFP,dFIP200,NoTreat,1
15,15,0.0,0.0,0.0,0.0,0.0,0.0,2.0,Stx17-GFP_dFIP200_NoTreat_10Pos_1_finalconditions_reducedGFP_488.568_AiryscanProcessing.czi,0.0,1.0,2.0,2.0,7.0,Stx17-GFP,dFIP200,NoTreat,1
16,16,0.0,0.0,0.0,0.0,0.0,0.0,1.0,Stx17-GFP_dFIP200_NoTreat_10Pos_1_finalconditions_reducedGFP_488.568_AiryscanProcessing.czi,0.0,1.0,2.0,2.0,8.0,Stx17-GFP,dFIP200,NoTreat,1
17,17,0.0,0.0,0.0,0.0,0.0,0.0,2.0,Stx17-GFP_dFIP200_NoTreat_10Pos_1_finalconditions_reducedGFP_488.568_AiryscanProcessing.czi,0.0,1.0,2.0,2.0,8.0,Stx17-GFP,dFIP200,NoTreat,1
18,18,18.0,0.0,18.0,5.0,0.0,5.0,1.0,Stx17-GFP_dFIP200_NoTreat_10Pos_1_finalconditions_reducedGFP_488.568_AiryscanProcessing.czi,0.0,0.0,3.0,3.0,9.0,Stx17-GFP,dFIP200,NoTreat,1
19,19,8.0,0.0,8.0,5.0,0.0,5.0,2.0,Stx17-GFP_dFIP200_NoTreat_10Pos_1_finalconditions_reducedGFP_488.568_AiryscanProcessing.czi,0.0,0.0,3.0,3.0,9.0,Stx17-GFP,dFIP200,NoTreat,1
20,20,0.0,0.0,0.0,1.0,0.0,1.0,3.0,Stx17-GFP_dFIP200_NoTreat_10Pos_1_finalconditions_reducedGFP_488.568_AiryscanProcessing.czi,0.0,0.0,3.0,3.0,9.0,Stx17-GFP,dFIP200,NoTreat,1
21,21,0.0,0.0,0.0,2.0,0.0,2.0,1.0,Stx17-GFP_dFIP200_NoTreat_10Pos_1_finalconditions_reducedGFP_488.568_AiryscanProcessing.czi,0.0,1.0,4.0,5.0,10.0,Stx17-GFP,dFIP200,NoTreat,1
22,22,1.0,0.0,1.0,13.0,0.0,13.0,2.0,Stx17-GFP_dFIP200_NoTreat_10Pos_1_finalconditions_reducedGFP_488.568_AiryscanProcessing.czi,0.0,1.0,4.0,5.0,10.0,Stx17-GFP,dFIP200,NoTreat,1
23,23,0.0,0.0,0.0,4.0,0.0,4.0,3.0,Stx17-GFP_dFIP200_NoTreat_10Pos_1_finalconditions_reducedGFP_488.568_AiryscanProcessing.czi,0.0,1.0,4.0,5.0,10.0,Stx17-GFP,dFIP200,NoTreat,1
24,24,1.0,0.0,1.0,3.0,0.0,3.0,4.0,Stx17-GFP_dFIP200_NoTreat_10Pos_1_finalconditions_reducedGFP_488.568_AiryscanProcessing.czi,0.0,1.0,4.0,5.0,10.0,Stx17-GFP,dFIP200,NoTreat,1
0,0,11.0,1.0,12.0,13.0,1.0,14.0,1.0,Stx17-GFP_dVPS37A_Tor_10Pos_2_finalconditions_reducedGFP_488.568_AiryscanProcessing.czi,0.0,0.0,2.0,2.0,1.0,Stx17-GFP,dVPS37A,Tor,2
1,1,17.0,6.0,23.0,15.0,6.0,21.0,2.0,Stx17-GFP_dVPS37A_Tor_10Pos_2_finalconditions_reducedGFP_488.568_AiryscanProcessing.czi,0.0,0.0,2.0,2.0,1.0,Stx17-GFP,dVPS37A,Tor,2
2,2,9.0,0.0,9.0,1.0,0.0,1.0,1.0,Stx17-GFP_dVPS37A_Tor_10Pos_2_finalconditions_reducedGFP_488.568_AiryscanProcessing.czi,0.0,0.0,2.0,2.0,2.0,Stx17-GFP,dVPS37A,Tor,2
3,3,10.0,2.0,12.0,8.0,2.0,10.0,2.0,Stx17-GFP_dVPS37A_Tor_10Pos_2_finalconditions_reducedGFP_488.568_AiryscanProcessing.czi,0.0,0.0,2.0,2.0,2.0,Stx17-GFP,dVPS37A,Tor,2
4,4,18.0,0.0,18.0,14.0,0.0,14.0,1.0,Stx17-GFP_dVPS37A_Tor_10Pos_2_finalconditions_reducedGFP_488.568_AiryscanProcessing.czi,0.0,1.0,4.0,4.0,3.0,Stx17-GFP,dVPS37A,Tor,2
5,5,17.0,1.0,18.0,14.0,1.0,15.0,2.0,Stx17-GFP_dVPS37A_Tor_10Pos_2_finalconditions_reducedGFP_488.568_AiryscanProcessing.czi,0.0,1.0,4.0,4.0,3.0,Stx17-GFP,dVPS37A,Tor,2
6,6,0.0,0.0,0.0,36.0,0.0,36.0,3.0,Stx17-GFP_dVPS37A_Tor_10Pos_2_finalconditions_reducedGFP_488.568_AiryscanProcessing.czi,0.0,1.0,4.0,4.0,3.0,Stx17-GFP,dVPS37A,Tor,2
7,7,0.0,0.0,0.0,14.0,0.0,14.0,4.0,Stx17-GFP_dVPS37A_Tor_10Pos_2_finalconditions_reducedGFP_488.568_AiryscanProcessing.czi,0.0,1.0,4.0,4.0,3.0,Stx17-GFP,dVPS37A,Tor,2
8,8,8.0,0.0,8.0,8.0,0.0,8.0,1.0,Stx17-GFP_dVPS37A_Tor_10Pos_2_finalconditions_reducedGFP_488.568_AiryscanProcessing.czi,0.0,0.0,2.0,2.0,4.0,Stx17-GFP,dVPS37A,Tor,2
9,9,13.0,6.0,19.0,9.0,7.0,16.0,2.0,Stx17-GFP_dVPS37A_Tor_10Pos_2_finalconditions_reducedGFP_488.568_AiryscanProcessing.czi,0.0,0.0,2.0,2.0,4.0,Stx17-GFP,dVPS37A,Tor,2
10,10,1.0,3.0,4.0,27.0,3.0,30.0,1.0,Stx17-GFP_dVPS37A_Tor_10Pos_2_finalconditions_reducedGFP_488.568_AiryscanProcessing.czi,0.0,0.0,2.0,2.0,5.0,Stx17-GFP,dVPS37A,Tor,2
11,11,2.0,1.0,3.0,21.0,1.0,22.0,2.0,Stx17-GFP_dVPS37A_Tor_10Pos_2_finalconditions_reducedGFP_488.568_AiryscanProcessing.czi,0.0,0.0,2.0,2.0,5.0,Stx17-GFP,dVPS37A,Tor,2
12,12,14.0,5.0,19.0,16.0,6.0,22.0,1.0,Stx17-GFP_dVPS37A_Tor_10Pos_2_finalconditions_reducedGFP_488.568_AiryscanProcessing.czi,0.0,0.0,2.0,2.0,6.0,Stx17-GFP,dVPS37A,Tor,2
13,13,9.0,3.0,12.0,11.0,4.0,15.0,2.0,Stx17-GFP_dVPS37A_Tor_10Pos_2_finalconditions_reducedGFP_488.568_AiryscanProcessing.czi,0.0,0.0,2.0,2.0,6.0,Stx17-GFP,dVPS37A,Tor,2
14,14,4.0,5.0,9.0,14.0,5.0,19.0,1.0,Stx17-GFP_dVPS37A_Tor_10Pos_2_finalconditions_reducedGFP_488.568_AiryscanProcessing.czi,0.0,0.0,2.0,2.0,7.0,Stx17-GFP,dVPS37A,Tor,2
15,15,4.0,5.0,9.0,41.0,5.0,46.0,2.0,Stx17-GFP_dVPS37A_Tor_10Pos_2_finalconditions_reducedGFP_488.568_AiryscanProcessing.czi,0.0,0.0,2.0,2.0,7.0,Stx17-GFP,dVPS37A,Tor,2
16,16,4.0,1.0,5.0,14.0,1.0,15.0,1.0,Stx17-GFP_dVPS37A_Tor_10Pos_2_finalconditions_reducedGFP_488.568_AiryscanProcessing.czi,0.0,1.0,2.0,3.0,8.0,Stx17-GFP,dVPS37A,Tor,2
17,17,11.0,6.0,17.0,34.0,6.0,40.0,2.0,Stx17-GFP_dVPS37A_Tor_10Pos_2_finalconditions_reducedGFP_488.568_AiryscanProcessing.czi,0.0,1.0,2.0,3.0,8.0,Stx17-GFP,dVPS37A,Tor,2
18,18,3.0,0.0,3.0,7.0,0.0,7.0,1.0,Stx17-GFP_dVPS37A_Tor_10Pos_2_finalconditions_reducedGFP_488.568_AiryscanProcessing.czi,0.0,0.0,2.0,2.0,9.0,Stx17-GFP,dVPS37A,Tor,2
19,19,3.0,0.0,3.0,13.0,0.0,13.0,2.0,Stx17-GFP_dVPS37A_Tor_10Pos_2_finalconditions_reducedGFP_488.568_AiryscanProcessing.czi,0.0,0.0,2.0,2.0,9.0,Stx17-GFP,dVPS37A,Tor,2
20,20,14.0,4.0,18.0,25.0,3.0,28.0,1.0,Stx17-GFP_dVPS37A_Tor_10Pos_2_finalconditions_reducedGFP_488.568_AiryscanProcessing.czi,0.0,0.0,2.0,2.0,10.0,Stx17-GFP,dVPS37A,Tor,2
21,21,21.0,4.0,25.0,27.0,3.0,30.0,2.0,Stx17-GFP_dVPS37A_Tor_10Pos_2_finalconditions_reducedGFP_488.568_AiryscanProcessing.czi,0.0,0.0,2.0,2.0,10.0,Stx17-GFP,dVPS37A,Tor,2
0,0,59.0,0.0,59.0,1.0,0.0,1.0,1.0,Stx17-GFP_dAtg7_NoTreat_10Pos_1_finalconditions_reducedGFP_488.568_AiryscanProcessing.czi,0.0,0.0,4.0,5.0,1.0,Stx17-GFP,dAtg7,NoTreat,1
1,1,12.0,0.0,12.0,0.0,0.0,0.0,2.0,Stx17-GFP_dAtg7_NoTreat_10Pos_1_finalconditions_reducedGFP_488.568_AiryscanProcessing.czi,0.0,0.0,4.0,5.0,1.0,Stx17-GFP,dAtg7,NoTreat,1
2,2,26.0,0.0,26.0,0.0,0.0,0.0,3.0,Stx17-GFP_dAtg7_NoTreat_10Pos_1_finalconditions_reducedGFP_488.568_AiryscanProcessing.czi,0.0,0.0,4.0,5.0,1.0,Stx17-GFP,dAtg7,NoTreat,1
3,3,23.0,0.0,23.0,3.0,0.0,3.0,4.0,Stx17-GFP_dAtg7_NoTreat_10Pos_1_finalconditions_reducedGFP_488.568_AiryscanProcessing.czi,0.0,0.0,4.0,5.0,1.0,Stx17-GFP,dAtg7,NoTreat,1
4,4,25.0,0.0,25.0,4.0,0.0,4.0,1.0,Stx17-GFP_dAtg7_NoTreat_10Pos_1_finalconditions_reducedGFP_488.568_AiryscanProcessing.czi,0.0,0.0,3.0,4.0,2.0,Stx17-GFP,dAtg7,NoTreat,1
5,5,3.0,0.0,3.0,2.0,0.0,2.0,2.0,Stx17-GFP_dAtg7_NoTreat_10Pos_1_finalconditions_reducedGFP_488.568_AiryscanProcessing.czi,0.0,0.0,3.0,4.0,2.0,Stx17-GFP,dAtg7,NoTreat,1
6,6,12.0,0.0,12.0,2.0,0.0,2.0,3.0,Stx17-GFP_dAtg7_NoTreat_10Pos_1_finalconditions_reducedGFP_488.568_AiryscanProcessing.czi,0.0,0.0,3.0,4.0,2.0,Stx17-GFP,dAtg7,NoTreat,1
7,7,24.0,0.0,24.0,4.0,0.0,4.0,1.0,Stx17-GFP_dAtg7_NoTreat_10Pos_1_finalconditions_reducedGFP_488.568_AiryscanProcessing.czi,0.0,0.0,2.0,2.0,3.0,Stx17-GFP,dAtg7,NoTreat,1
8,8,28.0,0.0,28.0,2.0,0.0,2.0,2.0,Stx17-GFP_dAtg7_NoTreat_10Pos_1_finalconditions_reducedGFP_488.568_AiryscanProcessing.czi,0.0,0.0,2.0,2.0,3.0,Stx17-GFP,dAtg7,NoTreat,1
9,9,19.0,0.0,19.0,4.0,0.0,4.0,1.0,Stx17-GFP_dAtg7_NoTreat_10Pos_1_finalconditions_reducedGFP_488.568_AiryscanProcessing.czi,0.0,0.0,2.0,2.0,4.0,Stx17-GFP,dAtg7,NoTreat,1
10,10,22.0,0.0,22.0,1.0,0.0,1.0,2.0,Stx17-GFP_dAtg7_NoTreat_10Pos_1_finalconditions_reducedGFP_488.568_AiryscanProcessing.czi,0.0,0.0,2.0,2.0,4.0,Stx17-GFP,dAtg7,NoTreat,1
11,11,7.0,0.0,7.0,1.0,0.0,1.0,1.0,Stx17-GFP_dAtg7_NoTreat_10Pos_1_finalconditions_reducedGFP_488.568_AiryscanProcessing.czi,0.0,0.0,2.0,2.0,5.0,Stx17-GFP,dAtg7,NoTreat,1
12,12,30.0,0.0,30.0,0.0,0.0,0.0,2.0,Stx17-GFP_dAtg7_NoTreat_10Pos_1_finalconditions_reducedGFP_488.568_AiryscanProcessing.czi,0.0,0.0,2.0,2.0,5.0,Stx17-GFP,dAtg7,NoTreat,1
13,13,20.0,0.0,20.0,0.0,0.0,0.0,1.0,Stx17-GFP_dAtg7_NoTreat_10Pos_1_finalconditions_reducedGFP_488.568_AiryscanProcessing.czi,0.0,0.0,3.0,3.0,6.0,Stx17-GFP,dAtg7,NoTreat,1
14,14,6.0,0.0,6.0,1.0,0.0,1.0,2.0,Stx17-GFP_dAtg7_NoTreat_10Pos_1_finalconditions_reducedGFP_488.568_AiryscanProcessing.czi,0.0,0.0,3.0,3.0,6.0,Stx17-GFP,dAtg7,NoTreat,1
15,15,16.0,0.0,16.0,1.0,0.0,1.0,3.0,Stx17-GFP_dAtg7_NoTreat_10Pos_1_finalconditions_reducedGFP_488.568_AiryscanProcessing.czi,0.0,0.0,3.0,3.0,6.0,Stx17-GFP,dAtg7,NoTreat,1
16,16,9.0,0.0,9.0,0.0,0.0,0.0,1.0,Stx17-GFP_dAtg7_NoTreat_10Pos_1_finalconditions_reducedGFP_488.568_AiryscanProcessing.czi,0.0,1.0,3.0,3.0,7.0,Stx17-GFP,dAtg7,NoTreat,1
17,17,13.0,0.0,13.0,1.0,0.0,1.0,2.0,Stx17-GFP_dAtg7_NoTreat_10Pos_1_finalconditions_reducedGFP_488.568_AiryscanProcessing.czi,0.0,1.0,3.0,3.0,7.0,Stx17-GFP,dAtg7,NoTreat,1
18,18,10.0,0.0,10.0,1.0,0.0,1.0,3.0,Stx17-GFP_dAtg7_NoTreat_10Pos_1_finalconditions_reducedGFP_488.568_AiryscanProcessing.czi,0.0,1.0,3.0,3.0,7.0,Stx17-GFP,dAtg7,NoTreat,1
19,19,0.0,0.0,0.0,0.0,0.0,0.0,1.0,Stx17-GFP_dAtg7_NoTreat_10Pos_1_finalconditions_reducedGFP_488.568_AiryscanProcessing.czi,0.0,0.0,3.0,3.0,8.0,Stx17-GFP,dAtg7,NoTreat,1
20,20,16.0,0.0,16.0,0.0,0.0,0.0,2.0,Stx17-GFP_dAtg7_NoTreat_10Pos_1_finalconditions_reducedGFP_488.568_AiryscanProcessing.czi,0.0,0.0,3.0,3.0,8.0,Stx17-GFP,dAtg7,NoTreat,1
21,21,6.0,0.0,6.0,0.0,0.0,0.0,3.0,Stx17-GFP_dAtg7_NoTreat_10Pos_1_finalconditions_reducedGFP_488.568_AiryscanProcessing.czi,0.0,0.0,3.0,3.0,8.0,Stx17-GFP,dAtg7,NoTreat,1
22,22,20.0,0.0,20.0,1.0,0.0,1.0,1.0,Stx17-GFP_dAtg7_NoTreat_10Pos_1_finalconditions_reducedGFP_488.568_AiryscanProcessing.czi,0.0,0.0,3.0,3.0,9.0,Stx17-GFP,dAtg7,NoTreat,1
23,23,3.0,0.0,3.0,2.0,0.0,2.0,2.0,Stx17-GFP_dAtg7_NoTreat_10Pos_1_finalconditions_reducedGFP_488.568_AiryscanProcessing.czi,0.0,0.0,3.0,3.0,9.0,Stx17-GFP,dAtg7,NoTreat,1
24,24,5.0,0.0,5.0,2.0,0.0,2.0,3.0,Stx17-GFP_dAtg7_NoTreat_10Pos_1_finalconditions_reducedGFP_488.568_AiryscanProcessing.czi,0.0,0.0,3.0,3.0,9.0,Stx17-GFP,dAtg7,NoTreat,1
25,25,34.0,0.0,34.0,2.0,0.0,2.0,1.0,Stx17-GFP_dAtg7_NoTreat_10Pos_1_finalconditions_reducedGFP_488.568_AiryscanProcessing.czi,0.0,0.0,3.0,3.0,10.0,Stx17-GFP,dAtg7,NoTreat,1
26,26,16.0,0.0,16.0,0.0,0.0,0.0,2.0,Stx17-GFP_dAtg7_NoTreat_10Pos_1_finalconditions_reducedGFP_488.568_AiryscanProcessing.czi,0.0,0.0,3.0,3.0,10.0,Stx17-GFP,dAtg7,NoTreat,1
27,27,10.0,0.0,10.0,0.0,0.0,0.0,3.0,Stx17-GFP_dAtg7_NoTreat_10Pos_1_finalconditions_reducedGFP_488.568_AiryscanProcessing.czi,0.0,0.0,3.0,3.0,10.0,Stx17-GFP,dAtg7,NoTreat,1
0,0,0.0,0.0,0.0,143.0,0.0,143.0,1.0,Stx17-GFP_dTMEM_NoTreat_10Pos_3_finalconditions_reducedGFP_488.568_AiryscanProcessing.czi,0.0,1.0,4.0,6.0,1.0,Stx17-GFP,dTMEM,NoTreat,3
1,1,0.0,0.0,0.0,148.0,0.0,148.0,2.0,Stx17-GFP_dTMEM_NoTreat_10Pos_3_finalconditions_reducedGFP_488.568_AiryscanProcessing.czi,0.0,1.0,4.0,6.0,1.0,Stx17-GFP,dTMEM,NoTreat,3
2,2,19.0,2.0,21.0,202.0,2.0,204.0,3.0,Stx17-GFP_dTMEM_NoTreat_10Pos_3_finalconditions_reducedGFP_488.568_AiryscanProcessing.czi,0.0,1.0,4.0,6.0,1.0,Stx17-GFP,dTMEM,NoTreat,3
3,3,0.0,0.0,0.0,88.0,0.0,88.0,4.0,Stx17-GFP_dTMEM_NoTreat_10Pos_3_finalconditions_reducedGFP_488.568_AiryscanProcessing.czi,0.0,1.0,4.0,6.0,1.0,Stx17-GFP,dTMEM,NoTreat,3
4,4,0.0,0.0,0.0,127.0,0.0,127.0,1.0,Stx17-GFP_dTMEM_NoTreat_10Pos_3_finalconditions_reducedGFP_488.568_AiryscanProcessing.czi,0.0,1.0,2.0,3.0,2.0,Stx17-GFP,dTMEM,NoTreat,3
5,5,2.0,0.0,2.0,101.0,0.0,101.0,2.0,Stx17-GFP_dTMEM_NoTreat_10Pos_3_finalconditions_reducedGFP_488.568_AiryscanProcessing.czi,0.0,1.0,2.0,3.0,2.0,Stx17-GFP,dTMEM,NoTreat,3
6,6,0.0,0.0,0.0,154.0,0.0,154.0,1.0,Stx17-GFP_dTMEM_NoTreat_10Pos_3_finalconditions_reducedGFP_488.568_AiryscanProcessing.czi,0.0,1.0,1.0,2.0,3.0,Stx17-GFP,dTMEM,NoTreat,3
7,7,0.0,0.0,0.0,90.0,0.0,90.0,1.0,Stx17-GFP_dTMEM_NoTreat_10Pos_3_finalconditions_reducedGFP_488.568_AiryscanProcessing.czi,0.0,1.0,4.0,6.0,4.0,Stx17-GFP,dTMEM,NoTreat,3
8,8,0.0,0.0,0.0,74.0,0.0,74.0,2.0,Stx17-GFP_dTMEM_NoTreat_10Pos_3_finalconditions_reducedGFP_488.568_AiryscanProcessing.czi,0.0,1.0,4.0,6.0,4.0,Stx17-GFP,dTMEM,NoTreat,3
9,9,28.0,0.0,28.0,6.0,0.0,6.0,3.0,Stx17-GFP_dTMEM_NoTreat_10Pos_3_finalconditions_reducedGFP_488.568_AiryscanProcessing.czi,0.0,1.0,4.0,6.0,4.0,Stx17-GFP,dTMEM,NoTreat,3
10,10,0.0,0.0,0.0,120.0,0.0,120.0,4.0,Stx17-GFP_dTMEM_NoTreat_10Pos_3_finalconditions_reducedGFP_488.568_AiryscanProcessing.czi,0.0,1.0,4.0,6.0,4.0,Stx17-GFP,dTMEM,NoTreat,3
11,11,1.0,0.0,1.0,119.0,0.0,119.0,1.0,Stx17-GFP_dTMEM_NoTreat_10Pos_3_finalconditions_reducedGFP_488.568_AiryscanProcessing.czi,0.0,1.0,4.0,4.0,5.0,Stx17-GFP,dTMEM,NoTreat,3
12,12,0.0,0.0,0.0,130.0,0.0,130.0,2.0,Stx17-GFP_dTMEM_NoTreat_10Pos_3_finalconditions_reducedGFP_488.568_AiryscanProcessing.czi,0.0,1.0,4.0,4.0,5.0,Stx17-GFP,dTMEM,NoTreat,3
13,13,5.0,0.0,5.0,105.0,0.0,105.0,3.0,Stx17-GFP_dTMEM_NoTreat_10Pos_3_finalconditions_reducedGFP_488.568_AiryscanProcessing.czi,0.0,1.0,4.0,4.0,5.0,Stx17-GFP,dTMEM,NoTreat,3
14,14,5.0,0.0,5.0,81.0,0.0,81.0,4.0,Stx17-GFP_dTMEM_NoTreat_10Pos_3_finalconditions_reducedGFP_488.568_AiryscanProcessing.czi,0.0,1.0,4.0,4.0,5.0,Stx17-GFP,dTMEM,NoTreat,3
15,15,0.0,0.0,0.0,145.0,0.0,145.0,1.0,Stx17-GFP_dTMEM_NoTreat_10Pos_3_finalconditions_reducedGFP_488.568_AiryscanProcessing.czi,0.0,1.0,1.0,2.0,6.0,Stx17-GFP,dTMEM,NoTreat,3
16,16,2.0,0.0,2.0,216.0,0.0,216.0,1.0,Stx17-GFP_dTMEM_NoTreat_10Pos_3_finalconditions_reducedGFP_488.568_AiryscanProcessing.czi,0.0,0.0,2.0,2.0,7.0,Stx17-GFP,dTMEM,NoTreat,3
17,17,0.0,0.0,0.0,185.0,0.0,185.0,2.0,Stx17-GFP_dTMEM_NoTreat_10Pos_3_finalconditions_reducedGFP_488.568_AiryscanProcessing.czi,0.0,0.0,2.0,2.0,7.0,Stx17-GFP,dTMEM,NoTreat,3
18,18,0.0,0.0,0.0,135.0,0.0,135.0,1.0,Stx17-GFP_dTMEM_NoTreat_10Pos_3_finalconditions_reducedGFP_488.568_AiryscanProcessing.czi,0.0,1.0,3.0,4.0,8.0,Stx17-GFP,dTMEM,NoTreat,3
19,19,1.0,0.0,1.0,130.0,0.0,130.0,2.0,Stx17-GFP_dTMEM_NoTreat_10Pos_3_finalconditions_reducedGFP_488.568_AiryscanProcessing.czi,0.0,1.0,3.0,4.0,8.0,Stx17-GFP,dTMEM,NoTreat,3
20,20,6.0,1.0,7.0,212.0,1.0,213.0,3.0,Stx17-GFP_dTMEM_NoTreat_10Pos_3_finalconditions_reducedGFP_488.568_AiryscanProcessing.czi,0.0,1.0,3.0,4.0,8.0,Stx17-GFP,dTMEM,NoTreat,3
21,21,0.0,0.0,0.0,43.0,0.0,43.0,1.0,Stx17-GFP_dTMEM_NoTreat_10Pos_3_finalconditions_reducedGFP_488.568_AiryscanProcessing.czi,0.0,0.0,2.0,2.0,9.0,Stx17-GFP,dTMEM,NoTreat,3
22,22,0.0,0.0,0.0,72.0,0.0,72.0,2.0,Stx17-GFP_dTMEM_NoTreat_10Pos_3_finalconditions_reducedGFP_488.568_AiryscanProcessing.czi,0.0,0.0,2.0,2.0,9.0,Stx17-GFP,dTMEM,NoTreat,3
23,23,0.0,0.0,0.0,49.0,0.0,49.0,1.0,Stx17-GFP_dTMEM_NoTreat_10Pos_3_finalconditions_reducedGFP_488.568_AiryscanProcessing.czi,0.0,0.0,1.0,1.0,10.0,Stx17-GFP,dTMEM,NoTreat,3
0,0,0.0,0.0,0.0,2.0,0.0,2.0,1.0,Stx17-GFP_dFIP200_Tor_10Pos_finalconditions_reducedGFP_488.568_AiryscanProcessing.czi,0.0,1.0,3.0,3.0,1.0,Stx17-GFP,dFIP200,Tor,finalconditions
1,1,1.0,0.0,1.0,0.0,0.0,0.0,2.0,Stx17-GFP_dFIP200_Tor_10Pos_finalconditions_reducedGFP_488.568_AiryscanProcessing.czi,0.0,1.0,3.0,3.0,1.0,Stx17-GFP,dFIP200,Tor,finalconditions
2,2,3.0,0.0,3.0,0.0,0.0,0.0,3.0,Stx17-GFP_dFIP200_Tor_10Pos_finalconditions_reducedGFP_488.568_AiryscanProcessing.czi,0.0,1.0,3.0,3.0,1.0,Stx17-GFP,dFIP200,Tor,finalconditions
3,3,0.0,0.0,0.0,0.0,0.0,0.0,1.0,Stx17-GFP_dFIP200_Tor_10Pos_finalconditions_reducedGFP_488.568_AiryscanProcessing.czi,0.0,0.0,2.0,2.0,2.0,Stx17-GFP,dFIP200,Tor,finalconditions
4,4,0.0,0.0,0.0,0.0,0.0,0.0,2.0,Stx17-GFP_dFIP200_Tor_10Pos_finalconditions_reducedGFP_488.568_AiryscanProcessing.czi,0.0,0.0,2.0,2.0,2.0,Stx17-GFP,dFIP200,Tor,finalconditions
5,5,26.0,0.0,26.0,0.0,0.0,0.0,1.0,Stx17-GFP_dFIP200_Tor_10Pos_finalconditions_reducedGFP_488.568_AiryscanProcessing.czi,0.0,1.0,2.0,2.0,3.0,Stx17-GFP,dFIP200,Tor,finalconditions
6,6,0.0,0.0,0.0,6.0,0.0,6.0,2.0,Stx17-GFP_dFIP200_Tor_10Pos_finalconditions_reducedGFP_488.568_AiryscanProcessing.czi,0.0,1.0,2.0,2.0,3.0,Stx17-GFP,dFIP200,Tor,finalconditions
7,7,0.0,0.0,0.0,0.0,0.0,0.0,1.0,Stx17-GFP_dFIP200_Tor_10Pos_finalconditions_reducedGFP_488.568_AiryscanProcessing.czi,0.0,1.0,3.0,3.0,4.0,Stx17-GFP,dFIP200,Tor,finalconditions
8,8,0.0,0.0,0.0,0.0,0.0,0.0,2.0,Stx17-GFP_dFIP200_Tor_10Pos_finalconditions_reducedGFP_488.568_AiryscanProcessing.czi,0.0,1.0,3.0,3.0,4.0,Stx17-GFP,dFIP200,Tor,finalconditions
9,9,5.0,0.0,5.0,1.0,0.0,1.0,3.0,Stx17-GFP_dFIP200_Tor_10Pos_finalconditions_reducedGFP_488.568_AiryscanProcessing.czi,0.0,1.0,3.0,3.0,4.0,Stx17-GFP,dFIP200,Tor,finalconditions
10,10,1.0,0.0,1.0,1.0,0.0,1.0,1.0,Stx17-GFP_dFIP200_Tor_10Pos_finalconditions_reducedGFP_488.568_AiryscanProcessing.czi,0.0,0.0,3.0,3.0,5.0,Stx17-GFP,dFIP200,Tor,finalconditions
11,11,3.0,0.0,3.0,0.0,0.0,0.0,2.0,Stx17-GFP_dFIP200_Tor_10Pos_finalconditions_reducedGFP_488.568_AiryscanProcessing.czi,0.0,0.0,3.0,3.0,5.0,Stx17-GFP,dFIP200,Tor,finalconditions
12,12,4.0,0.0,4.0,3.0,0.0,3.0,3.0,Stx17-GFP_dFIP200_Tor_10Pos_finalconditions_reducedGFP_488.568_AiryscanProcessing.czi,0.0,0.0,3.0,3.0,5.0,Stx17-GFP,dFIP200,Tor,finalconditions
13,13,0.0,0.0,0.0,1.0,0.0,1.0,1.0,Stx17-GFP_dFIP200_Tor_10Pos_finalconditions_reducedGFP_488.568_AiryscanProcessing.czi,0.0,0.0,2.0,4.0,6.0,Stx17-GFP,dFIP200,Tor,finalconditions
14,14,1.0,0.0,1.0,0.0,0.0,0.0,2.0,Stx17-GFP_dFIP200_Tor_10Pos_finalconditions_reducedGFP_488.568_AiryscanProcessing.czi,0.0,0.0,2.0,4.0,6.0,Stx17-GFP,dFIP200,Tor,finalconditions
15,15,0.0,0.0,0.0,0.0,0.0,0.0,1.0,Stx17-GFP_dFIP200_Tor_10Pos_finalconditions_reducedGFP_488.568_AiryscanProcessing.czi,0.0,0.0,2.0,2.0,7.0,Stx17-GFP,dFIP200,Tor,finalconditions
16,16,1.0,0.0,1.0,0.0,0.0,0.0,2.0,Stx17-GFP_dFIP200_Tor_10Pos_finalconditions_reducedGFP_488.568_AiryscanProcessing.czi,0.0,0.0,2.0,2.0,7.0,Stx17-GFP,dFIP200,Tor,finalconditions
17,17,83.0,0.0,83.0,1.0,0.0,1.0,1.0,Stx17-GFP_dFIP200_Tor_10Pos_finalconditions_reducedGFP_488.568_AiryscanProcessing.czi,0.0,0.0,2.0,3.0,8.0,Stx17-GFP,dFIP200,Tor,finalconditions
18,18,4.0,0.0,4.0,2.0,0.0,2.0,2.0,Stx17-GFP_dFIP200_Tor_10Pos_finalconditions_reducedGFP_488.568_AiryscanProcessing.czi,0.0,0.0,2.0,3.0,8.0,Stx17-GFP,dFIP200,Tor,finalconditions
19,19,2.0,0.0,2.0,1.0,0.0,1.0,1.0,Stx17-GFP_dFIP200_Tor_10Pos_finalconditions_reducedGFP_488.568_AiryscanProcessing.czi,0.0,0.0,2.0,2.0,9.0,Stx17-GFP,dFIP200,Tor,finalconditions
20,20,0.0,0.0,0.0,0.0,0.0,0.0,2.0,Stx17-GFP_dFIP200_Tor_10Pos_finalconditions_reducedGFP_488.568_AiryscanProcessing.czi,0.0,0.0,2.0,2.0,9.0,Stx17-GFP,dFIP200,Tor,finalconditions
21,21,2.0,0.0,2.0,3.0,0.0,3.0,1.0,Stx17-GFP_dFIP200_Tor_10Pos_finalconditions_reducedGFP_488.568_AiryscanProcessing.czi,0.0,0.0,2.0,2.0,10.0,Stx17-GFP,dFIP200,Tor,finalconditions
22,22,0.0,0.0,0.0,2.0,0.0,2.0,2.0,Stx17-GFP_dFIP200_Tor_10Pos_finalconditions_reducedGFP_488.568_AiryscanProcessing.czi,0.0,0.0,2.0,2.0,10.0,Stx17-GFP,dFIP200,Tor,finalconditions
0,0,20.0,0.0,20.0,0.0,0.0,0.0,1.0,Stx17-GFP_dAtg7_Tor_11Pos_finalconditions_reducedGFP_488.568_AiryscanProcessing.czi,0.0,0.0,2.0,2.0,1.0,Stx17-GFP,dAtg7,Tor,finalconditions
1,1,22.0,0.0,22.0,0.0,0.0,0.0,2.0,Stx17-GFP_dAtg7_Tor_11Pos_finalconditions_reducedGFP_488.568_AiryscanProcessing.czi,0.0,0.0,2.0,2.0,1.0,Stx17-GFP,dAtg7,Tor,finalconditions
2,2,17.0,0.0,17.0,1.0,0.0,1.0,1.0,Stx17-GFP_dAtg7_Tor_11Pos_finalconditions_reducedGFP_488.568_AiryscanProcessing.czi,0.0,0.0,3.0,5.0,2.0,Stx17-GFP,dAtg7,Tor,finalconditions
3,3,23.0,0.0,23.0,2.0,0.0,2.0,2.0,Stx17-GFP_dAtg7_Tor_11Pos_finalconditions_reducedGFP_488.568_AiryscanProcessing.czi,0.0,0.0,3.0,5.0,2.0,Stx17-GFP,dAtg7,Tor,finalconditions
4,4,50.0,0.0,50.0,0.0,0.0,0.0,3.0,Stx17-GFP_dAtg7_Tor_11Pos_finalconditions_reducedGFP_488.568_AiryscanProcessing.czi,0.0,0.0,3.0,5.0,2.0,Stx17-GFP,dAtg7,Tor,finalconditions
5,5,7.0,0.0,7.0,4.0,0.0,4.0,1.0,Stx17-GFP_dAtg7_Tor_11Pos_finalconditions_reducedGFP_488.568_AiryscanProcessing.czi,0.0,0.0,2.0,2.0,3.0,Stx17-GFP,dAtg7,Tor,finalconditions
6,6,29.0,0.0,29.0,0.0,0.0,0.0,2.0,Stx17-GFP_dAtg7_Tor_11Pos_finalconditions_reducedGFP_488.568_AiryscanProcessing.czi,0.0,0.0,2.0,2.0,3.0,Stx17-GFP,dAtg7,Tor,finalconditions
7,7,14.0,0.0,14.0,0.0,0.0,0.0,1.0,Stx17-GFP_dAtg7_Tor_11Pos_finalconditions_reducedGFP_488.568_AiryscanProcessing.czi,0.0,0.0,2.0,4.0,4.0,Stx17-GFP,dAtg7,Tor,finalconditions
8,8,15.0,0.0,15.0,0.0,0.0,0.0,2.0,Stx17-GFP_dAtg7_Tor_11Pos_finalconditions_reducedGFP_488.568_AiryscanProcessing.czi,0.0,0.0,2.0,4.0,4.0,Stx17-GFP,dAtg7,Tor,finalconditions
9,9,22.0,0.0,22.0,0.0,0.0,0.0,1.0,Stx17-GFP_dAtg7_Tor_11Pos_finalconditions_reducedGFP_488.568_AiryscanProcessing.czi,0.0,0.0,1.0,1.0,5.0,Stx17-GFP,dAtg7,Tor,finalconditions
10,10,12.0,0.0,12.0,0.0,0.0,0.0,1.0,Stx17-GFP_dAtg7_Tor_11Pos_finalconditions_reducedGFP_488.568_AiryscanProcessing.czi,0.0,0.0,2.0,2.0,6.0,Stx17-GFP,dAtg7,Tor,finalconditions
11,11,21.0,0.0,21.0,0.0,0.0,0.0,2.0,Stx17-GFP_dAtg7_Tor_11Pos_finalconditions_reducedGFP_488.568_AiryscanProcessing.czi,0.0,0.0,2.0,2.0,6.0,Stx17-GFP,dAtg7,Tor,finalconditions
12,12,18.0,0.0,18.0,0.0,0.0,0.0,1.0,Stx17-GFP_dAtg7_Tor_11Pos_finalconditions_reducedGFP_488.568_AiryscanProcessing.czi,0.0,0.0,2.0,2.0,7.0,Stx17-GFP,dAtg7,Tor,finalconditions
13,13,18.0,0.0,18.0,0.0,0.0,0.0,2.0,Stx17-GFP_dAtg7_Tor_11Pos_finalconditions_reducedGFP_488.568_AiryscanProcessing.czi,0.0,0.0,2.0,2.0,7.0,Stx17-GFP,dAtg7,Tor,finalconditions
14,14,13.0,0.0,13.0,0.0,0.0,0.0,1.0,Stx17-GFP_dAtg7_Tor_11Pos_finalconditions_reducedGFP_488.568_AiryscanProcessing.czi,0.0,0.0,2.0,2.0,8.0,Stx17-GFP,dAtg7,Tor,finalconditions
15,15,11.0,0.0,11.0,1.0,0.0,1.0,2.0,Stx17-GFP_dAtg7_Tor_11Pos_finalconditions_reducedGFP_488.568_AiryscanProcessing.czi,0.0,0.0,2.0,2.0,8.0,Stx17-GFP,dAtg7,Tor,finalconditions
16,16,16.0,0.0,16.0,4.0,0.0,4.0,1.0,Stx17-GFP_dAtg7_Tor_11Pos_finalconditions_reducedGFP_488.568_AiryscanProcessing.czi,0.0,0.0,1.0,1.0,9.0,Stx17-GFP,dAtg7,Tor,finalconditions
17,17,17.0,0.0,17.0,1.0,0.0,1.0,1.0,Stx17-GFP_dAtg7_Tor_11Pos_finalconditions_reducedGFP_488.568_AiryscanProcessing.czi,0.0,0.0,2.0,3.0,10.0,Stx17-GFP,dAtg7,Tor,finalconditions
18,18,13.0,0.0,13.0,4.0,0.0,4.0,2.0,Stx17-GFP_dAtg7_Tor_11Pos_finalconditions_reducedGFP_488.568_AiryscanProcessing.czi,0.0,0.0,2.0,3.0,10.0,Stx17-GFP,dAtg7,Tor,finalconditions
19,19,12.0,0.0,12.0,0.0,0.0,0.0,1.0,Stx17-GFP_dAtg7_Tor_11Pos_finalconditions_reducedGFP_488.568_AiryscanProcessing.czi,0.0,0.0,6.0,6.0,11.0,Stx17-GFP,dAtg7,Tor,finalconditions
20,20,29.0,0.0,29.0,0.0,0.0,0.0,2.0,Stx17-GFP_dAtg7_Tor_11Pos_finalconditions_reducedGFP_488.568_AiryscanProcessing.czi,0.0,0.0,6.0,6.0,11.0,Stx17-GFP,dAtg7,Tor,finalconditions
21,21,1.0,0.0,1.0,0.0,0.0,0.0,3.0,Stx17-GFP_dAtg7_Tor_11Pos_finalconditions_reducedGFP_488.568_AiryscanProcessing.czi,0.0,0.0,6.0,6.0,11.0,Stx17-GFP,dAtg7,Tor,finalconditions
22,22,1.0,0.0,1.0,0.0,0.0,0.0,4.0,Stx17-GFP_dAtg7_Tor_11Pos_finalconditions_reducedGFP_488.568_AiryscanProcessing.czi,0.0,0.0,6.0,6.0,11.0,Stx17-GFP,dAtg7,Tor,finalconditions
23,23,5.0,0.0,5.0,0.0,0.0,0.0,5.0,Stx17-GFP_dAtg7_Tor_11Pos_finalconditions_reducedGFP_488.568_AiryscanProcessing.czi,0.0,0.0,6.0,6.0,11.0,Stx17-GFP,dAtg7,Tor,finalconditions
24,24,21.0,0.0,21.0,0.0,0.0,0.0,6.0,Stx17-GFP_dAtg7_Tor_11Pos_finalconditions_reducedGFP_488.568_AiryscanProcessing.czi,0.0,0.0,6.0,6.0,11.0,Stx17-GFP,dAtg7,Tor,finalconditions
0,0,4.0,0.0,4.0,40.0,0.0,40.0,1.0,Stx17-GFP_WT_Tor_10Pos_2_finalconditions_reducedGFP_488.568_AiryscanProcessing.czi,0.0,0.0,2.0,2.0,1.0,Stx17-GFP,WT,Tor,2
1,1,3.0,0.0,3.0,27.0,0.0,27.0,2.0,Stx17-GFP_WT_Tor_10Pos_2_finalconditions_reducedGFP_488.568_AiryscanProcessing.czi,0.0,0.0,2.0,2.0,1.0,Stx17-GFP,WT,Tor,2
2,2,9.0,16.0,25.0,59.0,18.0,77.0,1.0,Stx17-GFP_WT_Tor_10Pos_2_finalconditions_reducedGFP_488.568_AiryscanProcessing.czi,0.0,0.0,2.0,2.0,2.0,Stx17-GFP,WT,Tor,2
3,3,10.0,10.0,20.0,78.0,11.0,89.0,2.0,Stx17-GFP_WT_Tor_10Pos_2_finalconditions_reducedGFP_488.568_AiryscanProcessing.czi,0.0,0.0,2.0,2.0,2.0,Stx17-GFP,WT,Tor,2
4,4,6.0,10.0,16.0,43.0,10.0,53.0,1.0,Stx17-GFP_WT_Tor_10Pos_2_finalconditions_reducedGFP_488.568_AiryscanProcessing.czi,0.0,0.0,2.0,2.0,3.0,Stx17-GFP,WT,Tor,2
5,5,3.0,8.0,11.0,26.0,8.0,34.0,2.0,Stx17-GFP_WT_Tor_10Pos_2_finalconditions_reducedGFP_488.568_AiryscanProcessing.czi,0.0,0.0,2.0,2.0,3.0,Stx17-GFP,WT,Tor,2
6,6,1.0,1.0,2.0,57.0,1.0,58.0,1.0,Stx17-GFP_WT_Tor_10Pos_2_finalconditions_reducedGFP_488.568_AiryscanProcessing.czi,1.0,0.0,2.0,2.0,4.0,Stx17-GFP,WT,Tor,2
7,7,2.0,4.0,6.0,60.0,4.0,64.0,2.0,Stx17-GFP_WT_Tor_10Pos_2_finalconditions_reducedGFP_488.568_AiryscanProcessing.czi,1.0,0.0,2.0,2.0,4.0,Stx17-GFP,WT,Tor,2
8,8,1.0,0.0,1.0,29.0,1.0,30.0,1.0,Stx17-GFP_WT_Tor_10Pos_2_finalconditions_reducedGFP_488.568_AiryscanProcessing.czi,0.0,0.0,2.0,2.0,5.0,Stx17-GFP,WT,Tor,2
9,9,0.0,3.0,3.0,35.0,3.0,38.0,2.0,Stx17-GFP_WT_Tor_10Pos_2_finalconditions_reducedGFP_488.568_AiryscanProcessing.czi,0.0,0.0,2.0,2.0,5.0,Stx17-GFP,WT,Tor,2
10,10,5.0,2.0,7.0,47.0,2.0,49.0,1.0,Stx17-GFP_WT_Tor_10Pos_2_finalconditions_reducedGFP_488.568_AiryscanProcessing.czi,0.0,0.0,2.0,2.0,6.0,Stx17-GFP,WT,Tor,2
11,11,8.0,3.0,11.0,52.0,3.0,55.0,2.0,Stx17-GFP_WT_Tor_10Pos_2_finalconditions_reducedGFP_488.568_AiryscanProcessing.czi,0.0,0.0,2.0,2.0,6.0,Stx17-GFP,WT,Tor,2
12,12,5.0,2.0,7.0,22.0,3.0,25.0,1.0,Stx17-GFP_WT_Tor_10Pos_2_finalconditions_reducedGFP_488.568_AiryscanProcessing.czi,0.0,1.0,5.0,7.0,7.0,Stx17-GFP,WT,Tor,2
13,13,0.0,1.0,1.0,10.0,1.0,11.0,2.0,Stx17-GFP_WT_Tor_10Pos_2_finalconditions_reducedGFP_488.568_AiryscanProcessing.czi,0.0,1.0,5.0,7.0,7.0,Stx17-GFP,WT,Tor,2
14,14,1.0,0.0,1.0,25.0,0.0,25.0,3.0,Stx17-GFP_WT_Tor_10Pos_2_finalconditions_reducedGFP_488.568_AiryscanProcessing.czi,0.0,1.0,5.0,7.0,7.0,Stx17-GFP,WT,Tor,2
15,15,3.0,1.0,4.0,32.0,1.0,33.0,4.0,Stx17-GFP_WT_Tor_10Pos_2_finalconditions_reducedGFP_488.568_AiryscanProcessing.czi,0.0,1.0,5.0,7.0,7.0,Stx17-GFP,WT,Tor,2
16,16,3.0,2.0,5.0,29.0,2.0,31.0,5.0,Stx17-GFP_WT_Tor_10Pos_2_finalconditions_reducedGFP_488.568_AiryscanProcessing.czi,0.0,1.0,5.0,7.0,7.0,Stx17-GFP,WT,Tor,2
17,17,0.0,0.0,0.0,26.0,0.0,26.0,1.0,Stx17-GFP_WT_Tor_10Pos_2_finalconditions_reducedGFP_488.568_AiryscanProcessing.czi,0.0,0.0,6.0,6.0,8.0,Stx17-GFP,WT,Tor,2
18,18,0.0,0.0,0.0,19.0,0.0,19.0,2.0,Stx17-GFP_WT_Tor_10Pos_2_finalconditions_reducedGFP_488.568_AiryscanProcessing.czi,0.0,0.0,6.0,6.0,8.0,Stx17-GFP,WT,Tor,2
19,19,0.0,0.0,0.0,27.0,0.0,27.0,3.0,Stx17-GFP_WT_Tor_10Pos_2_finalconditions_reducedGFP_488.568_AiryscanProcessing.czi,0.0,0.0,6.0,6.0,8.0,Stx17-GFP,WT,Tor,2
20,20,0.0,0.0,0.0,29.0,0.0,29.0,4.0,Stx17-GFP_WT_Tor_10Pos_2_finalconditions_reducedGFP_488.568_AiryscanProcessing.czi,0.0,0.0,6.0,6.0,8.0,Stx17-GFP,WT,Tor,2
21,21,79.0,15.0,94.0,36.0,16.0,52.0,5.0,Stx17-GFP_WT_Tor_10Pos_2_finalconditions_reducedGFP_488.568_AiryscanProcessing.czi,0.0,0.0,6.0,6.0,8.0,Stx17-GFP,WT,Tor,2
22,22,4.0,3.0,7.0,87.0,4.0,91.0,6.0,Stx17-GFP_WT_Tor_10Pos_2_finalconditions_reducedGFP_488.568_AiryscanProcessing.czi,0.0,0.0,6.0,6.0,8.0,Stx17-GFP,WT,Tor,2
23,23,0.0,1.0,1.0,13.0,1.0,14.0,1.0,Stx17-GFP_WT_Tor_10Pos_2_finalconditions_reducedGFP_488.568_AiryscanProcessing.czi,0.0,1.0,2.0,3.0,9.0,Stx17-GFP,WT,Tor,2
24,24,2.0,0.0,2.0,9.0,0.0,9.0,2.0,Stx17-GFP_WT_Tor_10Pos_2_finalconditions_reducedGFP_488.568_AiryscanProcessing.czi,0.0,1.0,2.0,3.0,9.0,Stx17-GFP,WT,Tor,2
25,25,7.0,5.0,12.0,102.0,5.0,107.0,1.0,Stx17-GFP_WT_Tor_10Pos_2_finalconditions_reducedGFP_488.568_AiryscanProcessing.czi,1.0,0.0,4.0,4.0,10.0,Stx17-GFP,WT,Tor,2
26,26,19.0,8.0,27.0,28.0,8.0,36.0,2.0,Stx17-GFP_WT_Tor_10Pos_2_finalconditions_reducedGFP_488.568_AiryscanProcessing.czi,1.0,0.0,4.0,4.0,10.0,Stx17-GFP,WT,Tor,2
27,27,8.0,1.0,9.0,69.0,1.0,70.0,3.0,Stx17-GFP_WT_Tor_10Pos_2_finalconditions_reducedGFP_488.568_AiryscanProcessing.czi,1.0,0.0,4.0,4.0,10.0,Stx17-GFP,WT,Tor,2
28,28,36.0,11.0,47.0,49.0,11.0,60.0,4.0,Stx17-GFP_WT_Tor_10Pos_2_finalconditions_reducedGFP_488.568_AiryscanProcessing.czi,1.0,0.0,4.0,4.0,10.0,Stx17-GFP,WT,Tor,2
0,0,11.0,1.0,12.0,47.0,1.0,48.0,1.0,Stx17-GFP_WT_NoTreat_10Pos_2_finalconditions_reducedGFP_488.568_AiryscanProcessing.czi,0.0,0.0,6.0,6.0,1.0,Stx17-GFP,WT,NoTreat,2
1,1,0.0,0.0,0.0,24.0,0.0,24.0,2.0,Stx17-GFP_WT_NoTreat_10Pos_2_finalconditions_reducedGFP_488.568_AiryscanProcessing.czi,0.0,0.0,6.0,6.0,1.0,Stx17-GFP,WT,NoTreat,2
2,2,0.0,0.0,0.0,21.0,0.0,21.0,3.0,Stx17-GFP_WT_NoTreat_10Pos_2_finalconditions_reducedGFP_488.568_AiryscanProcessing.czi,0.0,0.0,6.0,6.0,1.0,Stx17-GFP,WT,NoTreat,2
3,3,4.0,1.0,5.0,25.0,1.0,26.0,4.0,Stx17-GFP_WT_NoTreat_10Pos_2_finalconditions_reducedGFP_488.568_AiryscanProcessing.czi,0.0,0.0,6.0,6.0,1.0,Stx17-GFP,WT,NoTreat,2
4,4,6.0,1.0,7.0,27.0,1.0,28.0,5.0,Stx17-GFP_WT_NoTreat_10Pos_2_finalconditions_reducedGFP_488.568_AiryscanProcessing.czi,0.0,0.0,6.0,6.0,1.0,Stx17-GFP,WT,NoTreat,2
5,5,0.0,0.0,0.0,14.0,0.0,14.0,6.0,Stx17-GFP_WT_NoTreat_10Pos_2_finalconditions_reducedGFP_488.568_AiryscanProcessing.czi,0.0,0.0,6.0,6.0,1.0,Stx17-GFP,WT,NoTreat,2
6,6,0.0,0.0,0.0,12.0,0.0,12.0,1.0,Stx17-GFP_WT_NoTreat_10Pos_2_finalconditions_reducedGFP_488.568_AiryscanProcessing.czi,0.0,0.0,4.0,4.0,2.0,Stx17-GFP,WT,NoTreat,2
7,7,0.0,0.0,0.0,20.0,0.0,20.0,2.0,Stx17-GFP_WT_NoTreat_10Pos_2_finalconditions_reducedGFP_488.568_AiryscanProcessing.czi,0.0,0.0,4.0,4.0,2.0,Stx17-GFP,WT,NoTreat,2
8,8,13.0,0.0,13.0,16.0,0.0,16.0,3.0,Stx17-GFP_WT_NoTreat_10Pos_2_finalconditions_reducedGFP_488.568_AiryscanProcessing.czi,0.0,0.0,4.0,4.0,2.0,Stx17-GFP,WT,NoTreat,2
9,9,2.0,0.0,2.0,18.0,0.0,18.0,4.0,Stx17-GFP_WT_NoTreat_10Pos_2_finalconditions_reducedGFP_488.568_AiryscanProcessing.czi,0.0,0.0,4.0,4.0,2.0,Stx17-GFP,WT,NoTreat,2
10,10,13.0,2.0,15.0,13.0,0.0,13.0,1.0,Stx17-GFP_WT_NoTreat_10Pos_2_finalconditions_reducedGFP_488.568_AiryscanProcessing.czi,0.0,0.0,3.0,4.0,3.0,Stx17-GFP,WT,NoTreat,2
11,11,17.0,2.0,19.0,7.0,3.0,10.0,2.0,Stx17-GFP_WT_NoTreat_10Pos_2_finalconditions_reducedGFP_488.568_AiryscanProcessing.czi,0.0,0.0,3.0,4.0,3.0,Stx17-GFP,WT,NoTreat,2
12,12,2.0,0.0,2.0,19.0,0.0,19.0,3.0,Stx17-GFP_WT_NoTreat_10Pos_2_finalconditions_reducedGFP_488.568_AiryscanProcessing.czi,0.0,0.0,3.0,4.0,3.0,Stx17-GFP,WT,NoTreat,2
13,13,0.0,0.0,0.0,10.0,0.0,10.0,1.0,Stx17-GFP_WT_NoTreat_10Pos_2_finalconditions_reducedGFP_488.568_AiryscanProcessing.czi,0.0,0.0,4.0,5.0,4.0,Stx17-GFP,WT,NoTreat,2
14,14,0.0,0.0,0.0,9.0,0.0,9.0,2.0,Stx17-GFP_WT_NoTreat_10Pos_2_finalconditions_reducedGFP_488.568_AiryscanProcessing.czi,0.0,0.0,4.0,5.0,4.0,Stx17-GFP,WT,NoTreat,2
15,15,34.0,1.0,35.0,19.0,1.0,20.0,3.0,Stx17-GFP_WT_NoTreat_10Pos_2_finalconditions_reducedGFP_488.568_AiryscanProcessing.czi,0.0,0.0,4.0,5.0,4.0,Stx17-GFP,WT,NoTreat,2
16,16,37.0,1.0,38.0,11.0,1.0,12.0,4.0,Stx17-GFP_WT_NoTreat_10Pos_2_finalconditions_reducedGFP_488.568_AiryscanProcessing.czi,0.0,0.0,4.0,5.0,4.0,Stx17-GFP,WT,NoTreat,2
17,17,0.0,0.0,0.0,17.0,0.0,17.0,1.0,Stx17-GFP_WT_NoTreat_10Pos_2_finalconditions_reducedGFP_488.568_AiryscanProcessing.czi,0.0,0.0,6.0,6.0,5.0,Stx17-GFP,WT,NoTreat,2
18,18,0.0,0.0,0.0,17.0,0.0,17.0,2.0,Stx17-GFP_WT_NoTreat_10Pos_2_finalconditions_reducedGFP_488.568_AiryscanProcessing.czi,0.0,0.0,6.0,6.0,5.0,Stx17-GFP,WT,NoTreat,2
19,19,0.0,0.0,0.0,14.0,0.0,14.0,3.0,Stx17-GFP_WT_NoTreat_10Pos_2_finalconditions_reducedGFP_488.568_AiryscanProcessing.czi,0.0,0.0,6.0,6.0,5.0,Stx17-GFP,WT,NoTreat,2
20,20,0.0,0.0,0.0,8.0,0.0,8.0,4.0,Stx17-GFP_WT_NoTreat_10Pos_2_finalconditions_reducedGFP_488.568_AiryscanProcessing.czi,0.0,0.0,6.0,6.0,5.0,Stx17-GFP,WT,NoTreat,2
21,21,1.0,0.0,1.0,18.0,0.0,18.0,5.0,Stx17-GFP_WT_NoTreat_10Pos_2_finalconditions_reducedGFP_488.568_AiryscanProcessing.czi,0.0,0.0,6.0,6.0,5.0,Stx17-GFP,WT,NoTreat,2
22,22,0.0,0.0,0.0,6.0,0.0,6.0,6.0,Stx17-GFP_WT_NoTreat_10Pos_2_finalconditions_reducedGFP_488.568_AiryscanProcessing.czi,0.0,0.0,6.0,6.0,5.0,Stx17-GFP,WT,NoTreat,2
23,23,6.0,0.0,6.0,56.0,0.0,56.0,1.0,Stx17-GFP_WT_NoTreat_10Pos_2_finalconditions_reducedGFP_488.568_AiryscanProcessing.czi,0.0,1.0,2.0,4.0,6.0,Stx17-GFP,WT,NoTreat,2
24,24,10.0,0.0,10.0,8.0,0.0,8.0,2.0,Stx17-GFP_WT_NoTreat_10Pos_2_finalconditions_reducedGFP_488.568_AiryscanProcessing.czi,0.0,1.0,2.0,4.0,6.0,Stx17-GFP,WT,NoTreat,2
25,25,0.0,0.0,0.0,50.0,0.0,50.0,1.0,Stx17-GFP_WT_NoTreat_10Pos_2_finalconditions_reducedGFP_488.568_AiryscanProcessing.czi,0.0,0.0,1.0,1.0,7.0,Stx17-GFP,WT,NoTreat,2
26,26,0.0,0.0,0.0,10.0,0.0,10.0,1.0,Stx17-GFP_WT_NoTreat_10Pos_2_finalconditions_reducedGFP_488.568_AiryscanProcessing.czi,0.0,0.0,1.0,1.0,8.0,Stx17-GFP,WT,NoTreat,2
27,27,1.0,1.0,2.0,25.0,1.0,26.0,1.0,Stx17-GFP_WT_NoTreat_10Pos_2_finalconditions_reducedGFP_488.568_AiryscanProcessing.czi,0.0,0.0,2.0,2.0,9.0,Stx17-GFP,WT,NoTreat,2
28,28,0.0,0.0,0.0,17.0,0.0,17.0,2.0,Stx17-GFP_WT_NoTreat_10Pos_2_finalconditions_reducedGFP_488.568_AiryscanProcessing.czi,0.0,0.0,2.0,2.0,9.0,Stx17-GFP,WT,NoTreat,2
29,29,0.0,0.0,0.0,25.0,0.0,25.0,1.0,Stx17-GFP_WT_NoTreat_10Pos_2_finalconditions_reducedGFP_488.568_AiryscanProcessing.czi,0.0,0.0,5.0,5.0,10.0,Stx17-GFP,WT,NoTreat,2
30,30,2.0,0.0,2.0,23.0,0.0,23.0,2.0,Stx17-GFP_WT_NoTreat_10Pos_2_finalconditions_reducedGFP_488.568_AiryscanProcessing.czi,0.0,0.0,5.0,5.0,10.0,Stx17-GFP,WT,NoTreat,2
31,31,0.0,0.0,0.0,39.0,0.0,39.0,3.0,Stx17-GFP_WT_NoTreat_10Pos_2_finalconditions_reducedGFP_488.568_AiryscanProcessing.czi,0.0,0.0,5.0,5.0,10.0,Stx17-GFP,WT,NoTreat,2
32,32,0.0,0.0,0.0,5.0,0.0,5.0,4.0,Stx17-GFP_WT_NoTreat_10Pos_2_finalconditions_reducedGFP_488.568_AiryscanProcessing.czi,0.0,0.0,5.0,5.0,10.0,Stx17-GFP,WT,NoTreat,2
33,33,8.0,0.0,8.0,12.0,0.0,12.0,5.0,Stx17-GFP_WT_NoTreat_10Pos_2_finalconditions_reducedGFP_488.568_AiryscanProcessing.czi,0.0,0.0,5.0,5.0,10.0,Stx17-GFP,WT,NoTreat,2
0,0,1.0,0.0,1.0,14.0,0.0,14.0,1.0,Stx17-GFP_WT_Tor_10Pos_finalconditions_reducedGFP_488.568_AiryscanProcessing.czi,0.0,0.0,4.0,4.0,1.0,Stx17-GFP,WT,Tor,finalconditions
1,1,1.0,2.0,3.0,29.0,2.0,31.0,2.0,Stx17-GFP_WT_Tor_10Pos_finalconditions_reducedGFP_488.568_AiryscanProcessing.czi,0.0,0.0,4.0,4.0,1.0,Stx17-GFP,WT,Tor,finalconditions
2,2,0.0,1.0,1.0,40.0,2.0,42.0,3.0,Stx17-GFP_WT_Tor_10Pos_finalconditions_reducedGFP_488.568_AiryscanProcessing.czi,0.0,0.0,4.0,4.0,1.0,Stx17-GFP,WT,Tor,finalconditions
3,3,15.0,7.0,22.0,44.0,7.0,51.0,4.0,Stx17-GFP_WT_Tor_10Pos_finalconditions_reducedGFP_488.568_AiryscanProcessing.czi,0.0,0.0,4.0,4.0,1.0,Stx17-GFP,WT,Tor,finalconditions
4,4,5.0,13.0,18.0,178.0,15.0,193.0,1.0,Stx17-GFP_WT_Tor_10Pos_finalconditions_reducedGFP_488.568_AiryscanProcessing.czi,0.0,0.0,2.0,2.0,2.0,Stx17-GFP,WT,Tor,finalconditions
5,5,5.0,9.0,14.0,147.0,10.0,157.0,2.0,Stx17-GFP_WT_Tor_10Pos_finalconditions_reducedGFP_488.568_AiryscanProcessing.czi,0.0,0.0,2.0,2.0,2.0,Stx17-GFP,WT,Tor,finalconditions
6,6,0.0,0.0,0.0,58.0,0.0,58.0,1.0,Stx17-GFP_WT_Tor_10Pos_finalconditions_reducedGFP_488.568_AiryscanProcessing.czi,1.0,1.0,4.0,5.0,3.0,Stx17-GFP,WT,Tor,finalconditions
7,7,0.0,0.0,0.0,65.0,0.0,65.0,2.0,Stx17-GFP_WT_Tor_10Pos_finalconditions_reducedGFP_488.568_AiryscanProcessing.czi,1.0,1.0,4.0,5.0,3.0,Stx17-GFP,WT,Tor,finalconditions
8,8,13.0,25.0,38.0,68.0,26.0,94.0,3.0,Stx17-GFP_WT_Tor_10Pos_finalconditions_reducedGFP_488.568_AiryscanProcessing.czi,1.0,1.0,4.0,5.0,3.0,Stx17-GFP,WT,Tor,finalconditions
9,9,4.0,6.0,10.0,68.0,7.0,75.0,4.0,Stx17-GFP_WT_Tor_10Pos_finalconditions_reducedGFP_488.568_AiryscanProcessing.czi,1.0,1.0,4.0,5.0,3.0,Stx17-GFP,WT,Tor,finalconditions
10,10,7.0,7.0,14.0,32.0,6.0,38.0,1.0,Stx17-GFP_WT_Tor_10Pos_finalconditions_reducedGFP_488.568_AiryscanProcessing.czi,0.0,0.0,4.0,6.0,4.0,Stx17-GFP,WT,Tor,finalconditions
11,11,5.0,3.0,8.0,33.0,2.0,35.0,2.0,Stx17-GFP_WT_Tor_10Pos_finalconditions_reducedGFP_488.568_AiryscanProcessing.czi,0.0,0.0,4.0,6.0,4.0,Stx17-GFP,WT,Tor,finalconditions
12,12,9.0,4.0,13.0,25.0,4.0,29.0,3.0,Stx17-GFP_WT_Tor_10Pos_finalconditions_reducedGFP_488.568_AiryscanProcessing.czi,0.0,0.0,4.0,6.0,4.0,Stx17-GFP,WT,Tor,finalconditions
13,13,7.0,4.0,11.0,33.0,5.0,38.0,4.0,Stx17-GFP_WT_Tor_10Pos_finalconditions_reducedGFP_488.568_AiryscanProcessing.czi,0.0,0.0,4.0,6.0,4.0,Stx17-GFP,WT,Tor,finalconditions
14,14,0.0,1.0,1.0,36.0,1.0,37.0,1.0,Stx17-GFP_WT_Tor_10Pos_finalconditions_reducedGFP_488.568_AiryscanProcessing.czi,0.0,0.0,2.0,2.0,5.0,Stx17-GFP,WT,Tor,finalconditions
15,15,1.0,4.0,5.0,60.0,5.0,65.0,2.0,Stx17-GFP_WT_Tor_10Pos_finalconditions_reducedGFP_488.568_AiryscanProcessing.czi,0.0,0.0,2.0,2.0,5.0,Stx17-GFP,WT,Tor,finalconditions
16,16,0.0,0.0,0.0,14.0,0.0,14.0,1.0,Stx17-GFP_WT_Tor_10Pos_finalconditions_reducedGFP_488.568_AiryscanProcessing.czi,0.0,0.0,2.0,3.0,6.0,Stx17-GFP,WT,Tor,finalconditions
17,17,9.0,10.0,19.0,72.0,10.0,82.0,2.0,Stx17-GFP_WT_Tor_10Pos_finalconditions_reducedGFP_488.568_AiryscanProcessing.czi,0.0,0.0,2.0,3.0,6.0,Stx17-GFP,WT,Tor,finalconditions
18,18,0.0,1.0,1.0,39.0,1.0,40.0,1.0,Stx17-GFP_WT_Tor_10Pos_finalconditions_reducedGFP_488.568_AiryscanProcessing.czi,0.0,0.0,2.0,2.0,7.0,Stx17-GFP,WT,Tor,finalconditions
19,19,0.0,0.0,0.0,23.0,0.0,23.0,2.0,Stx17-GFP_WT_Tor_10Pos_finalconditions_reducedGFP_488.568_AiryscanProcessing.czi,0.0,0.0,2.0,2.0,7.0,Stx17-GFP,WT,Tor,finalconditions
20,20,10.0,6.0,16.0,54.0,5.0,59.0,1.0,Stx17-GFP_WT_Tor_10Pos_finalconditions_reducedGFP_488.568_AiryscanProcessing.czi,0.0,0.0,3.0,3.0,8.0,Stx17-GFP,WT,Tor,finalconditions
21,21,13.0,11.0,24.0,45.0,10.0,55.0,2.0,Stx17-GFP_WT_Tor_10Pos_finalconditions_reducedGFP_488.568_AiryscanProcessing.czi,0.0,0.0,3.0,3.0,8.0,Stx17-GFP,WT,Tor,finalconditions
22,22,0.0,0.0,0.0,68.0,0.0,68.0,3.0,Stx17-GFP_WT_Tor_10Pos_finalconditions_reducedGFP_488.568_AiryscanProcessing.czi,0.0,0.0,3.0,3.0,8.0,Stx17-GFP,WT,Tor,finalconditions
23,23,0.0,0.0,0.0,59.0,0.0,59.0,1.0,Stx17-GFP_WT_Tor_10Pos_finalconditions_reducedGFP_488.568_AiryscanProcessing.czi,0.0,1.0,3.0,3.0,9.0,Stx17-GFP,WT,Tor,finalconditions
24,24,0.0,0.0,0.0,13.0,0.0,13.0,2.0,Stx17-GFP_WT_Tor_10Pos_finalconditions_reducedGFP_488.568_AiryscanProcessing.czi,0.0,1.0,3.0,3.0,9.0,Stx17-GFP,WT,Tor,finalconditions
25,25,0.0,0.0,0.0,92.0,0.0,92.0,3.0,Stx17-GFP_WT_Tor_10Pos_finalconditions_reducedGFP_488.568_AiryscanProcessing.czi,0.0,1.0,3.0,3.0,9.0,Stx17-GFP,WT,Tor,finalconditions
26,26,19.0,28.0,47.0,78.0,34.0,112.0,1.0,Stx17-GFP_WT_Tor_10Pos_finalconditions_reducedGFP_488.568_AiryscanProcessing.czi,0.0,0.0,5.0,6.0,10.0,Stx17-GFP,WT,Tor,finalconditions
27,27,21.0,8.0,29.0,39.0,8.0,47.0,2.0,Stx17-GFP_WT_Tor_10Pos_finalconditions_reducedGFP_488.568_AiryscanProcessing.czi,0.0,0.0,5.0,6.0,10.0,Stx17-GFP,WT,Tor,finalconditions
28,28,0.0,6.0,6.0,17.0,6.0,23.0,3.0,Stx17-GFP_WT_Tor_10Pos_finalconditions_reducedGFP_488.568_AiryscanProcessing.czi,0.0,0.0,5.0,6.0,10.0,Stx17-GFP,WT,Tor,finalconditions
29,29,1.0,2.0,3.0,77.0,3.0,80.0,4.0,Stx17-GFP_WT_Tor_10Pos_finalconditions_reducedGFP_488.568_AiryscanProcessing.czi,0.0,0.0,5.0,6.0,10.0,Stx17-GFP,WT,Tor,finalconditions
30,30,2.0,5.0,7.0,143.0,4.0,147.0,5.0,Stx17-GFP_WT_Tor_10Pos_finalconditions_reducedGFP_488.568_AiryscanProcessing.czi,0.0,0.0,5.0,6.0,10.0,Stx17-GFP,WT,Tor,finalconditions
0,0,4.0,0.0,4.0,21.0,0.0,21.0,1.0,Stx17-GFP_dVPS37A_Tor_10Pos_finalconditions_reducedGFP_488.568_AiryscanProcessing.czi,0.0,0.0,2.0,2.0,1.0,Stx17-GFP,dVPS37A,Tor,finalconditions
1,1,4.0,3.0,7.0,20.0,3.0,23.0,2.0,Stx17-GFP_dVPS37A_Tor_10Pos_finalconditions_reducedGFP_488.568_AiryscanProcessing.czi,0.0,0.0,2.0,2.0,1.0,Stx17-GFP,dVPS37A,Tor,finalconditions
2,2,4.0,1.0,5.0,23.0,1.0,24.0,1.0,Stx17-GFP_dVPS37A_Tor_10Pos_finalconditions_reducedGFP_488.568_AiryscanProcessing.czi,0.0,0.0,2.0,2.0,2.0,Stx17-GFP,dVPS37A,Tor,finalconditions
3,3,4.0,3.0,7.0,38.0,5.0,43.0,2.0,Stx17-GFP_dVPS37A_Tor_10Pos_finalconditions_reducedGFP_488.568_AiryscanProcessing.czi,0.0,0.0,2.0,2.0,2.0,Stx17-GFP,dVPS37A,Tor,finalconditions
4,4,24.0,0.0,24.0,21.0,0.0,21.0,1.0,Stx17-GFP_dVPS37A_Tor_10Pos_finalconditions_reducedGFP_488.568_AiryscanProcessing.czi,0.0,0.0,2.0,2.0,3.0,Stx17-GFP,dVPS37A,Tor,finalconditions
5,5,24.0,6.0,30.0,18.0,5.0,23.0,2.0,Stx17-GFP_dVPS37A_Tor_10Pos_finalconditions_reducedGFP_488.568_AiryscanProcessing.czi,0.0,0.0,2.0,2.0,3.0,Stx17-GFP,dVPS37A,Tor,finalconditions
6,6,9.0,6.0,15.0,22.0,6.0,28.0,1.0,Stx17-GFP_dVPS37A_Tor_10Pos_finalconditions_reducedGFP_488.568_AiryscanProcessing.czi,0.0,0.0,1.0,1.0,4.0,Stx17-GFP,dVPS37A,Tor,finalconditions
7,7,0.0,0.0,0.0,51.0,0.0,51.0,1.0,Stx17-GFP_dVPS37A_Tor_10Pos_finalconditions_reducedGFP_488.568_AiryscanProcessing.czi,0.0,1.0,3.0,3.0,5.0,Stx17-GFP,dVPS37A,Tor,finalconditions
8,8,0.0,0.0,0.0,46.0,0.0,46.0,2.0,Stx17-GFP_dVPS37A_Tor_10Pos_finalconditions_reducedGFP_488.568_AiryscanProcessing.czi,0.0,1.0,3.0,3.0,5.0,Stx17-GFP,dVPS37A,Tor,finalconditions
9,9,0.0,0.0,0.0,10.0,0.0,10.0,3.0,Stx17-GFP_dVPS37A_Tor_10Pos_finalconditions_reducedGFP_488.568_AiryscanProcessing.czi,0.0,1.0,3.0,3.0,5.0,Stx17-GFP,dVPS37A,Tor,finalconditions
10,10,0.0,0.0,0.0,6.0,0.0,6.0,1.0,Stx17-GFP_dVPS37A_Tor_10Pos_finalconditions_reducedGFP_488.568_AiryscanProcessing.czi,0.0,0.0,4.0,4.0,6.0,Stx17-GFP,dVPS37A,Tor,finalconditions
11,11,4.0,4.0,8.0,14.0,5.0,19.0,2.0,Stx17-GFP_dVPS37A_Tor_10Pos_finalconditions_reducedGFP_488.568_AiryscanProcessing.czi,0.0,0.0,4.0,4.0,6.0,Stx17-GFP,dVPS37A,Tor,finalconditions
12,12,9.0,7.0,16.0,19.0,7.0,26.0,3.0,Stx17-GFP_dVPS37A_Tor_10Pos_finalconditions_reducedGFP_488.568_AiryscanProcessing.czi,0.0,0.0,4.0,4.0,6.0,Stx17-GFP,dVPS37A,Tor,finalconditions
13,13,2.0,0.0,2.0,6.0,0.0,6.0,4.0,Stx17-GFP_dVPS37A_Tor_10Pos_finalconditions_reducedGFP_488.568_AiryscanProcessing.czi,0.0,0.0,4.0,4.0,6.0,Stx17-GFP,dVPS37A,Tor,finalconditions
14,14,10.0,4.0,14.0,24.0,4.0,28.0,1.0,Stx17-GFP_dVPS37A_Tor_10Pos_finalconditions_reducedGFP_488.568_AiryscanProcessing.czi,0.0,0.0,2.0,2.0,7.0,Stx17-GFP,dVPS37A,Tor,finalconditions
15,15,2.0,3.0,5.0,18.0,2.0,20.0,2.0,Stx17-GFP_dVPS37A_Tor_10Pos_finalconditions_reducedGFP_488.568_AiryscanProcessing.czi,0.0,0.0,2.0,2.0,7.0,Stx17-GFP,dVPS37A,Tor,finalconditions
16,16,4.0,0.0,4.0,2.0,0.0,2.0,1.0,Stx17-GFP_dVPS37A_Tor_10Pos_finalconditions_reducedGFP_488.568_AiryscanProcessing.czi,0.0,0.0,2.0,2.0,8.0,Stx17-GFP,dVPS37A,Tor,finalconditions
17,17,7.0,2.0,9.0,4.0,2.0,6.0,2.0,Stx17-GFP_dVPS37A_Tor_10Pos_finalconditions_reducedGFP_488.568_AiryscanProcessing.czi,0.0,0.0,2.0,2.0,8.0,Stx17-GFP,dVPS37A,Tor,finalconditions
18,18,0.0,0.0,0.0,12.0,0.0,12.0,1.0,Stx17-GFP_dVPS37A_Tor_10Pos_finalconditions_reducedGFP_488.568_AiryscanProcessing.czi,0.0,0.0,2.0,2.0,9.0,Stx17-GFP,dVPS37A,Tor,finalconditions
19,19,0.0,0.0,0.0,63.0,0.0,63.0,2.0,Stx17-GFP_dVPS37A_Tor_10Pos_finalconditions_reducedGFP_488.568_AiryscanProcessing.czi,0.0,0.0,2.0,2.0,9.0,Stx17-GFP,dVPS37A,Tor,finalconditions
20,20,6.0,5.0,11.0,34.0,5.0,39.0,1.0,Stx17-GFP_dVPS37A_Tor_10Pos_finalconditions_reducedGFP_488.568_AiryscanProcessing.czi,0.0,0.0,1.0,1.0,10.0,Stx17-GFP,dVPS37A,Tor,finalconditions
21,21,6.0,1.0,7.0,6.0,0.0,6.0,1.0,Stx17-GFP_dVPS37A_Tor_10Pos_finalconditions_reducedGFP_488.568_AiryscanProcessing.czi,0.0,0.0,2.0,2.0,11.0,Stx17-GFP,dVPS37A,Tor,finalconditions
22,22,5.0,1.0,6.0,18.0,1.0,19.0,2.0,Stx17-GFP_dVPS37A_Tor_10Pos_finalconditions_reducedGFP_488.568_AiryscanProcessing.czi,0.0,0.0,2.0,2.0,11.0,Stx17-GFP,dVPS37A,Tor,finalconditions
0,0,0.0,0.0,0.0,134.0,0.0,134.0,1.0,Stx17-GFP_dTMEM_Tor_10Pos_2_finalconditions_reducedGFP_488.568_AiryscanProcessing.czi,0.0,0.0,3.0,3.0,1.0,Stx17-GFP,dTMEM,Tor,2
1,1,0.0,1.0,1.0,134.0,1.0,135.0,2.0,Stx17-GFP_dTMEM_Tor_10Pos_2_finalconditions_reducedGFP_488.568_AiryscanProcessing.czi,0.0,0.0,3.0,3.0,1.0,Stx17-GFP,dTMEM,Tor,2
2,2,1.0,0.0,1.0,58.0,0.0,58.0,3.0,Stx17-GFP_dTMEM_Tor_10Pos_2_finalconditions_reducedGFP_488.568_AiryscanProcessing.czi,0.0,0.0,3.0,3.0,1.0,Stx17-GFP,dTMEM,Tor,2
3,3,0.0,0.0,0.0,285.0,0.0,285.0,1.0,Stx17-GFP_dTMEM_Tor_10Pos_2_finalconditions_reducedGFP_488.568_AiryscanProcessing.czi,0.0,1.0,2.0,2.0,2.0,Stx17-GFP,dTMEM,Tor,2
4,4,0.0,0.0,0.0,184.0,0.0,184.0,2.0,Stx17-GFP_dTMEM_Tor_10Pos_2_finalconditions_reducedGFP_488.568_AiryscanProcessing.czi,0.0,1.0,2.0,2.0,2.0,Stx17-GFP,dTMEM,Tor,2
5,5,2.0,0.0,2.0,147.0,0.0,147.0,1.0,Stx17-GFP_dTMEM_Tor_10Pos_2_finalconditions_reducedGFP_488.568_AiryscanProcessing.czi,0.0,1.0,4.0,4.0,3.0,Stx17-GFP,dTMEM,Tor,2
6,6,0.0,0.0,0.0,135.0,0.0,135.0,2.0,Stx17-GFP_dTMEM_Tor_10Pos_2_finalconditions_reducedGFP_488.568_AiryscanProcessing.czi,0.0,1.0,4.0,4.0,3.0,Stx17-GFP,dTMEM,Tor,2
7,7,1.0,0.0,1.0,69.0,0.0,69.0,3.0,Stx17-GFP_dTMEM_Tor_10Pos_2_finalconditions_reducedGFP_488.568_AiryscanProcessing.czi,0.0,1.0,4.0,4.0,3.0,Stx17-GFP,dTMEM,Tor,2
8,8,1.0,0.0,1.0,36.0,0.0,36.0,4.0,Stx17-GFP_dTMEM_Tor_10Pos_2_finalconditions_reducedGFP_488.568_AiryscanProcessing.czi,0.0,1.0,4.0,4.0,3.0,Stx17-GFP,dTMEM,Tor,2
9,9,1.0,0.0,1.0,178.0,0.0,178.0,1.0,Stx17-GFP_dTMEM_Tor_10Pos_2_finalconditions_reducedGFP_488.568_AiryscanProcessing.czi,0.0,1.0,1.0,1.0,4.0,Stx17-GFP,dTMEM,Tor,2
10,10,8.0,0.0,8.0,134.0,0.0,134.0,1.0,Stx17-GFP_dTMEM_Tor_10Pos_2_finalconditions_reducedGFP_488.568_AiryscanProcessing.czi,0.0,0.0,2.0,2.0,5.0,Stx17-GFP,dTMEM,Tor,2
11,11,5.0,1.0,6.0,149.0,1.0,150.0,2.0,Stx17-GFP_dTMEM_Tor_10Pos_2_finalconditions_reducedGFP_488.568_AiryscanProcessing.czi,0.0,0.0,2.0,2.0,5.0,Stx17-GFP,dTMEM,Tor,2
12,12,0.0,0.0,0.0,68.0,0.0,68.0,1.0,Stx17-GFP_dTMEM_Tor_10Pos_2_finalconditions_reducedGFP_488.568_AiryscanProcessing.czi,0.0,0.0,4.0,4.0,6.0,Stx17-GFP,dTMEM,Tor,2
13,13,0.0,0.0,0.0,29.0,0.0,29.0,2.0,Stx17-GFP_dTMEM_Tor_10Pos_2_finalconditions_reducedGFP_488.568_AiryscanProcessing.czi,0.0,0.0,4.0,4.0,6.0,Stx17-GFP,dTMEM,Tor,2
14,14,0.0,0.0,0.0,111.0,0.0,111.0,3.0,Stx17-GFP_dTMEM_Tor_10Pos_2_finalconditions_reducedGFP_488.568_AiryscanProcessing.czi,0.0,0.0,4.0,4.0,6.0,Stx17-GFP,dTMEM,Tor,2
15,15,0.0,0.0,0.0,125.0,0.0,125.0,4.0,Stx17-GFP_dTMEM_Tor_10Pos_2_finalconditions_reducedGFP_488.568_AiryscanProcessing.czi,0.0,0.0,4.0,4.0,6.0,Stx17-GFP,dTMEM,Tor,2
16,16,1.0,1.0,2.0,105.0,1.0,106.0,1.0,Stx17-GFP_dTMEM_Tor_10Pos_2_finalconditions_reducedGFP_488.568_AiryscanProcessing.czi,0.0,1.0,2.0,2.0,7.0,Stx17-GFP,dTMEM,Tor,2
17,17,3.0,0.0,3.0,135.0,0.0,135.0,2.0,Stx17-GFP_dTMEM_Tor_10Pos_2_finalconditions_reducedGFP_488.568_AiryscanProcessing.czi,0.0,1.0,2.0,2.0,7.0,Stx17-GFP,dTMEM,Tor,2
18,18,0.0,0.0,0.0,154.0,0.0,154.0,1.0,Stx17-GFP_dTMEM_Tor_10Pos_2_finalconditions_reducedGFP_488.568_AiryscanProcessing.czi,0.0,1.0,2.0,2.0,8.0,Stx17-GFP,dTMEM,Tor,2
19,19,0.0,0.0,0.0,118.0,0.0,118.0,2.0,Stx17-GFP_dTMEM_Tor_10Pos_2_finalconditions_reducedGFP_488.568_AiryscanProcessing.czi,0.0,1.0,2.0,2.0,8.0,Stx17-GFP,dTMEM,Tor,2
20,20,1.0,0.0,1.0,202.0,0.0,202.0,1.0,Stx17-GFP_dTMEM_Tor_10Pos_2_finalconditions_reducedGFP_488.568_AiryscanProcessing.czi,0.0,1.0,1.0,1.0,9.0,Stx17-GFP,dTMEM,Tor,2
21,21,0.0,0.0,0.0,88.0,0.0,88.0,1.0,Stx17-GFP_dTMEM_Tor_10Pos_2_finalconditions_reducedGFP_488.568_AiryscanProcessing.czi,0.0,1.0,2.0,4.0,10.0,Stx17-GFP,dTMEM,Tor,2
22,22,1.0,0.0,1.0,79.0,0.0,79.0,2.0,Stx17-GFP_dTMEM_Tor_10Pos_2_finalconditions_reducedGFP_488.568_AiryscanProcessing.czi,0.0,1.0,2.0,4.0,10.0,Stx17-GFP,dTMEM,Tor,2
23,23,0.0,0.0,0.0,158.0,0.0,158.0,1.0,Stx17-GFP_dTMEM_Tor_10Pos_2_finalconditions_reducedGFP_488.568_AiryscanProcessing.czi,0.0,1.0,1.0,1.0,11.0,Stx17-GFP,dTMEM,Tor,2
24,24,0.0,0.0,0.0,56.0,0.0,56.0,1.0,Stx17-GFP_dTMEM_Tor_10Pos_2_finalconditions_reducedGFP_488.568_AiryscanProcessing.czi,0.0,1.0,3.0,4.0,12.0,Stx17-GFP,dTMEM,Tor,2
25,25,2.0,1.0,3.0,140.0,1.0,141.0,2.0,Stx17-GFP_dTMEM_Tor_10Pos_2_finalconditions_reducedGFP_488.568_AiryscanProcessing.czi,0.0,1.0,3.0,4.0,12.0,Stx17-GFP,dTMEM,Tor,2
26,26,1.0,0.0,1.0,105.0,0.0,105.0,3.0,Stx17-GFP_dTMEM_Tor_10Pos_2_finalconditions_reducedGFP_488.568_AiryscanProcessing.czi,0.0,1.0,3.0,4.0,12.0,Stx17-GFP,dTMEM,Tor,2
0,0,0.0,0.0,0.0,22.0,0.0,22.0,1.0,Stx17-GFP_WT_NoTreat_10Pos_1_finalconditions_reducedGFP_488.568_AiryscanProcessing.czi,0.0,0.0,3.0,3.0,1.0,Stx17-GFP,WT,NoTreat,1
1,1,0.0,0.0,0.0,4.0,0.0,4.0,2.0,Stx17-GFP_WT_NoTreat_10Pos_1_finalconditions_reducedGFP_488.568_AiryscanProcessing.czi,0.0,0.0,3.0,3.0,1.0,Stx17-GFP,WT,NoTreat,1
2,2,0.0,0.0,0.0,21.0,0.0,21.0,3.0,Stx17-GFP_WT_NoTreat_10Pos_1_finalconditions_reducedGFP_488.568_AiryscanProcessing.czi,0.0,0.0,3.0,3.0,1.0,Stx17-GFP,WT,NoTreat,1
3,3,0.0,0.0,0.0,35.0,0.0,35.0,1.0,Stx17-GFP_WT_NoTreat_10Pos_1_finalconditions_reducedGFP_488.568_AiryscanProcessing.czi,0.0,0.0,2.0,2.0,2.0,Stx17-GFP,WT,NoTreat,1
4,4,0.0,0.0,0.0,26.0,0.0,26.0,2.0,Stx17-GFP_WT_NoTreat_10Pos_1_finalconditions_reducedGFP_488.568_AiryscanProcessing.czi,0.0,0.0,2.0,2.0,2.0,Stx17-GFP,WT,NoTreat,1
5,5,1.0,0.0,1.0,17.0,0.0,17.0,1.0,Stx17-GFP_WT_NoTreat_10Pos_1_finalconditions_reducedGFP_488.568_AiryscanProcessing.czi,0.0,0.0,3.0,4.0,3.0,Stx17-GFP,WT,NoTreat,1
6,6,0.0,0.0,0.0,31.0,0.0,31.0,2.0,Stx17-GFP_WT_NoTreat_10Pos_1_finalconditions_reducedGFP_488.568_AiryscanProcessing.czi,0.0,0.0,3.0,4.0,3.0,Stx17-GFP,WT,NoTreat,1
7,7,0.0,0.0,0.0,23.0,0.0,23.0,3.0,Stx17-GFP_WT_NoTreat_10Pos_1_finalconditions_reducedGFP_488.568_AiryscanProcessing.czi,0.0,0.0,3.0,4.0,3.0,Stx17-GFP,WT,NoTreat,1
8,8,19.0,0.0,19.0,10.0,0.0,10.0,1.0,Stx17-GFP_WT_NoTreat_10Pos_1_finalconditions_reducedGFP_488.568_AiryscanProcessing.czi,1.0,0.0,2.0,3.0,4.0,Stx17-GFP,WT,NoTreat,1
9,9,0.0,0.0,0.0,5.0,0.0,5.0,2.0,Stx17-GFP_WT_NoTreat_10Pos_1_finalconditions_reducedGFP_488.568_AiryscanProcessing.czi,1.0,0.0,2.0,3.0,4.0,Stx17-GFP,WT,NoTreat,1
10,10,0.0,0.0,0.0,17.0,0.0,17.0,1.0,Stx17-GFP_WT_NoTreat_10Pos_1_finalconditions_reducedGFP_488.568_AiryscanProcessing.czi,0.0,0.0,4.0,5.0,5.0,Stx17-GFP,WT,NoTreat,1
11,11,0.0,0.0,0.0,43.0,0.0,43.0,2.0,Stx17-GFP_WT_NoTreat_10Pos_1_finalconditions_reducedGFP_488.568_AiryscanProcessing.czi,0.0,0.0,4.0,5.0,5.0,Stx17-GFP,WT,NoTreat,1
12,12,3.0,1.0,4.0,11.0,1.0,12.0,3.0,Stx17-GFP_WT_NoTreat_10Pos_1_finalconditions_reducedGFP_488.568_AiryscanProcessing.czi,0.0,0.0,4.0,5.0,5.0,Stx17-GFP,WT,NoTreat,1
13,13,3.0,0.0,3.0,14.0,0.0,14.0,4.0,Stx17-GFP_WT_NoTreat_10Pos_1_finalconditions_reducedGFP_488.568_AiryscanProcessing.czi,0.0,0.0,4.0,5.0,5.0,Stx17-GFP,WT,NoTreat,1
14,14,0.0,0.0,0.0,24.0,0.0,24.0,1.0,Stx17-GFP_WT_NoTreat_10Pos_1_finalconditions_reducedGFP_488.568_AiryscanProcessing.czi,0.0,0.0,2.0,2.0,6.0,Stx17-GFP,WT,NoTreat,1
15,15,2.0,0.0,2.0,25.0,0.0,25.0,2.0,Stx17-GFP_WT_NoTreat_10Pos_1_finalconditions_reducedGFP_488.568_AiryscanProcessing.czi,0.0,0.0,2.0,2.0,6.0,Stx17-GFP,WT,NoTreat,1
16,16,0.0,0.0,0.0,12.0,0.0,12.0,1.0,Stx17-GFP_WT_NoTreat_10Pos_1_finalconditions_reducedGFP_488.568_AiryscanProcessing.czi,0.0,0.0,3.0,7.0,7.0,Stx17-GFP,WT,NoTreat,1
17,17,33.0,0.0,33.0,19.0,0.0,19.0,2.0,Stx17-GFP_WT_NoTreat_10Pos_1_finalconditions_reducedGFP_488.568_AiryscanProcessing.czi,0.0,0.0,3.0,7.0,7.0,Stx17-GFP,WT,NoTreat,1
18,18,23.0,0.0,23.0,47.0,0.0,47.0,3.0,Stx17-GFP_WT_NoTreat_10Pos_1_finalconditions_reducedGFP_488.568_AiryscanProcessing.czi,0.0,0.0,3.0,7.0,7.0,Stx17-GFP,WT,NoTreat,1
19,19,0.0,0.0,0.0,12.0,0.0,12.0,1.0,Stx17-GFP_WT_NoTreat_10Pos_1_finalconditions_reducedGFP_488.568_AiryscanProcessing.czi,0.0,0.0,7.0,9.0,8.0,Stx17-GFP,WT,NoTreat,1
20,20,0.0,0.0,0.0,12.0,0.0,12.0,2.0,Stx17-GFP_WT_NoTreat_10Pos_1_finalconditions_reducedGFP_488.568_AiryscanProcessing.czi,0.0,0.0,7.0,9.0,8.0,Stx17-GFP,WT,NoTreat,1
21,21,0.0,0.0,0.0,23.0,0.0,23.0,3.0,Stx17-GFP_WT_NoTreat_10Pos_1_finalconditions_reducedGFP_488.568_AiryscanProcessing.czi,0.0,0.0,7.0,9.0,8.0,Stx17-GFP,WT,NoTreat,1
22,22,0.0,0.0,0.0,36.0,0.0,36.0,4.0,Stx17-GFP_WT_NoTreat_10Pos_1_finalconditions_reducedGFP_488.568_AiryscanProcessing.czi,0.0,0.0,7.0,9.0,8.0,Stx17-GFP,WT,NoTreat,1
23,23,0.0,0.0,0.0,28.0,0.0,28.0,5.0,Stx17-GFP_WT_NoTreat_10Pos_1_finalconditions_reducedGFP_488.568_AiryscanProcessing.czi,0.0,0.0,7.0,9.0,8.0,Stx17-GFP,WT,NoTreat,1
24,24,0.0,0.0,0.0,7.0,0.0,7.0,6.0,Stx17-GFP_WT_NoTreat_10Pos_1_finalconditions_reducedGFP_488.568_AiryscanProcessing.czi,0.0,0.0,7.0,9.0,8.0,Stx17-GFP,WT,NoTreat,1
25,25,1.0,0.0,1.0,14.0,0.0,14.0,7.0,Stx17-GFP_WT_NoTreat_10Pos_1_finalconditions_reducedGFP_488.568_AiryscanProcessing.czi,0.0,0.0,7.0,9.0,8.0,Stx17-GFP,WT,NoTreat,1
26,26,2.0,0.0,2.0,12.0,0.0,12.0,1.0,Stx17-GFP_WT_NoTreat_10Pos_1_finalconditions_reducedGFP_488.568_AiryscanProcessing.czi,0.0,0.0,6.0,6.0,9.0,Stx17-GFP,WT,NoTreat,1
27,27,0.0,0.0,0.0,10.0,0.0,10.0,2.0,Stx17-GFP_WT_NoTreat_10Pos_1_finalconditions_reducedGFP_488.568_AiryscanProcessing.czi,0.0,0.0,6.0,6.0,9.0,Stx17-GFP,WT,NoTreat,1
28,28,30.0,1.0,31.0,9.0,1.0,10.0,3.0,Stx17-GFP_WT_NoTreat_10Pos_1_finalconditions_reducedGFP_488.568_AiryscanProcessing.czi,0.0,0.0,6.0,6.0,9.0,Stx17-GFP,WT,NoTreat,1
29,29,56.0,0.0,56.0,15.0,0.0,15.0,4.0,Stx17-GFP_WT_NoTreat_10Pos_1_finalconditions_reducedGFP_488.568_AiryscanProcessing.czi,0.0,0.0,6.0,6.0,9.0,Stx17-GFP,WT,NoTreat,1
30,30,0.0,0.0,0.0,17.0,0.0,17.0,5.0,Stx17-GFP_WT_NoTreat_10Pos_1_finalconditions_reducedGFP_488.568_AiryscanProcessing.czi,0.0,0.0,6.0,6.0,9.0,Stx17-GFP,WT,NoTreat,1
31,31,0.0,0.0,0.0,7.0,0.0,7.0,6.0,Stx17-GFP_WT_NoTreat_10Pos_1_finalconditions_reducedGFP_488.568_AiryscanProcessing.czi,0.0,0.0,6.0,6.0,9.0,Stx17-GFP,WT,NoTreat,1
32,32,0.0,0.0,0.0,6.0,0.0,6.0,1.0,Stx17-GFP_WT_NoTreat_10Pos_1_finalconditions_reducedGFP_488.568_AiryscanProcessing.czi,0.0,0.0,6.0,6.0,10.0,Stx17-GFP,WT,NoTreat,1
33,33,0.0,0.0,0.0,9.0,0.0,9.0,2.0,Stx17-GFP_WT_NoTreat_10Pos_1_finalconditions_reducedGFP_488.568_AiryscanProcessing.czi,0.0,0.0,6.0,6.0,10.0,Stx17-GFP,WT,NoTreat,1
34,34,0.0,0.0,0.0,5.0,0.0,5.0,3.0,Stx17-GFP_WT_NoTreat_10Pos_1_finalconditions_reducedGFP_488.568_AiryscanProcessing.czi,0.0,0.0,6.0,6.0,10.0,Stx17-GFP,WT,NoTreat,1
35,35,1.0,0.0,1.0,8.0,0.0,8.0,4.0,Stx17-GFP_WT_NoTreat_10Pos_1_finalconditions_reducedGFP_488.568_AiryscanProcessing.czi,0.0,0.0,6.0,6.0,10.0,Stx17-GFP,WT,NoTreat,1
36,36,0.0,0.0,0.0,9.0,0.0,9.0,5.0,Stx17-GFP_WT_NoTreat_10Pos_1_finalconditions_reducedGFP_488.568_AiryscanProcessing.czi,0.0,0.0,6.0,6.0,10.0,Stx17-GFP,WT,NoTreat,1
37,37,1.0,0.0,1.0,21.0,0.0,21.0,6.0,Stx17-GFP_WT_NoTreat_10Pos_1_finalconditions_reducedGFP_488.568_AiryscanProcessing.czi,0.0,0.0,6.0,6.0,10.0,Stx17-GFP,WT,NoTreat,1
0,0,0.0,0.0,0.0,101.0,0.0,101.0,1.0,Stx17-GFP_dTMEM_Tor_10Pos_finalconditions_reducedGFP_488.568_AiryscanProcessing.czi,0.0,1.0,2.0,2.0,1.0,Stx17-GFP,dTMEM,Tor,finalconditions
1,1,0.0,0.0,0.0,102.0,0.0,102.0,2.0,Stx17-GFP_dTMEM_Tor_10Pos_finalconditions_reducedGFP_488.568_AiryscanProcessing.czi,0.0,1.0,2.0,2.0,1.0,Stx17-GFP,dTMEM,Tor,finalconditions
2,2,2.0,0.0,2.0,84.0,0.0,84.0,1.0,Stx17-GFP_dTMEM_Tor_10Pos_finalconditions_reducedGFP_488.568_AiryscanProcessing.czi,0.0,1.0,2.0,2.0,2.0,Stx17-GFP,dTMEM,Tor,finalconditions
3,3,3.0,0.0,3.0,102.0,0.0,102.0,2.0,Stx17-GFP_dTMEM_Tor_10Pos_finalconditions_reducedGFP_488.568_AiryscanProcessing.czi,0.0,1.0,2.0,2.0,2.0,Stx17-GFP,dTMEM,Tor,finalconditions
4,4,6.0,0.0,6.0,68.0,0.0,68.0,1.0,Stx17-GFP_dTMEM_Tor_10Pos_finalconditions_reducedGFP_488.568_AiryscanProcessing.czi,0.0,1.0,2.0,2.0,3.0,Stx17-GFP,dTMEM,Tor,finalconditions
5,5,1.0,1.0,2.0,73.0,1.0,74.0,2.0,Stx17-GFP_dTMEM_Tor_10Pos_finalconditions_reducedGFP_488.568_AiryscanProcessing.czi,0.0,1.0,2.0,2.0,3.0,Stx17-GFP,dTMEM,Tor,finalconditions
6,6,1.0,0.0,1.0,51.0,0.0,51.0,1.0,Stx17-GFP_dTMEM_Tor_10Pos_finalconditions_reducedGFP_488.568_AiryscanProcessing.czi,0.0,1.0,2.0,2.0,4.0,Stx17-GFP,dTMEM,Tor,finalconditions
7,7,0.0,0.0,0.0,60.0,0.0,60.0,2.0,Stx17-GFP_dTMEM_Tor_10Pos_finalconditions_reducedGFP_488.568_AiryscanProcessing.czi,0.0,1.0,2.0,2.0,4.0,Stx17-GFP,dTMEM,Tor,finalconditions
8,8,12.0,0.0,12.0,201.0,0.0,201.0,1.0,Stx17-GFP_dTMEM_Tor_10Pos_finalconditions_reducedGFP_488.568_AiryscanProcessing.czi,0.0,0.0,2.0,2.0,5.0,Stx17-GFP,dTMEM,Tor,finalconditions
9,9,4.0,0.0,4.0,128.0,0.0,128.0,2.0,Stx17-GFP_dTMEM_Tor_10Pos_finalconditions_reducedGFP_488.568_AiryscanProcessing.czi,0.0,0.0,2.0,2.0,5.0,Stx17-GFP,dTMEM,Tor,finalconditions
10,10,1.0,0.0,1.0,111.0,0.0,111.0,1.0,Stx17-GFP_dTMEM_Tor_10Pos_finalconditions_reducedGFP_488.568_AiryscanProcessing.czi,0.0,0.0,2.0,2.0,6.0,Stx17-GFP,dTMEM,Tor,finalconditions
11,11,0.0,0.0,0.0,136.0,0.0,136.0,2.0,Stx17-GFP_dTMEM_Tor_10Pos_finalconditions_reducedGFP_488.568_AiryscanProcessing.czi,0.0,0.0,2.0,2.0,6.0,Stx17-GFP,dTMEM,Tor,finalconditions
12,12,0.0,0.0,0.0,93.0,0.0,93.0,1.0,Stx17-GFP_dTMEM_Tor_10Pos_finalconditions_reducedGFP_488.568_AiryscanProcessing.czi,0.0,0.0,2.0,2.0,7.0,Stx17-GFP,dTMEM,Tor,finalconditions
13,13,2.0,0.0,2.0,164.0,0.0,164.0,2.0,Stx17-GFP_dTMEM_Tor_10Pos_finalconditions_reducedGFP_488.568_AiryscanProcessing.czi,0.0,0.0,2.0,2.0,7.0,Stx17-GFP,dTMEM,Tor,finalconditions
14,14,0.0,0.0,0.0,101.0,0.0,101.0,1.0,Stx17-GFP_dTMEM_Tor_10Pos_finalconditions_reducedGFP_488.568_AiryscanProcessing.czi,0.0,1.0,2.0,3.0,8.0,Stx17-GFP,dTMEM,Tor,finalconditions
15,15,0.0,0.0,0.0,64.0,0.0,64.0,2.0,Stx17-GFP_dTMEM_Tor_10Pos_finalconditions_reducedGFP_488.568_AiryscanProcessing.czi,0.0,1.0,2.0,3.0,8.0,Stx17-GFP,dTMEM,Tor,finalconditions
16,16,1.0,0.0,1.0,99.0,0.0,99.0,1.0,Stx17-GFP_dTMEM_Tor_10Pos_finalconditions_reducedGFP_488.568_AiryscanProcessing.czi,0.0,1.0,2.0,3.0,9.0,Stx17-GFP,dTMEM,Tor,finalconditions
17,17,0.0,0.0,0.0,137.0,0.0,137.0,2.0,Stx17-GFP_dTMEM_Tor_10Pos_finalconditions_reducedGFP_488.568_AiryscanProcessing.czi,0.0,1.0,2.0,3.0,9.0,Stx17-GFP,dTMEM,Tor,finalconditions
18,18,11.0,0.0,11.0,213.0,0.0,213.0,1.0,Stx17-GFP_dTMEM_Tor_10Pos_finalconditions_reducedGFP_488.568_AiryscanProcessing.czi,0.0,0.0,2.0,2.0,10.0,Stx17-GFP,dTMEM,Tor,finalconditions
19,19,4.0,0.0,4.0,143.0,0.0,143.0,2.0,Stx17-GFP_dTMEM_Tor_10Pos_finalconditions_reducedGFP_488.568_AiryscanProcessing.czi,0.0,0.0,2.0,2.0,10.0,Stx17-GFP,dTMEM,Tor,finalconditions
0,0,21.0,0.0,21.0,2.0,0.0,2.0,1.0,Stx17-GFP_dAtg7_NoTreat_10Pos_2_finalconditions_reducedGFP_488.568_AiryscanProcessing.czi,0.0,0.0,2.0,2.0,1.0,Stx17-GFP,dAtg7,NoTreat,2
1,1,46.0,0.0,46.0,10.0,0.0,10.0,2.0,Stx17-GFP_dAtg7_NoTreat_10Pos_2_finalconditions_reducedGFP_488.568_AiryscanProcessing.czi,0.0,0.0,2.0,2.0,1.0,Stx17-GFP,dAtg7,NoTreat,2
2,2,27.0,0.0,27.0,1.0,0.0,1.0,1.0,Stx17-GFP_dAtg7_NoTreat_10Pos_2_finalconditions_reducedGFP_488.568_AiryscanProcessing.czi,0.0,0.0,2.0,3.0,2.0,Stx17-GFP,dAtg7,NoTreat,2
3,3,69.0,0.0,69.0,3.0,0.0,3.0,2.0,Stx17-GFP_dAtg7_NoTreat_10Pos_2_finalconditions_reducedGFP_488.568_AiryscanProcessing.czi,0.0,0.0,2.0,3.0,2.0,Stx17-GFP,dAtg7,NoTreat,2
4,4,21.0,0.0,21.0,6.0,0.0,6.0,1.0,Stx17-GFP_dAtg7_NoTreat_10Pos_2_finalconditions_reducedGFP_488.568_AiryscanProcessing.czi,0.0,0.0,3.0,3.0,3.0,Stx17-GFP,dAtg7,NoTreat,2
5,5,21.0,0.0,21.0,5.0,0.0,5.0,2.0,Stx17-GFP_dAtg7_NoTreat_10Pos_2_finalconditions_reducedGFP_488.568_AiryscanProcessing.czi,0.0,0.0,3.0,3.0,3.0,Stx17-GFP,dAtg7,NoTreat,2
6,6,43.0,0.0,43.0,5.0,0.0,5.0,3.0,Stx17-GFP_dAtg7_NoTreat_10Pos_2_finalconditions_reducedGFP_488.568_AiryscanProcessing.czi,0.0,0.0,3.0,3.0,3.0,Stx17-GFP,dAtg7,NoTreat,2
7,7,8.0,0.0,8.0,1.0,0.0,1.0,1.0,Stx17-GFP_dAtg7_NoTreat_10Pos_2_finalconditions_reducedGFP_488.568_AiryscanProcessing.czi,0.0,0.0,2.0,2.0,4.0,Stx17-GFP,dAtg7,NoTreat,2
8,8,22.0,0.0,22.0,0.0,0.0,0.0,2.0,Stx17-GFP_dAtg7_NoTreat_10Pos_2_finalconditions_reducedGFP_488.568_AiryscanProcessing.czi,0.0,0.0,2.0,2.0,4.0,Stx17-GFP,dAtg7,NoTreat,2
9,9,11.0,0.0,11.0,5.0,0.0,5.0,1.0,Stx17-GFP_dAtg7_NoTreat_10Pos_2_finalconditions_reducedGFP_488.568_AiryscanProcessing.czi,0.0,0.0,4.0,6.0,5.0,Stx17-GFP,dAtg7,NoTreat,2
10,10,16.0,0.0,16.0,5.0,0.0,5.0,2.0,Stx17-GFP_dAtg7_NoTreat_10Pos_2_finalconditions_reducedGFP_488.568_AiryscanProcessing.czi,0.0,0.0,4.0,6.0,5.0,Stx17-GFP,dAtg7,NoTreat,2
11,11,31.0,0.0,31.0,4.0,0.0,4.0,3.0,Stx17-GFP_dAtg7_NoTreat_10Pos_2_finalconditions_reducedGFP_488.568_AiryscanProcessing.czi,0.0,0.0,4.0,6.0,5.0,Stx17-GFP,dAtg7,NoTreat,2
12,12,29.0,0.0,29.0,5.0,0.0,5.0,4.0,Stx17-GFP_dAtg7_NoTreat_10Pos_2_finalconditions_reducedGFP_488.568_AiryscanProcessing.czi,0.0,0.0,4.0,6.0,5.0,Stx17-GFP,dAtg7,NoTreat,2
13,13,32.0,0.0,32.0,4.0,0.0,4.0,1.0,Stx17-GFP_dAtg7_NoTreat_10Pos_2_finalconditions_reducedGFP_488.568_AiryscanProcessing.czi,0.0,0.0,4.0,4.0,6.0,Stx17-GFP,dAtg7,NoTreat,2
14,14,25.0,0.0,25.0,1.0,0.0,1.0,2.0,Stx17-GFP_dAtg7_NoTreat_10Pos_2_finalconditions_reducedGFP_488.568_AiryscanProcessing.czi,0.0,0.0,4.0,4.0,6.0,Stx17-GFP,dAtg7,NoTreat,2
15,15,9.0,0.0,9.0,1.0,0.0,1.0,3.0,Stx17-GFP_dAtg7_NoTreat_10Pos_2_finalconditions_reducedGFP_488.568_AiryscanProcessing.czi,0.0,0.0,4.0,4.0,6.0,Stx17-GFP,dAtg7,NoTreat,2
16,16,18.0,0.0,18.0,1.0,0.0,1.0,4.0,Stx17-GFP_dAtg7_NoTreat_10Pos_2_finalconditions_reducedGFP_488.568_AiryscanProcessing.czi,0.0,0.0,4.0,4.0,6.0,Stx17-GFP,dAtg7,NoTreat,2
17,17,18.0,0.0,18.0,0.0,0.0,0.0,1.0,Stx17-GFP_dAtg7_NoTreat_10Pos_2_finalconditions_reducedGFP_488.568_AiryscanProcessing.czi,0.0,0.0,3.0,3.0,7.0,Stx17-GFP,dAtg7,NoTreat,2
18,18,21.0,0.0,21.0,3.0,0.0,3.0,2.0,Stx17-GFP_dAtg7_NoTreat_10Pos_2_finalconditions_reducedGFP_488.568_AiryscanProcessing.czi,0.0,0.0,3.0,3.0,7.0,Stx17-GFP,dAtg7,NoTreat,2
19,19,25.0,0.0,25.0,6.0,0.0,6.0,3.0,Stx17-GFP_dAtg7_NoTreat_10Pos_2_finalconditions_reducedGFP_488.568_AiryscanProcessing.czi,0.0,0.0,3.0,3.0,7.0,Stx17-GFP,dAtg7,NoTreat,2
20,20,11.0,1.0,12.0,5.0,1.0,6.0,1.0,Stx17-GFP_dAtg7_NoTreat_10Pos_2_finalconditions_reducedGFP_488.568_AiryscanProcessing.czi,0.0,0.0,2.0,2.0,8.0,Stx17-GFP,dAtg7,NoTreat,2
21,21,28.0,0.0,28.0,2.0,0.0,2.0,2.0,Stx17-GFP_dAtg7_NoTreat_10Pos_2_finalconditions_reducedGFP_488.568_AiryscanProcessing.czi,0.0,0.0,2.0,2.0,8.0,Stx17-GFP,dAtg7,NoTreat,2
22,22,0.0,0.0,0.0,1.0,0.0,1.0,1.0,Stx17-GFP_dAtg7_NoTreat_10Pos_2_finalconditions_reducedGFP_488.568_AiryscanProcessing.czi,0.0,0.0,6.0,6.0,9.0,Stx17-GFP,dAtg7,NoTreat,2
23,23,59.0,0.0,59.0,6.0,0.0,6.0,2.0,Stx17-GFP_dAtg7_NoTreat_10Pos_2_finalconditions_reducedGFP_488.568_AiryscanProcessing.czi,0.0,0.0,6.0,6.0,9.0,Stx17-GFP,dAtg7,NoTreat,2
24,24,1.0,0.0,1.0,2.0,0.0,2.0,3.0,Stx17-GFP_dAtg7_NoTreat_10Pos_2_finalconditions_reducedGFP_488.568_AiryscanProcessing.czi,0.0,0.0,6.0,6.0,9.0,Stx17-GFP,dAtg7,NoTreat,2
25,25,15.0,0.0,15.0,2.0,0.0,2.0,4.0,Stx17-GFP_dAtg7_NoTreat_10Pos_2_finalconditions_reducedGFP_488.568_AiryscanProcessing.czi,0.0,0.0,6.0,6.0,9.0,Stx17-GFP,dAtg7,NoTreat,2
26,26,38.0,0.0,38.0,5.0,0.0,5.0,5.0,Stx17-GFP_dAtg7_NoTreat_10Pos_2_finalconditions_reducedGFP_488.568_AiryscanProcessing.czi,0.0,0.0,6.0,6.0,9.0,Stx17-GFP,dAtg7,NoTreat,2
27,27,9.0,0.0,9.0,0.0,0.0,0.0,6.0,Stx17-GFP_dAtg7_NoTreat_10Pos_2_finalconditions_reducedGFP_488.568_AiryscanProcessing.czi,0.0,0.0,6.0,6.0,9.0,Stx17-GFP,dAtg7,NoTreat,2
28,28,11.0,0.0,11.0,0.0,0.0,0.0,1.0,Stx17-GFP_dAtg7_NoTreat_10Pos_2_finalconditions_reducedGFP_488.568_AiryscanProcessing.czi,0.0,0.0,3.0,3.0,10.0,Stx17-GFP,dAtg7,NoTreat,2
29,29,0.0,0.0,0.0,0.0,0.0,0.0,2.0,Stx17-GFP_dAtg7_NoTreat_10Pos_2_finalconditions_reducedGFP_488.568_AiryscanProcessing.czi,0.0,0.0,3.0,3.0,10.0,Stx17-GFP,dAtg7,NoTreat,2
30,30,18.0,0.0,18.0,0.0,0.0,0.0,3.0,Stx17-GFP_dAtg7_NoTreat_10Pos_2_finalconditions_reducedGFP_488.568_AiryscanProcessing.czi,0.0,0.0,3.0,3.0,10.0,Stx17-GFP,dAtg7,NoTreat,2
