filename,image,cell,488_only_foci,488_total_foci,561_only_foci,561_total_foci,im_n_cells,im_raw_cells,overlap_foci,stains,cell_line,strain,treatment,czi_id
LC3-p62_HEK_dFIP200_No Torin_10Pos_2_AiryscanProcessing.czi,1,1,8,8,3,3,1,1,0,LC3-p62,HEK,dFIP200,No Torin,2
LC3-p62_HEK_dFIP200_No Torin_10Pos_2_AiryscanProcessing.czi,4,1,19,19,2,2,1,1,0,LC3-p62,HEK,dFIP200,No Torin,2
LC3-p62_HEK_dFIP200_No Torin_10Pos_2_AiryscanProcessing.czi,5,1,42,42,1,1,2,2,0,LC3-p62,HEK,dFIP200,No Torin,2
LC3-p62_HEK_dFIP200_No Torin_10Pos_2_AiryscanProcessing.czi,5,2,13,14,0,1,2,2,1,LC3-p62,HEK,dFIP200,No Torin,2
LC3-p62_HEK_dFIP200_No Torin_10Pos_2_AiryscanProcessing.czi,6,1,6,6,0,0,1,2,0,LC3-p62,HEK,dFIP200,No Torin,2
LC3-p62_HEK_dFIP200_No Torin_10Pos_2_AiryscanProcessing.czi,7,1,8,8,0,0,4,4,0,LC3-p62,HEK,dFIP200,No Torin,2
LC3-p62_HEK_dFIP200_No Torin_10Pos_2_AiryscanProcessing.czi,7,2,5,5,0,0,4,4,0,LC3-p62,HEK,dFIP200,No Torin,2
LC3-p62_HEK_dFIP200_No Torin_10Pos_2_AiryscanProcessing.czi,7,3,10,10,0,0,4,4,0,LC3-p62,HEK,dFIP200,No Torin,2
LC3-p62_HEK_dFIP200_No Torin_10Pos_2_AiryscanProcessing.czi,7,4,16,16,0,0,4,4,0,LC3-p62,HEK,dFIP200,No Torin,2
LC3-p62_HEK_dFIP200_No Torin_10Pos_2_AiryscanProcessing.czi,8,1,22,22,0,0,1,1,0,LC3-p62,HEK,dFIP200,No Torin,2
LC3-p62_HEK_dFIP200_No Torin_10Pos_2_AiryscanProcessing.czi,9,1,10,10,0,0,2,2,0,LC3-p62,HEK,dFIP200,No Torin,2
LC3-p62_HEK_dFIP200_No Torin_10Pos_2_AiryscanProcessing.czi,9,2,8,8,0,0,2,2,0,LC3-p62,HEK,dFIP200,No Torin,2
LC3-p62_HEK_dFIP200_No Torin_10Pos_2_AiryscanProcessing.czi,10,1,9,9,0,0,2,2,0,LC3-p62,HEK,dFIP200,No Torin,2
LC3-p62_HEK_dFIP200_No Torin_10Pos_2_AiryscanProcessing.czi,10,2,10,10,0,0,2,2,0,LC3-p62,HEK,dFIP200,No Torin,2
LC3-p62_HEK_dp62_Torin_10Pos_1_AiryscanProcessing.czi,1,1,0,0,74,74,1,1,0,LC3-p62,HEK,dp62,Torin,1
LC3-p62_HEK_dp62_Torin_10Pos_1_AiryscanProcessing.czi,2,1,0,0,37,37,2,2,0,LC3-p62,HEK,dp62,Torin,1
LC3-p62_HEK_dp62_Torin_10Pos_1_AiryscanProcessing.czi,2,2,0,0,27,27,2,2,0,LC3-p62,HEK,dp62,Torin,1
LC3-p62_HEK_dp62_Torin_10Pos_1_AiryscanProcessing.czi,3,1,0,0,53,53,2,2,0,LC3-p62,HEK,dp62,Torin,1
LC3-p62_HEK_dp62_Torin_10Pos_1_AiryscanProcessing.czi,3,2,0,0,40,40,2,2,0,LC3-p62,HEK,dp62,Torin,1
LC3-p62_HEK_dp62_Torin_10Pos_1_AiryscanProcessing.czi,4,1,0,0,42,42,2,2,0,LC3-p62,HEK,dp62,Torin,1
LC3-p62_HEK_dp62_Torin_10Pos_1_AiryscanProcessing.czi,4,2,0,0,49,49,2,2,0,LC3-p62,HEK,dp62,Torin,1
LC3-p62_HEK_dp62_Torin_10Pos_1_AiryscanProcessing.czi,5,1,0,0,51,51,1,2,0,LC3-p62,HEK,dp62,Torin,1
LC3-p62_HEK_dp62_Torin_10Pos_1_AiryscanProcessing.czi,6,1,0,0,15,15,2,2,0,LC3-p62,HEK,dp62,Torin,1
LC3-p62_HEK_dp62_Torin_10Pos_1_AiryscanProcessing.czi,6,2,0,0,14,14,2,2,0,LC3-p62,HEK,dp62,Torin,1
LC3-p62_HEK_dp62_Torin_10Pos_1_AiryscanProcessing.czi,7,1,0,0,12,12,2,2,0,LC3-p62,HEK,dp62,Torin,1
LC3-p62_HEK_dp62_Torin_10Pos_1_AiryscanProcessing.czi,7,2,0,0,33,33,2,2,0,LC3-p62,HEK,dp62,Torin,1
LC3-p62_HEK_dp62_Torin_10Pos_1_AiryscanProcessing.czi,8,1,0,0,55,55,3,3,0,LC3-p62,HEK,dp62,Torin,1
LC3-p62_HEK_dp62_Torin_10Pos_1_AiryscanProcessing.czi,8,2,0,0,26,26,3,3,0,LC3-p62,HEK,dp62,Torin,1
LC3-p62_HEK_dp62_Torin_10Pos_1_AiryscanProcessing.czi,8,3,0,0,98,98,3,3,0,LC3-p62,HEK,dp62,Torin,1
LC3-p62_HEK_dp62_Torin_10Pos_1_AiryscanProcessing.czi,9,1,0,0,34,34,2,2,0,LC3-p62,HEK,dp62,Torin,1
LC3-p62_HEK_dp62_Torin_10Pos_1_AiryscanProcessing.czi,9,2,0,0,68,68,2,2,0,LC3-p62,HEK,dp62,Torin,1
LC3-p62_HEK_dp62_Torin_10Pos_1_AiryscanProcessing.czi,10,1,0,0,58,58,2,2,0,LC3-p62,HEK,dp62,Torin,1
LC3-p62_HEK_dp62_Torin_10Pos_1_AiryscanProcessing.czi,10,2,0,0,39,39,2,2,0,LC3-p62,HEK,dp62,Torin,1
LC3-p62_HEK_dATG7_Torin_10Pos_3_AiryscanProcessing.czi,1,1,50,50,0,0,2,2,0,LC3-p62,HEK,dATG7,Torin,3
LC3-p62_HEK_dATG7_Torin_10Pos_3_AiryscanProcessing.czi,1,2,37,37,0,0,2,2,0,LC3-p62,HEK,dATG7,Torin,3
LC3-p62_HEK_dATG7_Torin_10Pos_3_AiryscanProcessing.czi,2,1,33,33,0,0,4,5,0,LC3-p62,HEK,dATG7,Torin,3
LC3-p62_HEK_dATG7_Torin_10Pos_3_AiryscanProcessing.czi,2,2,24,24,0,0,4,5,0,LC3-p62,HEK,dATG7,Torin,3
LC3-p62_HEK_dATG7_Torin_10Pos_3_AiryscanProcessing.czi,2,3,37,37,0,0,4,5,0,LC3-p62,HEK,dATG7,Torin,3
LC3-p62_HEK_dATG7_Torin_10Pos_3_AiryscanProcessing.czi,2,4,71,71,0,0,4,5,0,LC3-p62,HEK,dATG7,Torin,3
LC3-p62_HEK_dATG7_Torin_10Pos_3_AiryscanProcessing.czi,3,1,43,43,0,0,2,3,0,LC3-p62,HEK,dATG7,Torin,3
LC3-p62_HEK_dATG7_Torin_10Pos_3_AiryscanProcessing.czi,3,2,54,54,0,0,2,3,0,LC3-p62,HEK,dATG7,Torin,3
LC3-p62_HEK_dATG7_Torin_10Pos_3_AiryscanProcessing.czi,4,1,35,35,0,0,2,2,0,LC3-p62,HEK,dATG7,Torin,3
LC3-p62_HEK_dATG7_Torin_10Pos_3_AiryscanProcessing.czi,4,2,38,38,0,0,2,2,0,LC3-p62,HEK,dATG7,Torin,3
LC3-p62_HEK_dATG7_Torin_10Pos_3_AiryscanProcessing.czi,5,1,73,73,0,0,1,1,0,LC3-p62,HEK,dATG7,Torin,3
LC3-p62_HEK_dATG7_Torin_10Pos_3_AiryscanProcessing.czi,6,1,77,77,1,1,1,1,0,LC3-p62,HEK,dATG7,Torin,3
LC3-p62_HEK_dATG7_Torin_10Pos_3_AiryscanProcessing.czi,7,1,78,78,0,0,2,2,0,LC3-p62,HEK,dATG7,Torin,3
LC3-p62_HEK_dATG7_Torin_10Pos_3_AiryscanProcessing.czi,7,2,19,19,0,0,2,2,0,LC3-p62,HEK,dATG7,Torin,3
LC3-p62_HEK_dATG7_Torin_10Pos_3_AiryscanProcessing.czi,8,1,48,48,0,0,1,1,0,LC3-p62,HEK,dATG7,Torin,3
LC3-p62_HEK_dATG7_Torin_10Pos_3_AiryscanProcessing.czi,9,1,178,178,0,0,1,2,0,LC3-p62,HEK,dATG7,Torin,3
LC3-p62_HEK_dATG7_Torin_10Pos_3_AiryscanProcessing.czi,10,1,98,98,0,0,1,1,0,LC3-p62,HEK,dATG7,Torin,3
LC3-p62_HEK_dFIP200_Torin_10Pos_3_AiryscanProcessing.czi,1,1,4,4,0,0,2,2,0,LC3-p62,HEK,dFIP200,Torin,3
LC3-p62_HEK_dFIP200_Torin_10Pos_3_AiryscanProcessing.czi,1,2,12,12,0,0,2,2,0,LC3-p62,HEK,dFIP200,Torin,3
LC3-p62_HEK_dFIP200_Torin_10Pos_3_AiryscanProcessing.czi,2,1,2,2,1,1,2,2,0,LC3-p62,HEK,dFIP200,Torin,3
LC3-p62_HEK_dFIP200_Torin_10Pos_3_AiryscanProcessing.czi,2,2,9,9,2,2,2,2,0,LC3-p62,HEK,dFIP200,Torin,3
LC3-p62_HEK_dFIP200_Torin_10Pos_3_AiryscanProcessing.czi,3,1,7,7,0,0,1,3,0,LC3-p62,HEK,dFIP200,Torin,3
LC3-p62_HEK_dFIP200_Torin_10Pos_3_AiryscanProcessing.czi,4,1,10,10,0,0,2,2,0,LC3-p62,HEK,dFIP200,Torin,3
LC3-p62_HEK_dFIP200_Torin_10Pos_3_AiryscanProcessing.czi,4,2,6,6,0,0,2,2,0,LC3-p62,HEK,dFIP200,Torin,3
LC3-p62_HEK_dFIP200_Torin_10Pos_3_AiryscanProcessing.czi,5,1,2,2,2,2,2,2,0,LC3-p62,HEK,dFIP200,Torin,3
LC3-p62_HEK_dFIP200_Torin_10Pos_3_AiryscanProcessing.czi,5,2,4,4,0,0,2,2,0,LC3-p62,HEK,dFIP200,Torin,3
LC3-p62_HEK_dFIP200_Torin_10Pos_3_AiryscanProcessing.czi,6,1,6,6,0,0,2,3,0,LC3-p62,HEK,dFIP200,Torin,3
LC3-p62_HEK_dFIP200_Torin_10Pos_3_AiryscanProcessing.czi,6,2,2,2,0,0,2,3,0,LC3-p62,HEK,dFIP200,Torin,3
LC3-p62_HEK_dFIP200_Torin_10Pos_3_AiryscanProcessing.czi,8,1,18,18,2,2,1,3,0,LC3-p62,HEK,dFIP200,Torin,3
LC3-p62_HEK_dFIP200_Torin_10Pos_3_AiryscanProcessing.czi,10,1,1,1,0,0,2,2,0,LC3-p62,HEK,dFIP200,Torin,3
LC3-p62_HEK_dFIP200_Torin_10Pos_3_AiryscanProcessing.czi,10,2,4,5,0,1,2,2,1,LC3-p62,HEK,dFIP200,Torin,3
LC3-p62_HEK_dATG7_Torin_10Pos_4_AiryscanProcessing.czi,1,1,44,44,0,0,2,2,0,LC3-p62,HEK,dATG7,Torin,4
LC3-p62_HEK_dATG7_Torin_10Pos_4_AiryscanProcessing.czi,1,2,61,61,0,0,2,2,0,LC3-p62,HEK,dATG7,Torin,4
LC3-p62_HEK_dATG7_Torin_10Pos_4_AiryscanProcessing.czi,2,1,57,57,0,0,1,2,0,LC3-p62,HEK,dATG7,Torin,4
LC3-p62_HEK_dATG7_Torin_10Pos_4_AiryscanProcessing.czi,4,1,51,51,0,0,3,3,0,LC3-p62,HEK,dATG7,Torin,4
LC3-p62_HEK_dATG7_Torin_10Pos_4_AiryscanProcessing.czi,4,2,48,48,2,2,3,3,0,LC3-p62,HEK,dATG7,Torin,4
LC3-p62_HEK_dATG7_Torin_10Pos_4_AiryscanProcessing.czi,4,3,182,182,0,0,3,3,0,LC3-p62,HEK,dATG7,Torin,4
LC3-p62_HEK_dATG7_Torin_10Pos_4_AiryscanProcessing.czi,5,1,64,64,0,0,4,5,0,LC3-p62,HEK,dATG7,Torin,4
LC3-p62_HEK_dATG7_Torin_10Pos_4_AiryscanProcessing.czi,5,2,55,55,0,0,4,5,0,LC3-p62,HEK,dATG7,Torin,4
LC3-p62_HEK_dATG7_Torin_10Pos_4_AiryscanProcessing.czi,5,3,149,149,0,0,4,5,0,LC3-p62,HEK,dATG7,Torin,4
LC3-p62_HEK_dATG7_Torin_10Pos_4_AiryscanProcessing.czi,5,4,15,15,0,0,4,5,0,LC3-p62,HEK,dATG7,Torin,4
LC3-p62_HEK_dATG7_Torin_10Pos_4_AiryscanProcessing.czi,6,1,219,219,0,0,1,1,0,LC3-p62,HEK,dATG7,Torin,4
LC3-p62_HEK_dATG7_Torin_10Pos_4_AiryscanProcessing.czi,7,1,40,40,2,2,2,2,0,LC3-p62,HEK,dATG7,Torin,4
LC3-p62_HEK_dATG7_Torin_10Pos_4_AiryscanProcessing.czi,7,2,47,47,0,0,2,2,0,LC3-p62,HEK,dATG7,Torin,4
LC3-p62_HEK_dATG7_Torin_10Pos_4_AiryscanProcessing.czi,8,1,162,162,0,0,1,1,0,LC3-p62,HEK,dATG7,Torin,4
LC3-p62_HEK_dATG7_Torin_10Pos_4_AiryscanProcessing.czi,9,1,70,70,0,0,2,2,0,LC3-p62,HEK,dATG7,Torin,4
LC3-p62_HEK_dATG7_Torin_10Pos_4_AiryscanProcessing.czi,9,2,57,57,0,0,2,2,0,LC3-p62,HEK,dATG7,Torin,4
LC3-p62_HEK_dATG7_Torin_10Pos_4_AiryscanProcessing.czi,10,1,69,69,0,0,2,2,0,LC3-p62,HEK,dATG7,Torin,4
LC3-p62_HEK_dATG7_Torin_10Pos_4_AiryscanProcessing.czi,10,2,84,84,0,0,2,2,0,LC3-p62,HEK,dATG7,Torin,4
LC3-p62_HEK_dFIP200_Torin_10Pos_1_AiryscanProcessing.czi,1,1,22,22,5,5,2,2,0,LC3-p62,HEK,dFIP200,Torin,1
LC3-p62_HEK_dFIP200_Torin_10Pos_1_AiryscanProcessing.czi,1,2,7,10,1,4,2,2,3,LC3-p62,HEK,dFIP200,Torin,1
LC3-p62_HEK_dFIP200_Torin_10Pos_1_AiryscanProcessing.czi,2,1,4,4,0,0,2,2,0,LC3-p62,HEK,dFIP200,Torin,1
LC3-p62_HEK_dFIP200_Torin_10Pos_1_AiryscanProcessing.czi,2,2,8,8,1,1,2,2,0,LC3-p62,HEK,dFIP200,Torin,1
LC3-p62_HEK_dFIP200_Torin_10Pos_1_AiryscanProcessing.czi,3,1,11,11,0,0,2,2,0,LC3-p62,HEK,dFIP200,Torin,1
LC3-p62_HEK_dFIP200_Torin_10Pos_1_AiryscanProcessing.czi,3,2,5,5,0,0,2,2,0,LC3-p62,HEK,dFIP200,Torin,1
LC3-p62_HEK_dFIP200_Torin_10Pos_1_AiryscanProcessing.czi,5,1,17,17,0,0,3,3,0,LC3-p62,HEK,dFIP200,Torin,1
LC3-p62_HEK_dFIP200_Torin_10Pos_1_AiryscanProcessing.czi,5,2,13,13,0,0,3,3,0,LC3-p62,HEK,dFIP200,Torin,1
LC3-p62_HEK_dFIP200_Torin_10Pos_1_AiryscanProcessing.czi,5,3,16,16,1,1,3,3,0,LC3-p62,HEK,dFIP200,Torin,1
LC3-p62_HEK_dFIP200_Torin_10Pos_1_AiryscanProcessing.czi,6,1,15,15,0,0,1,1,0,LC3-p62,HEK,dFIP200,Torin,1
LC3-p62_HEK_dFIP200_Torin_10Pos_1_AiryscanProcessing.czi,7,1,9,9,1,1,2,2,0,LC3-p62,HEK,dFIP200,Torin,1
LC3-p62_HEK_dFIP200_Torin_10Pos_1_AiryscanProcessing.czi,7,2,6,6,0,0,2,2,0,LC3-p62,HEK,dFIP200,Torin,1
LC3-p62_HEK_dFIP200_Torin_10Pos_1_AiryscanProcessing.czi,8,1,36,36,0,0,1,2,0,LC3-p62,HEK,dFIP200,Torin,1
LC3-p62_HEK_dFIP200_Torin_10Pos_1_AiryscanProcessing.czi,9,1,9,9,1,1,2,3,0,LC3-p62,HEK,dFIP200,Torin,1
LC3-p62_HEK_dFIP200_Torin_10Pos_1_AiryscanProcessing.czi,9,2,2,2,0,0,2,3,0,LC3-p62,HEK,dFIP200,Torin,1
LC3-p62_HEK_dFIP200_Torin_10Pos_1_AiryscanProcessing.czi,10,1,6,6,0,0,2,3,0,LC3-p62,HEK,dFIP200,Torin,1
LC3-p62_HEK_dFIP200_Torin_10Pos_1_AiryscanProcessing.czi,10,2,9,9,1,1,2,3,0,LC3-p62,HEK,dFIP200,Torin,1
LC3-p62_HEK_dFIP200_Torin_10Pos_2_AiryscanProcessing.czi,1,1,10,10,0,0,2,2,0,LC3-p62,HEK,dFIP200,Torin,2
LC3-p62_HEK_dFIP200_Torin_10Pos_2_AiryscanProcessing.czi,1,2,11,11,1,1,2,2,0,LC3-p62,HEK,dFIP200,Torin,2
LC3-p62_HEK_dFIP200_Torin_10Pos_2_AiryscanProcessing.czi,2,1,1,1,0,0,3,4,0,LC3-p62,HEK,dFIP200,Torin,2
LC3-p62_HEK_dFIP200_Torin_10Pos_2_AiryscanProcessing.czi,2,2,1,1,0,0,3,4,0,LC3-p62,HEK,dFIP200,Torin,2
LC3-p62_HEK_dFIP200_Torin_10Pos_2_AiryscanProcessing.czi,2,3,14,15,1,2,3,4,1,LC3-p62,HEK,dFIP200,Torin,2
LC3-p62_HEK_dFIP200_Torin_10Pos_2_AiryscanProcessing.czi,3,1,18,18,2,2,3,5,0,LC3-p62,HEK,dFIP200,Torin,2
LC3-p62_HEK_dFIP200_Torin_10Pos_2_AiryscanProcessing.czi,3,2,3,3,0,0,3,5,0,LC3-p62,HEK,dFIP200,Torin,2
LC3-p62_HEK_dFIP200_Torin_10Pos_2_AiryscanProcessing.czi,3,3,4,4,0,0,3,5,0,LC3-p62,HEK,dFIP200,Torin,2
LC3-p62_HEK_dFIP200_Torin_10Pos_2_AiryscanProcessing.czi,4,1,11,11,0,0,1,3,0,LC3-p62,HEK,dFIP200,Torin,2
LC3-p62_HEK_dFIP200_Torin_10Pos_2_AiryscanProcessing.czi,5,1,3,3,0,0,4,4,0,LC3-p62,HEK,dFIP200,Torin,2
LC3-p62_HEK_dFIP200_Torin_10Pos_2_AiryscanProcessing.czi,5,2,7,7,0,0,4,4,0,LC3-p62,HEK,dFIP200,Torin,2
LC3-p62_HEK_dFIP200_Torin_10Pos_2_AiryscanProcessing.czi,5,3,4,4,0,0,4,4,0,LC3-p62,HEK,dFIP200,Torin,2
LC3-p62_HEK_dFIP200_Torin_10Pos_2_AiryscanProcessing.czi,5,4,9,9,0,0,4,4,0,LC3-p62,HEK,dFIP200,Torin,2
LC3-p62_HEK_dFIP200_Torin_10Pos_2_AiryscanProcessing.czi,6,1,15,15,0,0,2,2,0,LC3-p62,HEK,dFIP200,Torin,2
LC3-p62_HEK_dFIP200_Torin_10Pos_2_AiryscanProcessing.czi,6,2,24,24,0,0,2,2,0,LC3-p62,HEK,dFIP200,Torin,2
LC3-p62_HEK_dFIP200_Torin_10Pos_2_AiryscanProcessing.czi,7,1,8,8,1,1,1,1,0,LC3-p62,HEK,dFIP200,Torin,2
LC3-p62_HEK_dFIP200_Torin_10Pos_2_AiryscanProcessing.czi,8,1,6,6,1,1,1,1,0,LC3-p62,HEK,dFIP200,Torin,2
LC3-p62_HEK_dFIP200_Torin_10Pos_2_AiryscanProcessing.czi,9,1,7,7,0,0,2,2,0,LC3-p62,HEK,dFIP200,Torin,2
LC3-p62_HEK_dFIP200_Torin_10Pos_2_AiryscanProcessing.czi,9,2,13,13,0,0,2,2,0,LC3-p62,HEK,dFIP200,Torin,2
LC3-p62_HEK_dFIP200_Torin_10Pos_2_AiryscanProcessing.czi,10,1,2,2,0,0,4,5,0,LC3-p62,HEK,dFIP200,Torin,2
LC3-p62_HEK_dFIP200_Torin_10Pos_2_AiryscanProcessing.czi,10,2,27,27,1,1,4,5,0,LC3-p62,HEK,dFIP200,Torin,2
LC3-p62_HEK_dFIP200_Torin_10Pos_2_AiryscanProcessing.czi,10,3,8,8,0,0,4,5,0,LC3-p62,HEK,dFIP200,Torin,2
LC3-p62_HEK_dFIP200_Torin_10Pos_2_AiryscanProcessing.czi,10,4,7,7,0,0,4,5,0,LC3-p62,HEK,dFIP200,Torin,2
LC3-p62_HEK_dFIP200_No Torin_10Pos_1_AiryscanProcessing.czi,1,1,8,8,0,0,2,2,0,LC3-p62,HEK,dFIP200,No Torin,1
LC3-p62_HEK_dFIP200_No Torin_10Pos_1_AiryscanProcessing.czi,1,2,8,8,1,1,2,2,0,LC3-p62,HEK,dFIP200,No Torin,1
LC3-p62_HEK_dFIP200_No Torin_10Pos_1_AiryscanProcessing.czi,2,1,27,27,1,1,1,2,0,LC3-p62,HEK,dFIP200,No Torin,1
LC3-p62_HEK_dFIP200_No Torin_10Pos_1_AiryscanProcessing.czi,4,1,29,29,2,2,1,2,0,LC3-p62,HEK,dFIP200,No Torin,1
LC3-p62_HEK_dFIP200_No Torin_10Pos_1_AiryscanProcessing.czi,5,1,11,11,2,2,2,2,0,LC3-p62,HEK,dFIP200,No Torin,1
LC3-p62_HEK_dFIP200_No Torin_10Pos_1_AiryscanProcessing.czi,5,2,37,37,0,0,2,2,0,LC3-p62,HEK,dFIP200,No Torin,1
LC3-p62_HEK_dFIP200_No Torin_10Pos_1_AiryscanProcessing.czi,6,1,10,10,0,0,2,4,0,LC3-p62,HEK,dFIP200,No Torin,1
LC3-p62_HEK_dFIP200_No Torin_10Pos_1_AiryscanProcessing.czi,6,2,25,25,0,0,2,4,0,LC3-p62,HEK,dFIP200,No Torin,1
LC3-p62_HEK_dFIP200_No Torin_10Pos_1_AiryscanProcessing.czi,7,1,26,26,2,2,1,1,0,LC3-p62,HEK,dFIP200,No Torin,1
LC3-p62_HEK_dFIP200_No Torin_10Pos_1_AiryscanProcessing.czi,8,1,234,234,1,1,2,2,0,LC3-p62,HEK,dFIP200,No Torin,1
LC3-p62_HEK_dFIP200_No Torin_10Pos_1_AiryscanProcessing.czi,8,2,106,106,0,0,2,2,0,LC3-p62,HEK,dFIP200,No Torin,1
LC3-p62_HEK_dFIP200_No Torin_10Pos_1_AiryscanProcessing.czi,9,1,28,30,4,6,1,2,2,LC3-p62,HEK,dFIP200,No Torin,1
LC3-p62_HEK_dFIP200_No Torin_10Pos_1_AiryscanProcessing.czi,10,1,7,7,0,0,1,1,0,LC3-p62,HEK,dFIP200,No Torin,1
LC3-p62_HEK_dFIP200_No Torin_10Pos_3_AiryscanProcessing.czi,1,1,8,8,2,2,1,2,0,LC3-p62,HEK,dFIP200,No Torin,3
LC3-p62_HEK_dFIP200_No Torin_10Pos_3_AiryscanProcessing.czi,2,1,6,6,0,0,2,2,0,LC3-p62,HEK,dFIP200,No Torin,3
LC3-p62_HEK_dFIP200_No Torin_10Pos_3_AiryscanProcessing.czi,2,2,6,6,0,0,2,2,0,LC3-p62,HEK,dFIP200,No Torin,3
LC3-p62_HEK_dFIP200_No Torin_10Pos_3_AiryscanProcessing.czi,3,1,4,4,1,1,2,2,0,LC3-p62,HEK,dFIP200,No Torin,3
LC3-p62_HEK_dFIP200_No Torin_10Pos_3_AiryscanProcessing.czi,3,2,5,5,0,0,2,2,0,LC3-p62,HEK,dFIP200,No Torin,3
LC3-p62_HEK_dFIP200_No Torin_10Pos_3_AiryscanProcessing.czi,4,1,6,6,0,0,2,2,0,LC3-p62,HEK,dFIP200,No Torin,3
LC3-p62_HEK_dFIP200_No Torin_10Pos_3_AiryscanProcessing.czi,4,2,8,8,0,0,2,2,0,LC3-p62,HEK,dFIP200,No Torin,3
LC3-p62_HEK_dFIP200_No Torin_10Pos_3_AiryscanProcessing.czi,5,1,40,40,4,4,1,1,0,LC3-p62,HEK,dFIP200,No Torin,3
LC3-p62_HEK_dFIP200_No Torin_10Pos_3_AiryscanProcessing.czi,6,1,6,6,0,0,3,3,0,LC3-p62,HEK,dFIP200,No Torin,3
LC3-p62_HEK_dFIP200_No Torin_10Pos_3_AiryscanProcessing.czi,6,2,11,11,0,0,3,3,0,LC3-p62,HEK,dFIP200,No Torin,3
LC3-p62_HEK_dFIP200_No Torin_10Pos_3_AiryscanProcessing.czi,6,3,26,26,0,0,3,3,0,LC3-p62,HEK,dFIP200,No Torin,3
LC3-p62_HEK_dFIP200_No Torin_10Pos_3_AiryscanProcessing.czi,7,1,19,19,0,0,2,2,0,LC3-p62,HEK,dFIP200,No Torin,3
LC3-p62_HEK_dFIP200_No Torin_10Pos_3_AiryscanProcessing.czi,7,2,23,23,1,1,2,2,0,LC3-p62,HEK,dFIP200,No Torin,3
LC3-p62_HEK_dFIP200_No Torin_10Pos_3_AiryscanProcessing.czi,8,1,15,15,0,0,2,2,0,LC3-p62,HEK,dFIP200,No Torin,3
LC3-p62_HEK_dFIP200_No Torin_10Pos_3_AiryscanProcessing.czi,8,2,8,8,3,3,2,2,0,LC3-p62,HEK,dFIP200,No Torin,3
LC3-p62_HEK_dFIP200_No Torin_10Pos_3_AiryscanProcessing.czi,9,1,43,44,0,1,1,1,1,LC3-p62,HEK,dFIP200,No Torin,3
LC3-p62_HEK_dFIP200_No Torin_10Pos_3_AiryscanProcessing.czi,10,1,20,20,0,0,2,2,0,LC3-p62,HEK,dFIP200,No Torin,3
LC3-p62_HEK_dFIP200_No Torin_10Pos_3_AiryscanProcessing.czi,10,2,24,24,0,0,2,2,0,LC3-p62,HEK,dFIP200,No Torin,3
LC3-p62_HEK_dATG7_No Torin_10Pos_4_AiryscanProcessing.czi,1,1,16,16,0,0,3,3,0,LC3-p62,HEK,dATG7,No Torin,4
LC3-p62_HEK_dATG7_No Torin_10Pos_4_AiryscanProcessing.czi,1,2,52,52,0,0,3,3,0,LC3-p62,HEK,dATG7,No Torin,4
LC3-p62_HEK_dATG7_No Torin_10Pos_4_AiryscanProcessing.czi,1,3,29,29,0,0,3,3,0,LC3-p62,HEK,dATG7,No Torin,4
LC3-p62_HEK_dATG7_No Torin_10Pos_4_AiryscanProcessing.czi,2,1,70,70,0,0,2,2,0,LC3-p62,HEK,dATG7,No Torin,4
LC3-p62_HEK_dATG7_No Torin_10Pos_4_AiryscanProcessing.czi,2,2,25,25,1,1,2,2,0,LC3-p62,HEK,dATG7,No Torin,4
LC3-p62_HEK_dATG7_No Torin_10Pos_4_AiryscanProcessing.czi,3,1,65,65,0,0,4,4,0,LC3-p62,HEK,dATG7,No Torin,4
LC3-p62_HEK_dATG7_No Torin_10Pos_4_AiryscanProcessing.czi,3,2,106,106,0,0,4,4,0,LC3-p62,HEK,dATG7,No Torin,4
LC3-p62_HEK_dATG7_No Torin_10Pos_4_AiryscanProcessing.czi,3,3,44,44,0,0,4,4,0,LC3-p62,HEK,dATG7,No Torin,4
LC3-p62_HEK_dATG7_No Torin_10Pos_4_AiryscanProcessing.czi,3,4,72,72,0,0,4,4,0,LC3-p62,HEK,dATG7,No Torin,4
LC3-p62_HEK_dATG7_No Torin_10Pos_4_AiryscanProcessing.czi,4,1,73,73,0,0,1,1,0,LC3-p62,HEK,dATG7,No Torin,4
LC3-p62_HEK_dATG7_No Torin_10Pos_4_AiryscanProcessing.czi,5,1,36,36,0,0,2,3,0,LC3-p62,HEK,dATG7,No Torin,4
LC3-p62_HEK_dATG7_No Torin_10Pos_4_AiryscanProcessing.czi,5,2,81,81,1,1,2,3,0,LC3-p62,HEK,dATG7,No Torin,4
LC3-p62_HEK_dATG7_No Torin_10Pos_4_AiryscanProcessing.czi,6,1,36,36,0,0,2,2,0,LC3-p62,HEK,dATG7,No Torin,4
LC3-p62_HEK_dATG7_No Torin_10Pos_4_AiryscanProcessing.czi,6,2,30,30,0,0,2,2,0,LC3-p62,HEK,dATG7,No Torin,4
LC3-p62_HEK_dATG7_No Torin_10Pos_4_AiryscanProcessing.czi,7,1,70,70,0,0,1,1,0,LC3-p62,HEK,dATG7,No Torin,4
LC3-p62_HEK_dATG7_No Torin_10Pos_4_AiryscanProcessing.czi,8,1,107,107,0,0,1,1,0,LC3-p62,HEK,dATG7,No Torin,4
LC3-p62_HEK_dATG7_No Torin_10Pos_4_AiryscanProcessing.czi,9,1,153,153,0,0,1,1,0,LC3-p62,HEK,dATG7,No Torin,4
LC3-p62_HEK_dATG7_No Torin_10Pos_4_AiryscanProcessing.czi,10,1,59,59,0,0,2,2,0,LC3-p62,HEK,dATG7,No Torin,4
LC3-p62_HEK_dATG7_No Torin_10Pos_4_AiryscanProcessing.czi,10,2,176,176,0,0,2,2,0,LC3-p62,HEK,dATG7,No Torin,4
LC3-p62_HEK_dFIP200_No Torin_10Pos_4_AiryscanProcessing.czi,1,1,15,15,0,0,1,2,0,LC3-p62,HEK,dFIP200,No Torin,4
LC3-p62_HEK_dFIP200_No Torin_10Pos_4_AiryscanProcessing.czi,2,1,35,35,0,0,2,2,0,LC3-p62,HEK,dFIP200,No Torin,4
LC3-p62_HEK_dFIP200_No Torin_10Pos_4_AiryscanProcessing.czi,2,2,43,43,0,0,2,2,0,LC3-p62,HEK,dFIP200,No Torin,4
LC3-p62_HEK_dFIP200_No Torin_10Pos_4_AiryscanProcessing.czi,3,1,164,164,0,0,2,2,0,LC3-p62,HEK,dFIP200,No Torin,4
LC3-p62_HEK_dFIP200_No Torin_10Pos_4_AiryscanProcessing.czi,3,2,110,110,0,0,2,2,0,LC3-p62,HEK,dFIP200,No Torin,4
LC3-p62_HEK_dFIP200_No Torin_10Pos_4_AiryscanProcessing.czi,4,1,22,22,0,0,2,2,0,LC3-p62,HEK,dFIP200,No Torin,4
LC3-p62_HEK_dFIP200_No Torin_10Pos_4_AiryscanProcessing.czi,4,2,41,43,5,7,2,2,2,LC3-p62,HEK,dFIP200,No Torin,4
LC3-p62_HEK_dFIP200_No Torin_10Pos_4_AiryscanProcessing.czi,5,1,10,10,0,0,1,4,0,LC3-p62,HEK,dFIP200,No Torin,4
LC3-p62_HEK_dFIP200_No Torin_10Pos_4_AiryscanProcessing.czi,6,1,5,5,1,1,1,1,0,LC3-p62,HEK,dFIP200,No Torin,4
LC3-p62_HEK_dFIP200_No Torin_10Pos_4_AiryscanProcessing.czi,7,1,24,24,0,0,2,2,0,LC3-p62,HEK,dFIP200,No Torin,4
LC3-p62_HEK_dFIP200_No Torin_10Pos_4_AiryscanProcessing.czi,7,2,16,16,0,0,2,2,0,LC3-p62,HEK,dFIP200,No Torin,4
LC3-p62_HEK_dFIP200_No Torin_10Pos_4_AiryscanProcessing.czi,8,1,48,48,0,0,1,3,0,LC3-p62,HEK,dFIP200,No Torin,4
LC3-p62_HEK_dFIP200_No Torin_10Pos_4_AiryscanProcessing.czi,10,1,76,76,3,3,1,1,0,LC3-p62,HEK,dFIP200,No Torin,4
LC3-p62_HEK_dTMEM_No Torin_10Pos_2_AiryscanProcessing.czi,1,1,48,61,10,23,1,1,13,LC3-p62,HEK,dTMEM,No Torin,2
LC3-p62_HEK_dTMEM_No Torin_10Pos_2_AiryscanProcessing.czi,2,1,20,45,17,42,1,3,25,LC3-p62,HEK,dTMEM,No Torin,2
LC3-p62_HEK_dTMEM_No Torin_10Pos_2_AiryscanProcessing.czi,3,1,44,75,18,49,2,2,31,LC3-p62,HEK,dTMEM,No Torin,2
LC3-p62_HEK_dTMEM_No Torin_10Pos_2_AiryscanProcessing.czi,3,2,55,90,16,51,2,2,35,LC3-p62,HEK,dTMEM,No Torin,2
LC3-p62_HEK_dTMEM_No Torin_10Pos_2_AiryscanProcessing.czi,4,1,23,96,22,95,2,2,73,LC3-p62,HEK,dTMEM,No Torin,2
LC3-p62_HEK_dTMEM_No Torin_10Pos_2_AiryscanProcessing.czi,4,2,18,108,17,107,2,2,90,LC3-p62,HEK,dTMEM,No Torin,2
LC3-p62_HEK_dTMEM_No Torin_10Pos_2_AiryscanProcessing.czi,5,1,32,91,7,66,2,2,59,LC3-p62,HEK,dTMEM,No Torin,2
LC3-p62_HEK_dTMEM_No Torin_10Pos_2_AiryscanProcessing.czi,5,2,32,101,12,81,2,2,69,LC3-p62,HEK,dTMEM,No Torin,2
LC3-p62_HEK_dTMEM_No Torin_10Pos_2_AiryscanProcessing.czi,6,1,32,103,45,116,1,1,71,LC3-p62,HEK,dTMEM,No Torin,2
LC3-p62_HEK_dTMEM_No Torin_10Pos_2_AiryscanProcessing.czi,7,1,21,101,32,112,1,1,80,LC3-p62,HEK,dTMEM,No Torin,2
LC3-p62_HEK_dTMEM_No Torin_10Pos_2_AiryscanProcessing.czi,8,1,75,121,20,66,1,1,46,LC3-p62,HEK,dTMEM,No Torin,2
LC3-p62_HEK_dTMEM_No Torin_10Pos_2_AiryscanProcessing.czi,9,1,35,79,57,101,2,2,44,LC3-p62,HEK,dTMEM,No Torin,2
LC3-p62_HEK_dTMEM_No Torin_10Pos_2_AiryscanProcessing.czi,9,2,36,80,37,81,2,2,44,LC3-p62,HEK,dTMEM,No Torin,2
LC3-p62_HEK_dTMEM_No Torin_10Pos_2_AiryscanProcessing.czi,10,1,73,163,34,124,2,2,90,LC3-p62,HEK,dTMEM,No Torin,2
LC3-p62_HEK_dTMEM_No Torin_10Pos_2_AiryscanProcessing.czi,10,2,38,115,31,108,2,2,77,LC3-p62,HEK,dTMEM,No Torin,2
LC3-p62_HEK_dATG7_Torin_10Pos_2_AiryscanProcessing.czi,1,1,49,49,0,0,2,3,0,LC3-p62,HEK,dATG7,Torin,2
LC3-p62_HEK_dATG7_Torin_10Pos_2_AiryscanProcessing.czi,1,2,202,202,0,0,2,3,0,LC3-p62,HEK,dATG7,Torin,2
LC3-p62_HEK_dATG7_Torin_10Pos_2_AiryscanProcessing.czi,2,1,49,49,0,0,4,5,0,LC3-p62,HEK,dATG7,Torin,2
LC3-p62_HEK_dATG7_Torin_10Pos_2_AiryscanProcessing.czi,2,2,58,58,0,0,4,5,0,LC3-p62,HEK,dATG7,Torin,2
LC3-p62_HEK_dATG7_Torin_10Pos_2_AiryscanProcessing.czi,2,3,34,34,0,0,4,5,0,LC3-p62,HEK,dATG7,Torin,2
LC3-p62_HEK_dATG7_Torin_10Pos_2_AiryscanProcessing.czi,2,4,89,89,1,1,4,5,0,LC3-p62,HEK,dATG7,Torin,2
LC3-p62_HEK_dATG7_Torin_10Pos_2_AiryscanProcessing.czi,3,1,101,101,0,0,1,1,0,LC3-p62,HEK,dATG7,Torin,2
LC3-p62_HEK_dATG7_Torin_10Pos_2_AiryscanProcessing.czi,4,1,49,49,0,0,2,2,0,LC3-p62,HEK,dATG7,Torin,2
LC3-p62_HEK_dATG7_Torin_10Pos_2_AiryscanProcessing.czi,4,2,22,22,0,0,2,2,0,LC3-p62,HEK,dATG7,Torin,2
LC3-p62_HEK_dATG7_Torin_10Pos_2_AiryscanProcessing.czi,5,1,38,38,0,0,2,2,0,LC3-p62,HEK,dATG7,Torin,2
LC3-p62_HEK_dATG7_Torin_10Pos_2_AiryscanProcessing.czi,5,2,55,55,1,1,2,2,0,LC3-p62,HEK,dATG7,Torin,2
LC3-p62_HEK_dATG7_Torin_10Pos_2_AiryscanProcessing.czi,6,1,54,54,1,1,2,3,0,LC3-p62,HEK,dATG7,Torin,2
LC3-p62_HEK_dATG7_Torin_10Pos_2_AiryscanProcessing.czi,6,2,42,42,0,0,2,3,0,LC3-p62,HEK,dATG7,Torin,2
LC3-p62_HEK_dATG7_Torin_10Pos_2_AiryscanProcessing.czi,7,1,76,76,1,1,1,1,0,LC3-p62,HEK,dATG7,Torin,2
LC3-p62_HEK_dATG7_Torin_10Pos_2_AiryscanProcessing.czi,8,1,7,7,0,0,3,3,0,LC3-p62,HEK,dATG7,Torin,2
LC3-p62_HEK_dATG7_Torin_10Pos_2_AiryscanProcessing.czi,8,2,23,23,0,0,3,3,0,LC3-p62,HEK,dATG7,Torin,2
LC3-p62_HEK_dATG7_Torin_10Pos_2_AiryscanProcessing.czi,8,3,40,40,0,0,3,3,0,LC3-p62,HEK,dATG7,Torin,2
LC3-p62_HEK_dATG7_Torin_10Pos_2_AiryscanProcessing.czi,9,1,29,29,0,0,4,4,0,LC3-p62,HEK,dATG7,Torin,2
LC3-p62_HEK_dATG7_Torin_10Pos_2_AiryscanProcessing.czi,9,2,32,32,0,0,4,4,0,LC3-p62,HEK,dATG7,Torin,2
LC3-p62_HEK_dATG7_Torin_10Pos_2_AiryscanProcessing.czi,9,3,24,24,0,0,4,4,0,LC3-p62,HEK,dATG7,Torin,2
LC3-p62_HEK_dATG7_Torin_10Pos_2_AiryscanProcessing.czi,9,4,23,23,0,0,4,4,0,LC3-p62,HEK,dATG7,Torin,2
LC3-p62_HEK_dATG7_Torin_10Pos_2_AiryscanProcessing.czi,10,1,39,39,0,0,2,2,0,LC3-p62,HEK,dATG7,Torin,2
LC3-p62_HEK_dATG7_Torin_10Pos_2_AiryscanProcessing.czi,10,2,31,31,0,0,2,2,0,LC3-p62,HEK,dATG7,Torin,2
LC3-p62_HEK_WT_No Torin_10Pos_2_AiryscanProcessing.czi,1,1,2,8,5,11,2,2,6,LC3-p62,HEK,WT,No Torin,2
LC3-p62_HEK_WT_No Torin_10Pos_2_AiryscanProcessing.czi,1,2,6,7,11,12,2,2,1,LC3-p62,HEK,WT,No Torin,2
LC3-p62_HEK_WT_No Torin_10Pos_2_AiryscanProcessing.czi,2,1,18,18,0,0,2,2,0,LC3-p62,HEK,WT,No Torin,2
LC3-p62_HEK_WT_No Torin_10Pos_2_AiryscanProcessing.czi,2,2,27,27,0,0,2,2,0,LC3-p62,HEK,WT,No Torin,2
LC3-p62_HEK_WT_No Torin_10Pos_2_AiryscanProcessing.czi,3,1,4,7,4,7,2,2,3,LC3-p62,HEK,WT,No Torin,2
LC3-p62_HEK_WT_No Torin_10Pos_2_AiryscanProcessing.czi,3,2,7,11,1,5,2,2,4,LC3-p62,HEK,WT,No Torin,2
LC3-p62_HEK_WT_No Torin_10Pos_2_AiryscanProcessing.czi,4,1,16,31,17,32,1,1,15,LC3-p62,HEK,WT,No Torin,2
LC3-p62_HEK_WT_No Torin_10Pos_2_AiryscanProcessing.czi,5,1,10,12,2,4,2,3,2,LC3-p62,HEK,WT,No Torin,2
LC3-p62_HEK_WT_No Torin_10Pos_2_AiryscanProcessing.czi,5,2,9,10,3,4,2,3,1,LC3-p62,HEK,WT,No Torin,2
LC3-p62_HEK_WT_No Torin_10Pos_2_AiryscanProcessing.czi,6,1,7,14,4,11,2,2,7,LC3-p62,HEK,WT,No Torin,2
LC3-p62_HEK_WT_No Torin_10Pos_2_AiryscanProcessing.czi,6,2,8,15,7,14,2,2,7,LC3-p62,HEK,WT,No Torin,2
LC3-p62_HEK_WT_No Torin_10Pos_2_AiryscanProcessing.czi,7,1,12,16,1,5,2,2,4,LC3-p62,HEK,WT,No Torin,2
LC3-p62_HEK_WT_No Torin_10Pos_2_AiryscanProcessing.czi,7,2,8,12,0,4,2,2,4,LC3-p62,HEK,WT,No Torin,2
LC3-p62_HEK_WT_No Torin_10Pos_2_AiryscanProcessing.czi,8,1,12,19,7,14,3,4,7,LC3-p62,HEK,WT,No Torin,2
LC3-p62_HEK_WT_No Torin_10Pos_2_AiryscanProcessing.czi,8,2,13,16,2,5,3,4,3,LC3-p62,HEK,WT,No Torin,2
LC3-p62_HEK_WT_No Torin_10Pos_2_AiryscanProcessing.czi,8,3,14,21,3,10,3,4,7,LC3-p62,HEK,WT,No Torin,2
LC3-p62_HEK_WT_No Torin_10Pos_2_AiryscanProcessing.czi,9,1,4,4,6,6,1,1,0,LC3-p62,HEK,WT,No Torin,2
LC3-p62_HEK_WT_No Torin_10Pos_2_AiryscanProcessing.czi,10,1,4,7,3,6,1,1,3,LC3-p62,HEK,WT,No Torin,2
LC3-p62_HEK_dp62_No Torin_10Pos_4_AiryscanProcessing.czi,1,1,0,0,2,2,3,3,0,LC3-p62,HEK,dp62,No Torin,4
LC3-p62_HEK_dp62_No Torin_10Pos_4_AiryscanProcessing.czi,1,2,0,0,2,2,3,3,0,LC3-p62,HEK,dp62,No Torin,4
LC3-p62_HEK_dp62_No Torin_10Pos_4_AiryscanProcessing.czi,1,3,0,0,0,0,3,3,0,LC3-p62,HEK,dp62,No Torin,4
LC3-p62_HEK_dp62_No Torin_10Pos_4_AiryscanProcessing.czi,2,1,0,0,2,2,2,2,0,LC3-p62,HEK,dp62,No Torin,4
LC3-p62_HEK_dp62_No Torin_10Pos_4_AiryscanProcessing.czi,2,2,0,0,2,2,2,2,0,LC3-p62,HEK,dp62,No Torin,4
LC3-p62_HEK_dp62_No Torin_10Pos_4_AiryscanProcessing.czi,3,1,0,0,1,1,2,2,0,LC3-p62,HEK,dp62,No Torin,4
LC3-p62_HEK_dp62_No Torin_10Pos_4_AiryscanProcessing.czi,3,2,0,0,2,2,2,2,0,LC3-p62,HEK,dp62,No Torin,4
LC3-p62_HEK_dp62_No Torin_10Pos_4_AiryscanProcessing.czi,4,1,0,0,1,1,2,2,0,LC3-p62,HEK,dp62,No Torin,4
LC3-p62_HEK_dp62_No Torin_10Pos_4_AiryscanProcessing.czi,4,2,0,0,0,0,2,2,0,LC3-p62,HEK,dp62,No Torin,4
LC3-p62_HEK_dp62_No Torin_10Pos_4_AiryscanProcessing.czi,5,1,0,0,0,0,3,4,0,LC3-p62,HEK,dp62,No Torin,4
LC3-p62_HEK_dp62_No Torin_10Pos_4_AiryscanProcessing.czi,5,2,0,0,5,5,3,4,0,LC3-p62,HEK,dp62,No Torin,4
LC3-p62_HEK_dp62_No Torin_10Pos_4_AiryscanProcessing.czi,5,3,0,0,3,3,3,4,0,LC3-p62,HEK,dp62,No Torin,4
LC3-p62_HEK_dp62_No Torin_10Pos_4_AiryscanProcessing.czi,6,1,0,0,3,3,2,2,0,LC3-p62,HEK,dp62,No Torin,4
LC3-p62_HEK_dp62_No Torin_10Pos_4_AiryscanProcessing.czi,6,2,0,0,1,1,2,2,0,LC3-p62,HEK,dp62,No Torin,4
LC3-p62_HEK_dp62_No Torin_10Pos_4_AiryscanProcessing.czi,7,1,0,0,0,0,2,2,0,LC3-p62,HEK,dp62,No Torin,4
LC3-p62_HEK_dp62_No Torin_10Pos_4_AiryscanProcessing.czi,7,2,0,0,2,2,2,2,0,LC3-p62,HEK,dp62,No Torin,4
LC3-p62_HEK_dp62_No Torin_10Pos_4_AiryscanProcessing.czi,8,1,0,0,0,0,2,3,0,LC3-p62,HEK,dp62,No Torin,4
LC3-p62_HEK_dp62_No Torin_10Pos_4_AiryscanProcessing.czi,8,2,0,0,0,0,2,3,0,LC3-p62,HEK,dp62,No Torin,4
LC3-p62_HEK_dp62_No Torin_10Pos_4_AiryscanProcessing.czi,9,1,0,0,4,4,1,2,0,LC3-p62,HEK,dp62,No Torin,4
LC3-p62_HEK_dp62_No Torin_10Pos_4_AiryscanProcessing.czi,10,1,0,0,0,0,2,2,0,LC3-p62,HEK,dp62,No Torin,4
LC3-p62_HEK_dp62_No Torin_10Pos_4_AiryscanProcessing.czi,10,2,0,0,1,1,2,2,0,LC3-p62,HEK,dp62,No Torin,4
LC3-p62_HEK_dVPS37A_Torin_10Pos_2_AiryscanProcessing.czi,1,1,38,93,40,95,2,2,55,LC3-p62,HEK,dVPS37A,Torin,2
LC3-p62_HEK_dVPS37A_Torin_10Pos_2_AiryscanProcessing.czi,1,2,72,161,30,119,2,2,89,LC3-p62,HEK,dVPS37A,Torin,2
LC3-p62_HEK_dVPS37A_Torin_10Pos_2_AiryscanProcessing.czi,2,1,20,61,21,62,3,3,41,LC3-p62,HEK,dVPS37A,Torin,2
LC3-p62_HEK_dVPS37A_Torin_10Pos_2_AiryscanProcessing.czi,2,2,15,36,13,34,3,3,21,LC3-p62,HEK,dVPS37A,Torin,2
LC3-p62_HEK_dVPS37A_Torin_10Pos_2_AiryscanProcessing.czi,2,3,24,85,25,86,3,3,61,LC3-p62,HEK,dVPS37A,Torin,2
LC3-p62_HEK_dVPS37A_Torin_10Pos_2_AiryscanProcessing.czi,3,1,6,31,31,56,2,3,25,LC3-p62,HEK,dVPS37A,Torin,2
LC3-p62_HEK_dVPS37A_Torin_10Pos_2_AiryscanProcessing.czi,3,2,6,31,20,45,2,3,25,LC3-p62,HEK,dVPS37A,Torin,2
LC3-p62_HEK_dVPS37A_Torin_10Pos_2_AiryscanProcessing.czi,4,1,40,71,9,40,1,1,31,LC3-p62,HEK,dVPS37A,Torin,2
LC3-p62_HEK_dVPS37A_Torin_10Pos_2_AiryscanProcessing.czi,5,1,53,109,18,74,2,2,56,LC3-p62,HEK,dVPS37A,Torin,2
LC3-p62_HEK_dVPS37A_Torin_10Pos_2_AiryscanProcessing.czi,5,2,45,111,15,81,2,2,66,LC3-p62,HEK,dVPS37A,Torin,2
LC3-p62_HEK_dVPS37A_Torin_10Pos_2_AiryscanProcessing.czi,6,1,46,91,16,61,2,2,45,LC3-p62,HEK,dVPS37A,Torin,2
LC3-p62_HEK_dVPS37A_Torin_10Pos_2_AiryscanProcessing.czi,6,2,33,80,14,61,2,2,47,LC3-p62,HEK,dVPS37A,Torin,2
LC3-p62_HEK_dVPS37A_Torin_10Pos_2_AiryscanProcessing.czi,7,1,4,27,69,92,2,2,23,LC3-p62,HEK,dVPS37A,Torin,2
LC3-p62_HEK_dVPS37A_Torin_10Pos_2_AiryscanProcessing.czi,7,2,13,45,48,80,2,2,32,LC3-p62,HEK,dVPS37A,Torin,2
LC3-p62_HEK_dVPS37A_Torin_10Pos_2_AiryscanProcessing.czi,8,1,26,31,2,7,3,3,5,LC3-p62,HEK,dVPS37A,Torin,2
LC3-p62_HEK_dVPS37A_Torin_10Pos_2_AiryscanProcessing.czi,8,2,73,150,45,122,3,3,77,LC3-p62,HEK,dVPS37A,Torin,2
LC3-p62_HEK_dVPS37A_Torin_10Pos_2_AiryscanProcessing.czi,8,3,43,83,27,67,3,3,40,LC3-p62,HEK,dVPS37A,Torin,2
LC3-p62_HEK_dVPS37A_Torin_10Pos_2_AiryscanProcessing.czi,9,1,16,36,10,30,3,3,20,LC3-p62,HEK,dVPS37A,Torin,2
LC3-p62_HEK_dVPS37A_Torin_10Pos_2_AiryscanProcessing.czi,9,2,72,161,26,115,3,3,89,LC3-p62,HEK,dVPS37A,Torin,2
LC3-p62_HEK_dVPS37A_Torin_10Pos_2_AiryscanProcessing.czi,9,3,13,28,6,21,3,3,15,LC3-p62,HEK,dVPS37A,Torin,2
LC3-p62_HEK_dVPS37A_Torin_10Pos_2_AiryscanProcessing.czi,10,1,14,40,13,39,1,1,26,LC3-p62,HEK,dVPS37A,Torin,2
LC3-p62_HEK_dATG7_No Torin_10Pos_3_AiryscanProcessing.czi,1,1,43,43,0,0,2,2,0,LC3-p62,HEK,dATG7,No Torin,3
LC3-p62_HEK_dATG7_No Torin_10Pos_3_AiryscanProcessing.czi,1,2,108,108,0,0,2,2,0,LC3-p62,HEK,dATG7,No Torin,3
LC3-p62_HEK_dATG7_No Torin_10Pos_3_AiryscanProcessing.czi,2,1,128,128,0,0,1,1,0,LC3-p62,HEK,dATG7,No Torin,3
LC3-p62_HEK_dATG7_No Torin_10Pos_3_AiryscanProcessing.czi,3,1,60,60,2,2,1,1,0,LC3-p62,HEK,dATG7,No Torin,3
LC3-p62_HEK_dATG7_No Torin_10Pos_3_AiryscanProcessing.czi,4,1,93,93,1,1,1,1,0,LC3-p62,HEK,dATG7,No Torin,3
LC3-p62_HEK_dATG7_No Torin_10Pos_3_AiryscanProcessing.czi,5,1,72,72,2,2,1,1,0,LC3-p62,HEK,dATG7,No Torin,3
LC3-p62_HEK_dATG7_No Torin_10Pos_3_AiryscanProcessing.czi,6,1,56,56,0,0,2,2,0,LC3-p62,HEK,dATG7,No Torin,3
LC3-p62_HEK_dATG7_No Torin_10Pos_3_AiryscanProcessing.czi,6,2,129,129,0,0,2,2,0,LC3-p62,HEK,dATG7,No Torin,3
LC3-p62_HEK_dATG7_No Torin_10Pos_3_AiryscanProcessing.czi,7,1,114,114,0,0,2,2,0,LC3-p62,HEK,dATG7,No Torin,3
LC3-p62_HEK_dATG7_No Torin_10Pos_3_AiryscanProcessing.czi,7,2,46,46,0,0,2,2,0,LC3-p62,HEK,dATG7,No Torin,3
LC3-p62_HEK_dATG7_No Torin_10Pos_3_AiryscanProcessing.czi,8,1,175,175,2,2,1,1,0,LC3-p62,HEK,dATG7,No Torin,3
LC3-p62_HEK_dATG7_No Torin_10Pos_3_AiryscanProcessing.czi,9,1,69,69,0,0,2,4,0,LC3-p62,HEK,dATG7,No Torin,3
LC3-p62_HEK_dATG7_No Torin_10Pos_3_AiryscanProcessing.czi,9,2,100,100,0,0,2,4,0,LC3-p62,HEK,dATG7,No Torin,3
LC3-p62_HEK_dATG7_No Torin_10Pos_3_AiryscanProcessing.czi,10,1,72,72,0,0,3,3,0,LC3-p62,HEK,dATG7,No Torin,3
LC3-p62_HEK_dATG7_No Torin_10Pos_3_AiryscanProcessing.czi,10,2,149,149,0,0,3,3,0,LC3-p62,HEK,dATG7,No Torin,3
LC3-p62_HEK_dATG7_No Torin_10Pos_3_AiryscanProcessing.czi,10,3,84,84,1,1,3,3,0,LC3-p62,HEK,dATG7,No Torin,3
LC3-p62_HEK_dp62_No Torin_10Pos_2_AiryscanProcessing.czi,1,1,0,0,3,3,1,1,0,LC3-p62,HEK,dp62,No Torin,2
LC3-p62_HEK_dp62_No Torin_10Pos_2_AiryscanProcessing.czi,2,1,0,0,1,1,1,1,0,LC3-p62,HEK,dp62,No Torin,2
LC3-p62_HEK_dp62_No Torin_10Pos_2_AiryscanProcessing.czi,3,1,0,0,4,4,2,2,0,LC3-p62,HEK,dp62,No Torin,2
LC3-p62_HEK_dp62_No Torin_10Pos_2_AiryscanProcessing.czi,3,2,0,0,3,3,2,2,0,LC3-p62,HEK,dp62,No Torin,2
LC3-p62_HEK_dp62_No Torin_10Pos_2_AiryscanProcessing.czi,4,1,0,0,2,2,1,1,0,LC3-p62,HEK,dp62,No Torin,2
LC3-p62_HEK_dp62_No Torin_10Pos_2_AiryscanProcessing.czi,5,1,0,0,5,5,2,2,0,LC3-p62,HEK,dp62,No Torin,2
LC3-p62_HEK_dp62_No Torin_10Pos_2_AiryscanProcessing.czi,5,2,1,1,6,6,2,2,0,LC3-p62,HEK,dp62,No Torin,2
LC3-p62_HEK_dp62_No Torin_10Pos_2_AiryscanProcessing.czi,6,1,0,0,1,1,3,3,0,LC3-p62,HEK,dp62,No Torin,2
LC3-p62_HEK_dp62_No Torin_10Pos_2_AiryscanProcessing.czi,6,2,0,0,5,5,3,3,0,LC3-p62,HEK,dp62,No Torin,2
LC3-p62_HEK_dp62_No Torin_10Pos_2_AiryscanProcessing.czi,6,3,0,0,2,2,3,3,0,LC3-p62,HEK,dp62,No Torin,2
LC3-p62_HEK_dp62_No Torin_10Pos_2_AiryscanProcessing.czi,7,1,0,0,7,7,2,4,0,LC3-p62,HEK,dp62,No Torin,2
LC3-p62_HEK_dp62_No Torin_10Pos_2_AiryscanProcessing.czi,7,2,0,0,7,7,2,4,0,LC3-p62,HEK,dp62,No Torin,2
LC3-p62_HEK_dp62_No Torin_10Pos_2_AiryscanProcessing.czi,8,1,0,0,1,1,2,2,0,LC3-p62,HEK,dp62,No Torin,2
LC3-p62_HEK_dp62_No Torin_10Pos_2_AiryscanProcessing.czi,8,2,0,0,0,0,2,2,0,LC3-p62,HEK,dp62,No Torin,2
LC3-p62_HEK_dp62_No Torin_10Pos_2_AiryscanProcessing.czi,9,1,0,0,9,9,3,3,0,LC3-p62,HEK,dp62,No Torin,2
LC3-p62_HEK_dp62_No Torin_10Pos_2_AiryscanProcessing.czi,9,2,0,0,3,3,3,3,0,LC3-p62,HEK,dp62,No Torin,2
LC3-p62_HEK_dp62_No Torin_10Pos_2_AiryscanProcessing.czi,9,3,0,0,7,7,3,3,0,LC3-p62,HEK,dp62,No Torin,2
LC3-p62_HEK_dp62_No Torin_10Pos_2_AiryscanProcessing.czi,10,1,0,0,0,0,3,5,0,LC3-p62,HEK,dp62,No Torin,2
LC3-p62_HEK_dp62_No Torin_10Pos_2_AiryscanProcessing.czi,10,2,0,0,1,1,3,5,0,LC3-p62,HEK,dp62,No Torin,2
LC3-p62_HEK_dp62_No Torin_10Pos_2_AiryscanProcessing.czi,10,3,0,0,7,7,3,5,0,LC3-p62,HEK,dp62,No Torin,2
LC3-p62_HEK_dTMEM_No Torin_10Pos_1_AiryscanProcessing.czi,1,1,26,94,36,104,1,1,68,LC3-p62,HEK,dTMEM,No Torin,1
LC3-p62_HEK_dTMEM_No Torin_10Pos_1_AiryscanProcessing.czi,2,1,26,84,65,123,1,1,58,LC3-p62,HEK,dTMEM,No Torin,1
LC3-p62_HEK_dTMEM_No Torin_10Pos_1_AiryscanProcessing.czi,3,1,78,182,53,157,1,1,104,LC3-p62,HEK,dTMEM,No Torin,1
LC3-p62_HEK_dTMEM_No Torin_10Pos_1_AiryscanProcessing.czi,4,1,91,155,61,125,1,2,64,LC3-p62,HEK,dTMEM,No Torin,1
LC3-p62_HEK_dTMEM_No Torin_10Pos_1_AiryscanProcessing.czi,5,1,27,80,71,124,1,2,53,LC3-p62,HEK,dTMEM,No Torin,1
LC3-p62_HEK_dTMEM_No Torin_10Pos_1_AiryscanProcessing.czi,6,1,142,186,30,74,1,1,44,LC3-p62,HEK,dTMEM,No Torin,1
LC3-p62_HEK_dTMEM_No Torin_10Pos_1_AiryscanProcessing.czi,7,1,27,66,14,53,1,1,39,LC3-p62,HEK,dTMEM,No Torin,1
LC3-p62_HEK_dTMEM_No Torin_10Pos_1_AiryscanProcessing.czi,8,1,79,117,26,64,2,2,38,LC3-p62,HEK,dTMEM,No Torin,1
LC3-p62_HEK_dTMEM_No Torin_10Pos_1_AiryscanProcessing.czi,8,2,56,83,24,51,2,2,27,LC3-p62,HEK,dTMEM,No Torin,1
LC3-p62_HEK_dTMEM_No Torin_10Pos_1_AiryscanProcessing.czi,9,1,20,57,27,64,2,2,37,LC3-p62,HEK,dTMEM,No Torin,1
LC3-p62_HEK_dTMEM_No Torin_10Pos_1_AiryscanProcessing.czi,9,2,18,64,28,74,2,2,46,LC3-p62,HEK,dTMEM,No Torin,1
LC3-p62_HEK_dTMEM_No Torin_10Pos_1_AiryscanProcessing.czi,10,1,17,98,20,101,2,2,81,LC3-p62,HEK,dTMEM,No Torin,1
LC3-p62_HEK_dTMEM_No Torin_10Pos_1_AiryscanProcessing.czi,10,2,13,95,20,102,2,2,82,LC3-p62,HEK,dTMEM,No Torin,1
LC3-p62_HEK_WT_Torin_10Pos_4_AiryscanProcessing.czi,1,1,0,4,12,16,8,8,4,LC3-p62,HEK,WT,Torin,4
LC3-p62_HEK_WT_Torin_10Pos_4_AiryscanProcessing.czi,1,2,1,1,16,16,8,8,0,LC3-p62,HEK,WT,Torin,4
LC3-p62_HEK_WT_Torin_10Pos_4_AiryscanProcessing.czi,1,3,0,1,18,19,8,8,1,LC3-p62,HEK,WT,Torin,4
LC3-p62_HEK_WT_Torin_10Pos_4_AiryscanProcessing.czi,1,4,4,11,24,31,8,8,7,LC3-p62,HEK,WT,Torin,4
LC3-p62_HEK_WT_Torin_10Pos_4_AiryscanProcessing.czi,1,5,6,23,21,38,8,8,17,LC3-p62,HEK,WT,Torin,4
LC3-p62_HEK_WT_Torin_10Pos_4_AiryscanProcessing.czi,1,6,6,13,22,29,8,8,7,LC3-p62,HEK,WT,Torin,4
LC3-p62_HEK_WT_Torin_10Pos_4_AiryscanProcessing.czi,1,7,2,11,47,56,8,8,9,LC3-p62,HEK,WT,Torin,4
LC3-p62_HEK_WT_Torin_10Pos_4_AiryscanProcessing.czi,1,8,6,22,26,42,8,8,16,LC3-p62,HEK,WT,Torin,4
LC3-p62_HEK_WT_Torin_10Pos_4_AiryscanProcessing.czi,2,1,6,24,27,45,2,3,18,LC3-p62,HEK,WT,Torin,4
LC3-p62_HEK_WT_Torin_10Pos_4_AiryscanProcessing.czi,2,2,8,14,25,31,2,3,6,LC3-p62,HEK,WT,Torin,4
LC3-p62_HEK_WT_Torin_10Pos_4_AiryscanProcessing.czi,3,1,4,14,17,27,2,2,10,LC3-p62,HEK,WT,Torin,4
LC3-p62_HEK_WT_Torin_10Pos_4_AiryscanProcessing.czi,3,2,4,21,39,56,2,2,17,LC3-p62,HEK,WT,Torin,4
LC3-p62_HEK_WT_Torin_10Pos_4_AiryscanProcessing.czi,4,1,9,23,37,51,2,2,14,LC3-p62,HEK,WT,Torin,4
LC3-p62_HEK_WT_Torin_10Pos_4_AiryscanProcessing.czi,4,2,5,10,23,28,2,2,5,LC3-p62,HEK,WT,Torin,4
LC3-p62_HEK_WT_Torin_10Pos_4_AiryscanProcessing.czi,5,1,1,10,32,41,2,2,9,LC3-p62,HEK,WT,Torin,4
LC3-p62_HEK_WT_Torin_10Pos_4_AiryscanProcessing.czi,5,2,4,12,26,34,2,2,8,LC3-p62,HEK,WT,Torin,4
LC3-p62_HEK_WT_Torin_10Pos_4_AiryscanProcessing.czi,6,1,0,1,17,18,2,2,1,LC3-p62,HEK,WT,Torin,4
LC3-p62_HEK_WT_Torin_10Pos_4_AiryscanProcessing.czi,6,2,1,3,43,45,2,2,2,LC3-p62,HEK,WT,Torin,4
LC3-p62_HEK_WT_Torin_10Pos_4_AiryscanProcessing.czi,7,1,2,17,38,53,5,5,15,LC3-p62,HEK,WT,Torin,4
LC3-p62_HEK_WT_Torin_10Pos_4_AiryscanProcessing.czi,7,2,5,24,28,47,5,5,19,LC3-p62,HEK,WT,Torin,4
LC3-p62_HEK_WT_Torin_10Pos_4_AiryscanProcessing.czi,7,3,2,12,19,29,5,5,10,LC3-p62,HEK,WT,Torin,4
LC3-p62_HEK_WT_Torin_10Pos_4_AiryscanProcessing.czi,7,4,1,6,8,13,5,5,5,LC3-p62,HEK,WT,Torin,4
LC3-p62_HEK_WT_Torin_10Pos_4_AiryscanProcessing.czi,7,5,5,15,14,24,5,5,10,LC3-p62,HEK,WT,Torin,4
LC3-p62_HEK_WT_Torin_10Pos_4_AiryscanProcessing.czi,8,1,4,20,5,21,4,4,16,LC3-p62,HEK,WT,Torin,4
LC3-p62_HEK_WT_Torin_10Pos_4_AiryscanProcessing.czi,8,2,3,11,10,18,4,4,8,LC3-p62,HEK,WT,Torin,4
LC3-p62_HEK_WT_Torin_10Pos_4_AiryscanProcessing.czi,8,3,4,17,17,30,4,4,13,LC3-p62,HEK,WT,Torin,4
LC3-p62_HEK_WT_Torin_10Pos_4_AiryscanProcessing.czi,8,4,5,8,7,10,4,4,3,LC3-p62,HEK,WT,Torin,4
LC3-p62_HEK_WT_Torin_10Pos_4_AiryscanProcessing.czi,9,1,5,18,18,31,2,2,13,LC3-p62,HEK,WT,Torin,4
LC3-p62_HEK_WT_Torin_10Pos_4_AiryscanProcessing.czi,9,2,2,13,15,26,2,2,11,LC3-p62,HEK,WT,Torin,4
LC3-p62_HEK_WT_Torin_10Pos_4_AiryscanProcessing.czi,10,1,10,27,38,55,1,1,17,LC3-p62,HEK,WT,Torin,4
LC3-p62_HEK_dTMEM_Torin_10Pos_3_AiryscanProcessing.czi,1,1,7,22,20,35,1,1,15,LC3-p62,HEK,dTMEM,Torin,3
LC3-p62_HEK_dTMEM_Torin_10Pos_3_AiryscanProcessing.czi,2,1,19,36,34,51,2,2,17,LC3-p62,HEK,dTMEM,Torin,3
LC3-p62_HEK_dTMEM_Torin_10Pos_3_AiryscanProcessing.czi,2,2,30,51,29,50,2,2,21,LC3-p62,HEK,dTMEM,Torin,3
LC3-p62_HEK_dTMEM_Torin_10Pos_3_AiryscanProcessing.czi,3,1,34,176,62,204,4,4,142,LC3-p62,HEK,dTMEM,Torin,3
LC3-p62_HEK_dTMEM_Torin_10Pos_3_AiryscanProcessing.czi,3,2,33,105,73,145,4,4,72,LC3-p62,HEK,dTMEM,Torin,3
LC3-p62_HEK_dTMEM_Torin_10Pos_3_AiryscanProcessing.czi,3,3,32,118,84,170,4,4,86,LC3-p62,HEK,dTMEM,Torin,3
LC3-p62_HEK_dTMEM_Torin_10Pos_3_AiryscanProcessing.czi,3,4,20,50,18,48,4,4,30,LC3-p62,HEK,dTMEM,Torin,3
LC3-p62_HEK_dTMEM_Torin_10Pos_3_AiryscanProcessing.czi,4,1,24,96,89,161,4,4,72,LC3-p62,HEK,dTMEM,Torin,3
LC3-p62_HEK_dTMEM_Torin_10Pos_3_AiryscanProcessing.czi,4,2,47,138,53,144,4,4,91,LC3-p62,HEK,dTMEM,Torin,3
LC3-p62_HEK_dTMEM_Torin_10Pos_3_AiryscanProcessing.czi,4,3,22,74,52,104,4,4,52,LC3-p62,HEK,dTMEM,Torin,3
LC3-p62_HEK_dTMEM_Torin_10Pos_3_AiryscanProcessing.czi,4,4,24,84,36,96,4,4,60,LC3-p62,HEK,dTMEM,Torin,3
LC3-p62_HEK_dTMEM_Torin_10Pos_3_AiryscanProcessing.czi,5,1,42,85,110,153,2,2,43,LC3-p62,HEK,dTMEM,Torin,3
LC3-p62_HEK_dTMEM_Torin_10Pos_3_AiryscanProcessing.czi,5,2,35,84,77,126,2,2,49,LC3-p62,HEK,dTMEM,Torin,3
LC3-p62_HEK_dTMEM_Torin_10Pos_3_AiryscanProcessing.czi,6,1,50,135,39,124,2,2,85,LC3-p62,HEK,dTMEM,Torin,3
LC3-p62_HEK_dTMEM_Torin_10Pos_3_AiryscanProcessing.czi,6,2,49,77,14,42,2,2,28,LC3-p62,HEK,dTMEM,Torin,3
LC3-p62_HEK_dTMEM_Torin_10Pos_3_AiryscanProcessing.czi,7,1,36,140,84,188,2,2,104,LC3-p62,HEK,dTMEM,Torin,3
LC3-p62_HEK_dTMEM_Torin_10Pos_3_AiryscanProcessing.czi,7,2,23,116,48,141,2,2,93,LC3-p62,HEK,dTMEM,Torin,3
LC3-p62_HEK_dTMEM_Torin_10Pos_3_AiryscanProcessing.czi,8,1,58,114,40,96,2,2,56,LC3-p62,HEK,dTMEM,Torin,3
LC3-p62_HEK_dTMEM_Torin_10Pos_3_AiryscanProcessing.czi,8,2,29,72,27,70,2,2,43,LC3-p62,HEK,dTMEM,Torin,3
LC3-p62_HEK_dTMEM_Torin_10Pos_3_AiryscanProcessing.czi,9,1,37,127,86,176,1,1,90,LC3-p62,HEK,dTMEM,Torin,3
LC3-p62_HEK_dTMEM_Torin_10Pos_3_AiryscanProcessing.czi,10,1,17,120,53,156,2,2,103,LC3-p62,HEK,dTMEM,Torin,3
LC3-p62_HEK_dTMEM_Torin_10Pos_3_AiryscanProcessing.czi,10,2,21,146,43,168,2,2,125,LC3-p62,HEK,dTMEM,Torin,3
LC3-p62_HEK_dp62_No Torin_10Pos_1_AiryscanProcessing.czi,1,1,0,0,0,0,2,4,0,LC3-p62,HEK,dp62,No Torin,1
LC3-p62_HEK_dp62_No Torin_10Pos_1_AiryscanProcessing.czi,1,2,0,0,3,3,2,4,0,LC3-p62,HEK,dp62,No Torin,1
LC3-p62_HEK_dp62_No Torin_10Pos_1_AiryscanProcessing.czi,2,1,0,0,1,1,2,2,0,LC3-p62,HEK,dp62,No Torin,1
LC3-p62_HEK_dp62_No Torin_10Pos_1_AiryscanProcessing.czi,2,2,0,0,3,3,2,2,0,LC3-p62,HEK,dp62,No Torin,1
LC3-p62_HEK_dp62_No Torin_10Pos_1_AiryscanProcessing.czi,3,1,0,0,4,4,2,2,0,LC3-p62,HEK,dp62,No Torin,1
LC3-p62_HEK_dp62_No Torin_10Pos_1_AiryscanProcessing.czi,3,2,1,1,2,2,2,2,0,LC3-p62,HEK,dp62,No Torin,1
LC3-p62_HEK_dp62_No Torin_10Pos_1_AiryscanProcessing.czi,4,1,0,0,15,15,1,2,0,LC3-p62,HEK,dp62,No Torin,1
LC3-p62_HEK_dp62_No Torin_10Pos_1_AiryscanProcessing.czi,5,1,0,0,0,0,4,4,0,LC3-p62,HEK,dp62,No Torin,1
LC3-p62_HEK_dp62_No Torin_10Pos_1_AiryscanProcessing.czi,5,2,0,0,1,1,4,4,0,LC3-p62,HEK,dp62,No Torin,1
LC3-p62_HEK_dp62_No Torin_10Pos_1_AiryscanProcessing.czi,5,3,0,0,1,1,4,4,0,LC3-p62,HEK,dp62,No Torin,1
LC3-p62_HEK_dp62_No Torin_10Pos_1_AiryscanProcessing.czi,5,4,0,0,4,4,4,4,0,LC3-p62,HEK,dp62,No Torin,1
LC3-p62_HEK_dp62_No Torin_10Pos_1_AiryscanProcessing.czi,6,1,0,0,0,0,1,1,0,LC3-p62,HEK,dp62,No Torin,1
LC3-p62_HEK_dp62_No Torin_10Pos_1_AiryscanProcessing.czi,7,1,0,0,1,1,2,2,0,LC3-p62,HEK,dp62,No Torin,1
LC3-p62_HEK_dp62_No Torin_10Pos_1_AiryscanProcessing.czi,7,2,0,0,0,0,2,2,0,LC3-p62,HEK,dp62,No Torin,1
LC3-p62_HEK_dp62_No Torin_10Pos_1_AiryscanProcessing.czi,8,1,0,0,7,7,2,2,0,LC3-p62,HEK,dp62,No Torin,1
LC3-p62_HEK_dp62_No Torin_10Pos_1_AiryscanProcessing.czi,8,2,0,0,3,3,2,2,0,LC3-p62,HEK,dp62,No Torin,1
LC3-p62_HEK_dp62_No Torin_10Pos_1_AiryscanProcessing.czi,9,1,0,0,2,2,2,2,0,LC3-p62,HEK,dp62,No Torin,1
LC3-p62_HEK_dp62_No Torin_10Pos_1_AiryscanProcessing.czi,9,2,0,0,0,0,2,2,0,LC3-p62,HEK,dp62,No Torin,1
LC3-p62_HEK_dp62_No Torin_10Pos_1_AiryscanProcessing.czi,10,1,0,0,1,1,2,2,0,LC3-p62,HEK,dp62,No Torin,1
LC3-p62_HEK_dp62_No Torin_10Pos_1_AiryscanProcessing.czi,10,2,0,0,4,4,2,2,0,LC3-p62,HEK,dp62,No Torin,1
LC3-p62_HEK_dVPS37A_Torin_10Pos_1_AiryscanProcessing.czi,1,1,4,9,21,26,1,1,5,LC3-p62,HEK,dVPS37A,Torin,1
LC3-p62_HEK_dVPS37A_Torin_10Pos_1_AiryscanProcessing.czi,2,1,21,70,15,64,2,2,49,LC3-p62,HEK,dVPS37A,Torin,1
LC3-p62_HEK_dVPS37A_Torin_10Pos_1_AiryscanProcessing.czi,2,2,33,82,4,53,2,2,49,LC3-p62,HEK,dVPS37A,Torin,1
LC3-p62_HEK_dVPS37A_Torin_10Pos_1_AiryscanProcessing.czi,3,1,51,92,4,45,1,1,41,LC3-p62,HEK,dVPS37A,Torin,1
LC3-p62_HEK_dVPS37A_Torin_10Pos_1_AiryscanProcessing.czi,4,1,28,89,59,120,1,1,61,LC3-p62,HEK,dVPS37A,Torin,1
LC3-p62_HEK_dVPS37A_Torin_10Pos_1_AiryscanProcessing.czi,5,1,5,23,12,30,2,2,18,LC3-p62,HEK,dVPS37A,Torin,1
LC3-p62_HEK_dVPS37A_Torin_10Pos_1_AiryscanProcessing.czi,5,2,17,51,15,49,2,2,34,LC3-p62,HEK,dVPS37A,Torin,1
LC3-p62_HEK_dVPS37A_Torin_10Pos_1_AiryscanProcessing.czi,6,1,95,177,34,116,1,1,82,LC3-p62,HEK,dVPS37A,Torin,1
LC3-p62_HEK_dVPS37A_Torin_10Pos_1_AiryscanProcessing.czi,7,1,14,55,19,60,2,2,41,LC3-p62,HEK,dVPS37A,Torin,1
LC3-p62_HEK_dVPS37A_Torin_10Pos_1_AiryscanProcessing.czi,7,2,49,132,26,109,2,2,83,LC3-p62,HEK,dVPS37A,Torin,1
LC3-p62_HEK_dVPS37A_Torin_10Pos_1_AiryscanProcessing.czi,8,1,13,35,6,28,3,3,22,LC3-p62,HEK,dVPS37A,Torin,1
LC3-p62_HEK_dVPS37A_Torin_10Pos_1_AiryscanProcessing.czi,8,2,12,29,4,21,3,3,17,LC3-p62,HEK,dVPS37A,Torin,1
LC3-p62_HEK_dVPS37A_Torin_10Pos_1_AiryscanProcessing.czi,8,3,30,91,27,88,3,3,61,LC3-p62,HEK,dVPS37A,Torin,1
LC3-p62_HEK_dVPS37A_Torin_10Pos_1_AiryscanProcessing.czi,9,1,25,37,10,22,1,1,12,LC3-p62,HEK,dVPS37A,Torin,1
LC3-p62_HEK_dVPS37A_Torin_10Pos_1_AiryscanProcessing.czi,10,1,42,62,8,28,1,1,20,LC3-p62,HEK,dVPS37A,Torin,1
LC3-p62_HEK_dATG7_No Torin_10Pos_1_AiryscanProcessing.czi,1,1,81,81,0,0,2,3,0,LC3-p62,HEK,dATG7,No Torin,1
LC3-p62_HEK_dATG7_No Torin_10Pos_1_AiryscanProcessing.czi,1,2,127,127,0,0,2,3,0,LC3-p62,HEK,dATG7,No Torin,1
LC3-p62_HEK_dATG7_No Torin_10Pos_1_AiryscanProcessing.czi,2,1,32,32,0,0,2,2,0,LC3-p62,HEK,dATG7,No Torin,1
LC3-p62_HEK_dATG7_No Torin_10Pos_1_AiryscanProcessing.czi,2,2,41,41,0,0,2,2,0,LC3-p62,HEK,dATG7,No Torin,1
LC3-p62_HEK_dATG7_No Torin_10Pos_1_AiryscanProcessing.czi,3,1,102,102,2,2,2,2,0,LC3-p62,HEK,dATG7,No Torin,1
LC3-p62_HEK_dATG7_No Torin_10Pos_1_AiryscanProcessing.czi,3,2,125,125,0,0,2,2,0,LC3-p62,HEK,dATG7,No Torin,1
LC3-p62_HEK_dATG7_No Torin_10Pos_1_AiryscanProcessing.czi,4,1,63,63,1,1,1,1,0,LC3-p62,HEK,dATG7,No Torin,1
LC3-p62_HEK_dATG7_No Torin_10Pos_1_AiryscanProcessing.czi,5,1,159,159,0,0,1,1,0,LC3-p62,HEK,dATG7,No Torin,1
LC3-p62_HEK_dATG7_No Torin_10Pos_1_AiryscanProcessing.czi,6,1,95,95,0,0,2,2,0,LC3-p62,HEK,dATG7,No Torin,1
LC3-p62_HEK_dATG7_No Torin_10Pos_1_AiryscanProcessing.czi,6,2,71,71,2,2,2,2,0,LC3-p62,HEK,dATG7,No Torin,1
LC3-p62_HEK_dATG7_No Torin_10Pos_1_AiryscanProcessing.czi,7,1,23,23,0,0,1,1,0,LC3-p62,HEK,dATG7,No Torin,1
LC3-p62_HEK_dATG7_No Torin_10Pos_1_AiryscanProcessing.czi,8,1,91,91,0,0,2,4,0,LC3-p62,HEK,dATG7,No Torin,1
LC3-p62_HEK_dATG7_No Torin_10Pos_1_AiryscanProcessing.czi,8,2,71,71,2,2,2,4,0,LC3-p62,HEK,dATG7,No Torin,1
LC3-p62_HEK_dATG7_No Torin_10Pos_1_AiryscanProcessing.czi,9,1,93,93,1,1,2,2,0,LC3-p62,HEK,dATG7,No Torin,1
LC3-p62_HEK_dATG7_No Torin_10Pos_1_AiryscanProcessing.czi,9,2,88,88,0,0,2,2,0,LC3-p62,HEK,dATG7,No Torin,1
LC3-p62_HEK_dATG7_No Torin_10Pos_1_AiryscanProcessing.czi,10,1,23,23,0,0,1,1,0,LC3-p62,HEK,dATG7,No Torin,1
LC3-p62_HEK_WT_Torin_10Pos_2_AiryscanProcessing.czi,1,1,6,22,40,56,1,1,16,LC3-p62,HEK,WT,Torin,2
LC3-p62_HEK_WT_Torin_10Pos_2_AiryscanProcessing.czi,2,1,9,28,37,56,1,1,19,LC3-p62,HEK,WT,Torin,2
LC3-p62_HEK_WT_Torin_10Pos_2_AiryscanProcessing.czi,3,1,3,17,35,49,3,3,14,LC3-p62,HEK,WT,Torin,2
LC3-p62_HEK_WT_Torin_10Pos_2_AiryscanProcessing.czi,3,2,1,9,18,26,3,3,8,LC3-p62,HEK,WT,Torin,2
LC3-p62_HEK_WT_Torin_10Pos_2_AiryscanProcessing.czi,3,3,0,5,13,18,3,3,5,LC3-p62,HEK,WT,Torin,2
LC3-p62_HEK_WT_Torin_10Pos_2_AiryscanProcessing.czi,4,1,3,8,44,49,2,3,5,LC3-p62,HEK,WT,Torin,2
LC3-p62_HEK_WT_Torin_10Pos_2_AiryscanProcessing.czi,4,2,2,9,65,72,2,3,7,LC3-p62,HEK,WT,Torin,2
LC3-p62_HEK_WT_Torin_10Pos_2_AiryscanProcessing.czi,5,1,10,29,75,94,2,2,19,LC3-p62,HEK,WT,Torin,2
LC3-p62_HEK_WT_Torin_10Pos_2_AiryscanProcessing.czi,5,2,4,20,78,94,2,2,16,LC3-p62,HEK,WT,Torin,2
LC3-p62_HEK_WT_Torin_10Pos_2_AiryscanProcessing.czi,6,1,4,9,16,21,2,2,5,LC3-p62,HEK,WT,Torin,2
LC3-p62_HEK_WT_Torin_10Pos_2_AiryscanProcessing.czi,6,2,1,11,27,37,2,2,10,LC3-p62,HEK,WT,Torin,2
LC3-p62_HEK_WT_Torin_10Pos_2_AiryscanProcessing.czi,7,1,4,16,57,69,1,1,12,LC3-p62,HEK,WT,Torin,2
LC3-p62_HEK_WT_Torin_10Pos_2_AiryscanProcessing.czi,8,1,5,14,28,37,2,2,9,LC3-p62,HEK,WT,Torin,2
LC3-p62_HEK_WT_Torin_10Pos_2_AiryscanProcessing.czi,8,2,2,14,45,57,2,2,12,LC3-p62,HEK,WT,Torin,2
LC3-p62_HEK_WT_Torin_10Pos_2_AiryscanProcessing.czi,9,1,6,37,78,109,1,2,31,LC3-p62,HEK,WT,Torin,2
LC3-p62_HEK_WT_Torin_10Pos_2_AiryscanProcessing.czi,10,1,3,11,27,35,2,2,8,LC3-p62,HEK,WT,Torin,2
LC3-p62_HEK_WT_Torin_10Pos_2_AiryscanProcessing.czi,10,2,3,17,29,43,2,2,14,LC3-p62,HEK,WT,Torin,2
LC3-p62_HEK_dTMEM_No Torin_10Pos_3_AiryscanProcessing.czi,1,1,27,119,57,149,2,2,92,LC3-p62,HEK,dTMEM,No Torin,3
LC3-p62_HEK_dTMEM_No Torin_10Pos_3_AiryscanProcessing.czi,1,2,36,118,67,149,2,2,82,LC3-p62,HEK,dTMEM,No Torin,3
LC3-p62_HEK_dTMEM_No Torin_10Pos_3_AiryscanProcessing.czi,2,1,3,11,33,41,3,3,8,LC3-p62,HEK,dTMEM,No Torin,3
LC3-p62_HEK_dTMEM_No Torin_10Pos_3_AiryscanProcessing.czi,2,2,55,122,49,116,3,3,67,LC3-p62,HEK,dTMEM,No Torin,3
LC3-p62_HEK_dTMEM_No Torin_10Pos_3_AiryscanProcessing.czi,2,3,3,10,72,79,3,3,7,LC3-p62,HEK,dTMEM,No Torin,3
LC3-p62_HEK_dTMEM_No Torin_10Pos_3_AiryscanProcessing.czi,3,1,32,74,33,75,2,2,42,LC3-p62,HEK,dTMEM,No Torin,3
LC3-p62_HEK_dTMEM_No Torin_10Pos_3_AiryscanProcessing.czi,3,2,57,108,32,83,2,2,51,LC3-p62,HEK,dTMEM,No Torin,3
LC3-p62_HEK_dTMEM_No Torin_10Pos_3_AiryscanProcessing.czi,4,1,5,54,30,79,2,2,49,LC3-p62,HEK,dTMEM,No Torin,3
LC3-p62_HEK_dTMEM_No Torin_10Pos_3_AiryscanProcessing.czi,4,2,6,73,62,129,2,2,67,LC3-p62,HEK,dTMEM,No Torin,3
LC3-p62_HEK_dTMEM_No Torin_10Pos_3_AiryscanProcessing.czi,5,1,68,152,66,150,2,5,84,LC3-p62,HEK,dTMEM,No Torin,3
LC3-p62_HEK_dTMEM_No Torin_10Pos_3_AiryscanProcessing.czi,5,2,26,47,28,49,2,5,21,LC3-p62,HEK,dTMEM,No Torin,3
LC3-p62_HEK_dTMEM_No Torin_10Pos_3_AiryscanProcessing.czi,6,1,17,44,57,84,2,2,27,LC3-p62,HEK,dTMEM,No Torin,3
LC3-p62_HEK_dTMEM_No Torin_10Pos_3_AiryscanProcessing.czi,6,2,25,57,72,104,2,2,32,LC3-p62,HEK,dTMEM,No Torin,3
LC3-p62_HEK_dTMEM_No Torin_10Pos_3_AiryscanProcessing.czi,7,1,60,125,11,76,1,1,65,LC3-p62,HEK,dTMEM,No Torin,3
LC3-p62_HEK_dTMEM_No Torin_10Pos_3_AiryscanProcessing.czi,8,1,18,82,69,133,2,2,64,LC3-p62,HEK,dTMEM,No Torin,3
LC3-p62_HEK_dTMEM_No Torin_10Pos_3_AiryscanProcessing.czi,8,2,26,84,80,138,2,2,58,LC3-p62,HEK,dTMEM,No Torin,3
LC3-p62_HEK_dTMEM_No Torin_10Pos_3_AiryscanProcessing.czi,9,1,7,32,63,88,2,2,25,LC3-p62,HEK,dTMEM,No Torin,3
LC3-p62_HEK_dTMEM_No Torin_10Pos_3_AiryscanProcessing.czi,9,2,7,45,55,93,2,2,38,LC3-p62,HEK,dTMEM,No Torin,3
LC3-p62_HEK_dTMEM_No Torin_10Pos_3_AiryscanProcessing.czi,10,1,35,79,10,54,2,5,44,LC3-p62,HEK,dTMEM,No Torin,3
LC3-p62_HEK_dTMEM_No Torin_10Pos_3_AiryscanProcessing.czi,10,2,54,146,35,127,2,5,92,LC3-p62,HEK,dTMEM,No Torin,3
LC3-p62_HEK_WT_Torin_10Pos_3_AiryscanProcessing.czi,1,1,2,4,46,48,1,3,2,LC3-p62,HEK,WT,Torin,3
LC3-p62_HEK_WT_Torin_10Pos_3_AiryscanProcessing.czi,2,1,0,0,11,11,2,2,0,LC3-p62,HEK,WT,Torin,3
LC3-p62_HEK_WT_Torin_10Pos_3_AiryscanProcessing.czi,2,2,1,2,13,14,2,2,1,LC3-p62,HEK,WT,Torin,3
LC3-p62_HEK_WT_Torin_10Pos_3_AiryscanProcessing.czi,3,1,10,25,68,83,2,2,15,LC3-p62,HEK,WT,Torin,3
LC3-p62_HEK_WT_Torin_10Pos_3_AiryscanProcessing.czi,3,2,2,12,62,72,2,2,10,LC3-p62,HEK,WT,Torin,3
LC3-p62_HEK_WT_Torin_10Pos_3_AiryscanProcessing.czi,4,1,2,9,24,31,2,2,7,LC3-p62,HEK,WT,Torin,3
LC3-p62_HEK_WT_Torin_10Pos_3_AiryscanProcessing.czi,4,2,11,20,10,19,2,2,9,LC3-p62,HEK,WT,Torin,3
LC3-p62_HEK_WT_Torin_10Pos_3_AiryscanProcessing.czi,5,1,5,31,13,39,1,1,26,LC3-p62,HEK,WT,Torin,3
LC3-p62_HEK_WT_Torin_10Pos_3_AiryscanProcessing.czi,6,1,2,6,14,18,2,2,4,LC3-p62,HEK,WT,Torin,3
LC3-p62_HEK_WT_Torin_10Pos_3_AiryscanProcessing.czi,6,2,6,10,15,19,2,2,4,LC3-p62,HEK,WT,Torin,3
LC3-p62_HEK_WT_Torin_10Pos_3_AiryscanProcessing.czi,7,1,8,29,81,102,1,1,21,LC3-p62,HEK,WT,Torin,3
LC3-p62_HEK_WT_Torin_10Pos_3_AiryscanProcessing.czi,8,1,18,57,151,190,1,2,39,LC3-p62,HEK,WT,Torin,3
LC3-p62_HEK_WT_Torin_10Pos_3_AiryscanProcessing.czi,9,1,3,9,27,33,7,7,6,LC3-p62,HEK,WT,Torin,3
LC3-p62_HEK_WT_Torin_10Pos_3_AiryscanProcessing.czi,9,2,4,6,6,8,7,7,2,LC3-p62,HEK,WT,Torin,3
LC3-p62_HEK_WT_Torin_10Pos_3_AiryscanProcessing.czi,9,3,0,5,14,19,7,7,5,LC3-p62,HEK,WT,Torin,3
LC3-p62_HEK_WT_Torin_10Pos_3_AiryscanProcessing.czi,9,4,3,16,35,48,7,7,13,LC3-p62,HEK,WT,Torin,3
LC3-p62_HEK_WT_Torin_10Pos_3_AiryscanProcessing.czi,9,5,3,6,16,19,7,7,3,LC3-p62,HEK,WT,Torin,3
LC3-p62_HEK_WT_Torin_10Pos_3_AiryscanProcessing.czi,9,6,2,5,10,13,7,7,3,LC3-p62,HEK,WT,Torin,3
LC3-p62_HEK_WT_Torin_10Pos_3_AiryscanProcessing.czi,9,7,3,4,6,7,7,7,1,LC3-p62,HEK,WT,Torin,3
LC3-p62_HEK_WT_Torin_10Pos_3_AiryscanProcessing.czi,10,1,1,13,33,45,2,2,12,LC3-p62,HEK,WT,Torin,3
LC3-p62_HEK_WT_Torin_10Pos_3_AiryscanProcessing.czi,10,2,1,4,38,41,2,2,3,LC3-p62,HEK,WT,Torin,3
LC3-p62_HEK_dVPS37A_Torin_10Pos_3_AiryscanProcessing.czi,1,1,51,103,15,67,2,2,52,LC3-p62,HEK,dVPS37A,Torin,3
LC3-p62_HEK_dVPS37A_Torin_10Pos_3_AiryscanProcessing.czi,1,2,33,76,30,73,2,2,43,LC3-p62,HEK,dVPS37A,Torin,3
LC3-p62_HEK_dVPS37A_Torin_10Pos_3_AiryscanProcessing.czi,2,1,15,22,5,12,2,2,7,LC3-p62,HEK,dVPS37A,Torin,3
LC3-p62_HEK_dVPS37A_Torin_10Pos_3_AiryscanProcessing.czi,2,2,14,36,10,32,2,2,22,LC3-p62,HEK,dVPS37A,Torin,3
LC3-p62_HEK_dVPS37A_Torin_10Pos_3_AiryscanProcessing.czi,3,1,14,39,45,70,2,2,25,LC3-p62,HEK,dVPS37A,Torin,3
LC3-p62_HEK_dVPS37A_Torin_10Pos_3_AiryscanProcessing.czi,3,2,31,99,119,187,2,2,68,LC3-p62,HEK,dVPS37A,Torin,3
LC3-p62_HEK_dVPS37A_Torin_10Pos_3_AiryscanProcessing.czi,4,1,25,50,17,42,1,2,25,LC3-p62,HEK,dVPS37A,Torin,3
LC3-p62_HEK_dVPS37A_Torin_10Pos_3_AiryscanProcessing.czi,5,1,12,40,18,46,4,4,28,LC3-p62,HEK,dVPS37A,Torin,3
LC3-p62_HEK_dVPS37A_Torin_10Pos_3_AiryscanProcessing.czi,5,2,20,51,20,51,4,4,31,LC3-p62,HEK,dVPS37A,Torin,3
LC3-p62_HEK_dVPS37A_Torin_10Pos_3_AiryscanProcessing.czi,5,3,16,45,13,42,4,4,29,LC3-p62,HEK,dVPS37A,Torin,3
LC3-p62_HEK_dVPS37A_Torin_10Pos_3_AiryscanProcessing.czi,5,4,28,53,18,43,4,4,25,LC3-p62,HEK,dVPS37A,Torin,3
LC3-p62_HEK_dVPS37A_Torin_10Pos_3_AiryscanProcessing.czi,6,1,52,142,52,142,1,1,90,LC3-p62,HEK,dVPS37A,Torin,3
LC3-p62_HEK_dVPS37A_Torin_10Pos_3_AiryscanProcessing.czi,7,1,13,45,18,50,2,2,32,LC3-p62,HEK,dVPS37A,Torin,3
LC3-p62_HEK_dVPS37A_Torin_10Pos_3_AiryscanProcessing.czi,7,2,23,67,21,65,2,2,44,LC3-p62,HEK,dVPS37A,Torin,3
LC3-p62_HEK_dVPS37A_Torin_10Pos_3_AiryscanProcessing.czi,8,1,39,57,2,20,2,2,18,LC3-p62,HEK,dVPS37A,Torin,3
LC3-p62_HEK_dVPS37A_Torin_10Pos_3_AiryscanProcessing.czi,8,2,36,62,6,32,2,2,26,LC3-p62,HEK,dVPS37A,Torin,3
LC3-p62_HEK_dVPS37A_Torin_10Pos_3_AiryscanProcessing.czi,9,1,55,99,42,86,1,1,44,LC3-p62,HEK,dVPS37A,Torin,3
LC3-p62_HEK_dVPS37A_Torin_10Pos_3_AiryscanProcessing.czi,10,1,47,92,16,61,2,2,45,LC3-p62,HEK,dVPS37A,Torin,3
LC3-p62_HEK_dVPS37A_Torin_10Pos_3_AiryscanProcessing.czi,10,2,52,101,3,52,2,2,49,LC3-p62,HEK,dVPS37A,Torin,3
LC3-p62_HEK_WT_No Torin_10Pos_3_AiryscanProcessing.czi,1,1,4,16,8,20,2,2,12,LC3-p62,HEK,WT,No Torin,3
LC3-p62_HEK_WT_No Torin_10Pos_3_AiryscanProcessing.czi,1,2,4,14,7,17,2,2,10,LC3-p62,HEK,WT,No Torin,3
LC3-p62_HEK_WT_No Torin_10Pos_3_AiryscanProcessing.czi,2,1,30,45,1,16,1,1,15,LC3-p62,HEK,WT,No Torin,3
LC3-p62_HEK_WT_No Torin_10Pos_3_AiryscanProcessing.czi,3,1,53,66,7,20,1,1,13,LC3-p62,HEK,WT,No Torin,3
LC3-p62_HEK_WT_No Torin_10Pos_3_AiryscanProcessing.czi,4,1,11,20,1,10,2,2,9,LC3-p62,HEK,WT,No Torin,3
LC3-p62_HEK_WT_No Torin_10Pos_3_AiryscanProcessing.czi,4,2,2,14,6,18,2,2,12,LC3-p62,HEK,WT,No Torin,3
LC3-p62_HEK_WT_No Torin_10Pos_3_AiryscanProcessing.czi,5,1,13,13,1,1,1,1,0,LC3-p62,HEK,WT,No Torin,3
LC3-p62_HEK_WT_No Torin_10Pos_3_AiryscanProcessing.czi,6,1,23,33,6,16,2,3,10,LC3-p62,HEK,WT,No Torin,3
LC3-p62_HEK_WT_No Torin_10Pos_3_AiryscanProcessing.czi,6,2,41,45,2,6,2,3,4,LC3-p62,HEK,WT,No Torin,3
LC3-p62_HEK_WT_No Torin_10Pos_3_AiryscanProcessing.czi,7,1,4,8,5,9,1,2,4,LC3-p62,HEK,WT,No Torin,3
LC3-p62_HEK_WT_No Torin_10Pos_3_AiryscanProcessing.czi,8,1,0,1,1,2,2,2,1,LC3-p62,HEK,WT,No Torin,3
LC3-p62_HEK_WT_No Torin_10Pos_3_AiryscanProcessing.czi,8,2,3,4,1,2,2,2,1,LC3-p62,HEK,WT,No Torin,3
LC3-p62_HEK_WT_No Torin_10Pos_3_AiryscanProcessing.czi,9,1,2,3,2,3,2,3,1,LC3-p62,HEK,WT,No Torin,3
LC3-p62_HEK_WT_No Torin_10Pos_3_AiryscanProcessing.czi,9,2,0,1,0,1,2,3,1,LC3-p62,HEK,WT,No Torin,3
LC3-p62_HEK_dFIP200_Torin_10Pos_4_AiryscanProcessing.czi,1,1,4,4,2,2,4,5,0,LC3-p62,HEK,dFIP200,Torin,4
LC3-p62_HEK_dFIP200_Torin_10Pos_4_AiryscanProcessing.czi,1,2,3,3,1,1,4,5,0,LC3-p62,HEK,dFIP200,Torin,4
LC3-p62_HEK_dFIP200_Torin_10Pos_4_AiryscanProcessing.czi,1,3,9,9,2,2,4,5,0,LC3-p62,HEK,dFIP200,Torin,4
LC3-p62_HEK_dFIP200_Torin_10Pos_4_AiryscanProcessing.czi,1,4,9,9,0,0,4,5,0,LC3-p62,HEK,dFIP200,Torin,4
LC3-p62_HEK_dFIP200_Torin_10Pos_4_AiryscanProcessing.czi,2,1,20,20,0,0,2,3,0,LC3-p62,HEK,dFIP200,Torin,4
LC3-p62_HEK_dFIP200_Torin_10Pos_4_AiryscanProcessing.czi,2,2,6,6,1,1,2,3,0,LC3-p62,HEK,dFIP200,Torin,4
LC3-p62_HEK_dFIP200_Torin_10Pos_4_AiryscanProcessing.czi,3,1,26,26,1,1,2,2,0,LC3-p62,HEK,dFIP200,Torin,4
LC3-p62_HEK_dFIP200_Torin_10Pos_4_AiryscanProcessing.czi,3,2,11,11,0,0,2,2,0,LC3-p62,HEK,dFIP200,Torin,4
LC3-p62_HEK_dFIP200_Torin_10Pos_4_AiryscanProcessing.czi,4,1,9,9,1,1,1,2,0,LC3-p62,HEK,dFIP200,Torin,4
LC3-p62_HEK_dFIP200_Torin_10Pos_4_AiryscanProcessing.czi,5,1,10,10,0,0,1,3,0,LC3-p62,HEK,dFIP200,Torin,4
LC3-p62_HEK_dFIP200_Torin_10Pos_4_AiryscanProcessing.czi,6,1,0,0,0,0,2,2,0,LC3-p62,HEK,dFIP200,Torin,4
LC3-p62_HEK_dFIP200_Torin_10Pos_4_AiryscanProcessing.czi,6,2,4,4,4,4,2,2,0,LC3-p62,HEK,dFIP200,Torin,4
LC3-p62_HEK_dFIP200_Torin_10Pos_4_AiryscanProcessing.czi,7,1,3,3,0,0,1,1,0,LC3-p62,HEK,dFIP200,Torin,4
LC3-p62_HEK_dFIP200_Torin_10Pos_4_AiryscanProcessing.czi,8,1,10,10,3,3,1,2,0,LC3-p62,HEK,dFIP200,Torin,4
LC3-p62_HEK_dFIP200_Torin_10Pos_4_AiryscanProcessing.czi,9,1,20,20,0,0,1,5,0,LC3-p62,HEK,dFIP200,Torin,4
LC3-p62_HEK_dFIP200_Torin_10Pos_4_AiryscanProcessing.czi,10,1,9,9,0,0,2,2,0,LC3-p62,HEK,dFIP200,Torin,4
LC3-p62_HEK_dFIP200_Torin_10Pos_4_AiryscanProcessing.czi,10,2,5,5,0,0,2,2,0,LC3-p62,HEK,dFIP200,Torin,4
LC3-p62_HEK_dVPS37A_No Torin_10Pos_4_AiryscanProcessing.czi,1,1,41,53,0,12,3,3,12,LC3-p62,HEK,dVPS37A,No Torin,4
LC3-p62_HEK_dVPS37A_No Torin_10Pos_4_AiryscanProcessing.czi,1,2,10,16,-3,3,3,3,6,LC3-p62,HEK,dVPS37A,No Torin,4
LC3-p62_HEK_dVPS37A_No Torin_10Pos_4_AiryscanProcessing.czi,1,3,21,32,1,12,3,3,11,LC3-p62,HEK,dVPS37A,No Torin,4
LC3-p62_HEK_dVPS37A_No Torin_10Pos_4_AiryscanProcessing.czi,2,1,14,37,16,39,2,2,23,LC3-p62,HEK,dVPS37A,No Torin,4
LC3-p62_HEK_dVPS37A_No Torin_10Pos_4_AiryscanProcessing.czi,2,2,16,67,21,72,2,2,51,LC3-p62,HEK,dVPS37A,No Torin,4
LC3-p62_HEK_dVPS37A_No Torin_10Pos_4_AiryscanProcessing.czi,3,1,13,47,4,38,3,3,34,LC3-p62,HEK,dVPS37A,No Torin,4
LC3-p62_HEK_dVPS37A_No Torin_10Pos_4_AiryscanProcessing.czi,3,2,53,92,22,61,3,3,39,LC3-p62,HEK,dVPS37A,No Torin,4
LC3-p62_HEK_dVPS37A_No Torin_10Pos_4_AiryscanProcessing.czi,3,3,8,30,9,31,3,3,22,LC3-p62,HEK,dVPS37A,No Torin,4
LC3-p62_HEK_dVPS37A_No Torin_10Pos_4_AiryscanProcessing.czi,4,1,47,81,40,74,3,3,34,LC3-p62,HEK,dVPS37A,No Torin,4
LC3-p62_HEK_dVPS37A_No Torin_10Pos_4_AiryscanProcessing.czi,4,2,40,89,33,82,3,3,49,LC3-p62,HEK,dVPS37A,No Torin,4
LC3-p62_HEK_dVPS37A_No Torin_10Pos_4_AiryscanProcessing.czi,4,3,24,41,13,30,3,3,17,LC3-p62,HEK,dVPS37A,No Torin,4
LC3-p62_HEK_dVPS37A_No Torin_10Pos_4_AiryscanProcessing.czi,5,1,13,23,4,14,4,4,10,LC3-p62,HEK,dVPS37A,No Torin,4
LC3-p62_HEK_dVPS37A_No Torin_10Pos_4_AiryscanProcessing.czi,5,2,33,68,4,39,4,4,35,LC3-p62,HEK,dVPS37A,No Torin,4
LC3-p62_HEK_dVPS37A_No Torin_10Pos_4_AiryscanProcessing.czi,5,3,22,34,1,13,4,4,12,LC3-p62,HEK,dVPS37A,No Torin,4
LC3-p62_HEK_dVPS37A_No Torin_10Pos_4_AiryscanProcessing.czi,5,4,26,43,0,17,4,4,17,LC3-p62,HEK,dVPS37A,No Torin,4
LC3-p62_HEK_dVPS37A_No Torin_10Pos_4_AiryscanProcessing.czi,6,1,38,46,1,9,2,2,8,LC3-p62,HEK,dVPS37A,No Torin,4
LC3-p62_HEK_dVPS37A_No Torin_10Pos_4_AiryscanProcessing.czi,6,2,51,63,14,26,2,2,12,LC3-p62,HEK,dVPS37A,No Torin,4
LC3-p62_HEK_dVPS37A_No Torin_10Pos_4_AiryscanProcessing.czi,7,1,46,77,43,74,2,2,31,LC3-p62,HEK,dVPS37A,No Torin,4
LC3-p62_HEK_dVPS37A_No Torin_10Pos_4_AiryscanProcessing.czi,7,2,28,78,43,93,2,2,50,LC3-p62,HEK,dVPS37A,No Torin,4
LC3-p62_HEK_dVPS37A_No Torin_10Pos_4_AiryscanProcessing.czi,8,1,23,69,5,51,2,2,46,LC3-p62,HEK,dVPS37A,No Torin,4
LC3-p62_HEK_dVPS37A_No Torin_10Pos_4_AiryscanProcessing.czi,8,2,18,50,15,47,2,2,32,LC3-p62,HEK,dVPS37A,No Torin,4
LC3-p62_HEK_dVPS37A_No Torin_10Pos_4_AiryscanProcessing.czi,9,1,42,53,1,12,1,1,11,LC3-p62,HEK,dVPS37A,No Torin,4
LC3-p62_HEK_dVPS37A_No Torin_10Pos_4_AiryscanProcessing.czi,10,1,8,15,19,26,2,2,7,LC3-p62,HEK,dVPS37A,No Torin,4
LC3-p62_HEK_dVPS37A_No Torin_10Pos_4_AiryscanProcessing.czi,10,2,12,48,33,69,2,2,36,LC3-p62,HEK,dVPS37A,No Torin,4
LC3-p62_HEK_dTMEM_Torin_10Pos_2_AiryscanProcessing.czi,1,1,43,104,28,89,2,2,61,LC3-p62,HEK,dTMEM,Torin,2
LC3-p62_HEK_dTMEM_Torin_10Pos_2_AiryscanProcessing.czi,1,2,28,103,42,117,2,2,75,LC3-p62,HEK,dTMEM,Torin,2
LC3-p62_HEK_dTMEM_Torin_10Pos_2_AiryscanProcessing.czi,2,1,33,125,95,187,2,2,92,LC3-p62,HEK,dTMEM,Torin,2
LC3-p62_HEK_dTMEM_Torin_10Pos_2_AiryscanProcessing.czi,2,2,23,128,93,198,2,2,105,LC3-p62,HEK,dTMEM,Torin,2
LC3-p62_HEK_dTMEM_Torin_10Pos_2_AiryscanProcessing.czi,3,1,52,269,74,291,1,1,217,LC3-p62,HEK,dTMEM,Torin,2
LC3-p62_HEK_dTMEM_Torin_10Pos_2_AiryscanProcessing.czi,4,1,23,104,30,111,3,3,81,LC3-p62,HEK,dTMEM,Torin,2
LC3-p62_HEK_dTMEM_Torin_10Pos_2_AiryscanProcessing.czi,4,2,28,122,41,135,3,3,94,LC3-p62,HEK,dTMEM,Torin,2
LC3-p62_HEK_dTMEM_Torin_10Pos_2_AiryscanProcessing.czi,4,3,29,170,92,233,3,3,141,LC3-p62,HEK,dTMEM,Torin,2
LC3-p62_HEK_dTMEM_Torin_10Pos_2_AiryscanProcessing.czi,5,1,46,134,53,141,2,2,88,LC3-p62,HEK,dTMEM,Torin,2
LC3-p62_HEK_dTMEM_Torin_10Pos_2_AiryscanProcessing.czi,5,2,31,102,35,106,2,2,71,LC3-p62,HEK,dTMEM,Torin,2
LC3-p62_HEK_dTMEM_Torin_10Pos_2_AiryscanProcessing.czi,6,1,34,116,42,124,1,1,82,LC3-p62,HEK,dTMEM,Torin,2
LC3-p62_HEK_dTMEM_Torin_10Pos_2_AiryscanProcessing.czi,7,1,94,142,52,100,1,1,48,LC3-p62,HEK,dTMEM,Torin,2
LC3-p62_HEK_dTMEM_Torin_10Pos_2_AiryscanProcessing.czi,8,1,23,80,38,95,2,2,57,LC3-p62,HEK,dTMEM,Torin,2
LC3-p62_HEK_dTMEM_Torin_10Pos_2_AiryscanProcessing.czi,8,2,34,114,77,157,2,2,80,LC3-p62,HEK,dTMEM,Torin,2
LC3-p62_HEK_dTMEM_Torin_10Pos_2_AiryscanProcessing.czi,9,1,15,75,62,122,1,1,60,LC3-p62,HEK,dTMEM,Torin,2
LC3-p62_HEK_dTMEM_Torin_10Pos_2_AiryscanProcessing.czi,10,1,50,179,107,236,1,1,129,LC3-p62,HEK,dTMEM,Torin,2
LC3-p62_HEK_dVPS37A_Torin_10Pos_4_AiryscanProcessing.czi,1,1,43,52,0,9,2,2,9,LC3-p62,HEK,dVPS37A,Torin,4
LC3-p62_HEK_dVPS37A_Torin_10Pos_4_AiryscanProcessing.czi,1,2,43,52,2,11,2,2,9,LC3-p62,HEK,dVPS37A,Torin,4
LC3-p62_HEK_dVPS37A_Torin_10Pos_4_AiryscanProcessing.czi,2,1,55,98,29,72,1,1,43,LC3-p62,HEK,dVPS37A,Torin,4
LC3-p62_HEK_dVPS37A_Torin_10Pos_4_AiryscanProcessing.czi,3,1,31,63,13,45,2,2,32,LC3-p62,HEK,dVPS37A,Torin,4
LC3-p62_HEK_dVPS37A_Torin_10Pos_4_AiryscanProcessing.czi,3,2,33,59,5,31,2,2,26,LC3-p62,HEK,dVPS37A,Torin,4
LC3-p62_HEK_dVPS37A_Torin_10Pos_4_AiryscanProcessing.czi,4,1,53,113,13,73,2,2,60,LC3-p62,HEK,dVPS37A,Torin,4
LC3-p62_HEK_dVPS37A_Torin_10Pos_4_AiryscanProcessing.czi,4,2,35,53,5,23,2,2,18,LC3-p62,HEK,dVPS37A,Torin,4
LC3-p62_HEK_dVPS37A_Torin_10Pos_4_AiryscanProcessing.czi,5,1,39,98,32,91,1,1,59,LC3-p62,HEK,dVPS37A,Torin,4
LC3-p62_HEK_dVPS37A_Torin_10Pos_4_AiryscanProcessing.czi,6,1,29,93,32,96,2,2,64,LC3-p62,HEK,dVPS37A,Torin,4
LC3-p62_HEK_dVPS37A_Torin_10Pos_4_AiryscanProcessing.czi,6,2,10,23,9,22,2,2,13,LC3-p62,HEK,dVPS37A,Torin,4
LC3-p62_HEK_dVPS37A_Torin_10Pos_4_AiryscanProcessing.czi,7,1,44,59,1,16,2,2,15,LC3-p62,HEK,dVPS37A,Torin,4
LC3-p62_HEK_dVPS37A_Torin_10Pos_4_AiryscanProcessing.czi,7,2,45,52,0,7,2,2,7,LC3-p62,HEK,dVPS37A,Torin,4
LC3-p62_HEK_dVPS37A_Torin_10Pos_4_AiryscanProcessing.czi,8,1,11,13,1,3,3,3,2,LC3-p62,HEK,dVPS37A,Torin,4
LC3-p62_HEK_dVPS37A_Torin_10Pos_4_AiryscanProcessing.czi,8,2,6,16,7,17,3,3,10,LC3-p62,HEK,dVPS37A,Torin,4
LC3-p62_HEK_dVPS37A_Torin_10Pos_4_AiryscanProcessing.czi,8,3,31,47,5,21,3,3,16,LC3-p62,HEK,dVPS37A,Torin,4
LC3-p62_HEK_dVPS37A_Torin_10Pos_4_AiryscanProcessing.czi,9,1,24,63,7,46,4,5,39,LC3-p62,HEK,dVPS37A,Torin,4
LC3-p62_HEK_dVPS37A_Torin_10Pos_4_AiryscanProcessing.czi,9,2,30,82,4,56,4,5,52,LC3-p62,HEK,dVPS37A,Torin,4
LC3-p62_HEK_dVPS37A_Torin_10Pos_4_AiryscanProcessing.czi,9,3,30,72,7,49,4,5,42,LC3-p62,HEK,dVPS37A,Torin,4
LC3-p62_HEK_dVPS37A_Torin_10Pos_4_AiryscanProcessing.czi,9,4,22,57,3,38,4,5,35,LC3-p62,HEK,dVPS37A,Torin,4
LC3-p62_HEK_dVPS37A_Torin_10Pos_4_AiryscanProcessing.czi,10,1,16,53,41,78,1,1,37,LC3-p62,HEK,dVPS37A,Torin,4
LC3-p62_HEK_WT_No Torin_10Pos_1_AiryscanProcessing.czi,1,1,5,7,4,6,2,2,2,LC3-p62,HEK,WT,No Torin,1
LC3-p62_HEK_WT_No Torin_10Pos_1_AiryscanProcessing.czi,1,2,10,14,3,7,2,2,4,LC3-p62,HEK,WT,No Torin,1
LC3-p62_HEK_WT_No Torin_10Pos_1_AiryscanProcessing.czi,2,1,13,24,27,38,2,2,11,LC3-p62,HEK,WT,No Torin,1
LC3-p62_HEK_WT_No Torin_10Pos_1_AiryscanProcessing.czi,2,2,8,10,3,5,2,2,2,LC3-p62,HEK,WT,No Torin,1
LC3-p62_HEK_WT_No Torin_10Pos_1_AiryscanProcessing.czi,3,1,2,4,0,2,2,2,2,LC3-p62,HEK,WT,No Torin,1
LC3-p62_HEK_WT_No Torin_10Pos_1_AiryscanProcessing.czi,3,2,6,11,7,12,2,2,5,LC3-p62,HEK,WT,No Torin,1
LC3-p62_HEK_WT_No Torin_10Pos_1_AiryscanProcessing.czi,4,1,11,14,5,8,2,2,3,LC3-p62,HEK,WT,No Torin,1
LC3-p62_HEK_WT_No Torin_10Pos_1_AiryscanProcessing.czi,4,2,6,7,2,3,2,2,1,LC3-p62,HEK,WT,No Torin,1
LC3-p62_HEK_WT_No Torin_10Pos_1_AiryscanProcessing.czi,5,1,4,7,3,6,1,1,3,LC3-p62,HEK,WT,No Torin,1
LC3-p62_HEK_WT_No Torin_10Pos_1_AiryscanProcessing.czi,6,1,3,4,0,1,2,2,1,LC3-p62,HEK,WT,No Torin,1
LC3-p62_HEK_WT_No Torin_10Pos_1_AiryscanProcessing.czi,6,2,3,4,0,1,2,2,1,LC3-p62,HEK,WT,No Torin,1
LC3-p62_HEK_WT_No Torin_10Pos_1_AiryscanProcessing.czi,7,1,8,10,0,2,2,2,2,LC3-p62,HEK,WT,No Torin,1
LC3-p62_HEK_WT_No Torin_10Pos_1_AiryscanProcessing.czi,7,2,0,2,4,6,2,2,2,LC3-p62,HEK,WT,No Torin,1
LC3-p62_HEK_WT_No Torin_10Pos_1_AiryscanProcessing.czi,8,1,5,9,1,5,3,4,4,LC3-p62,HEK,WT,No Torin,1
LC3-p62_HEK_WT_No Torin_10Pos_1_AiryscanProcessing.czi,8,2,9,12,3,6,3,4,3,LC3-p62,HEK,WT,No Torin,1
LC3-p62_HEK_WT_No Torin_10Pos_1_AiryscanProcessing.czi,8,3,6,10,4,8,3,4,4,LC3-p62,HEK,WT,No Torin,1
LC3-p62_HEK_WT_No Torin_10Pos_1_AiryscanProcessing.czi,9,1,6,9,3,6,4,4,3,LC3-p62,HEK,WT,No Torin,1
LC3-p62_HEK_WT_No Torin_10Pos_1_AiryscanProcessing.czi,9,2,8,10,0,2,4,4,2,LC3-p62,HEK,WT,No Torin,1
LC3-p62_HEK_WT_No Torin_10Pos_1_AiryscanProcessing.czi,9,3,11,12,1,2,4,4,1,LC3-p62,HEK,WT,No Torin,1
LC3-p62_HEK_WT_No Torin_10Pos_1_AiryscanProcessing.czi,9,4,10,10,0,0,4,4,0,LC3-p62,HEK,WT,No Torin,1
LC3-p62_HEK_WT_No Torin_10Pos_1_AiryscanProcessing.czi,10,1,15,20,6,11,2,2,5,LC3-p62,HEK,WT,No Torin,1
LC3-p62_HEK_WT_No Torin_10Pos_1_AiryscanProcessing.czi,10,2,9,11,4,6,2,2,2,LC3-p62,HEK,WT,No Torin,1
LC3-p62_HEK_dp62_No Torin_10Pos_3_AiryscanProcessing.czi,1,1,0,0,2,2,2,2,0,LC3-p62,HEK,dp62,No Torin,3
LC3-p62_HEK_dp62_No Torin_10Pos_3_AiryscanProcessing.czi,1,2,0,0,0,0,2,2,0,LC3-p62,HEK,dp62,No Torin,3
LC3-p62_HEK_dp62_No Torin_10Pos_3_AiryscanProcessing.czi,2,1,0,0,0,0,2,2,0,LC3-p62,HEK,dp62,No Torin,3
LC3-p62_HEK_dp62_No Torin_10Pos_3_AiryscanProcessing.czi,2,2,0,0,0,0,2,2,0,LC3-p62,HEK,dp62,No Torin,3
LC3-p62_HEK_dp62_No Torin_10Pos_3_AiryscanProcessing.czi,3,1,0,0,0,0,2,2,0,LC3-p62,HEK,dp62,No Torin,3
LC3-p62_HEK_dp62_No Torin_10Pos_3_AiryscanProcessing.czi,3,2,0,0,0,0,2,2,0,LC3-p62,HEK,dp62,No Torin,3
LC3-p62_HEK_dp62_No Torin_10Pos_3_AiryscanProcessing.czi,4,1,0,0,3,3,1,1,0,LC3-p62,HEK,dp62,No Torin,3
LC3-p62_HEK_dp62_No Torin_10Pos_3_AiryscanProcessing.czi,5,1,0,0,2,2,2,2,0,LC3-p62,HEK,dp62,No Torin,3
LC3-p62_HEK_dp62_No Torin_10Pos_3_AiryscanProcessing.czi,5,2,0,0,1,1,2,2,0,LC3-p62,HEK,dp62,No Torin,3
LC3-p62_HEK_dp62_No Torin_10Pos_3_AiryscanProcessing.czi,6,1,0,0,3,3,2,2,0,LC3-p62,HEK,dp62,No Torin,3
LC3-p62_HEK_dp62_No Torin_10Pos_3_AiryscanProcessing.czi,6,2,0,0,1,1,2,2,0,LC3-p62,HEK,dp62,No Torin,3
LC3-p62_HEK_dp62_No Torin_10Pos_3_AiryscanProcessing.czi,7,1,0,0,1,1,1,1,0,LC3-p62,HEK,dp62,No Torin,3
LC3-p62_HEK_dp62_No Torin_10Pos_3_AiryscanProcessing.czi,8,1,0,0,1,1,4,6,0,LC3-p62,HEK,dp62,No Torin,3
LC3-p62_HEK_dp62_No Torin_10Pos_3_AiryscanProcessing.czi,8,2,0,0,7,7,4,6,0,LC3-p62,HEK,dp62,No Torin,3
LC3-p62_HEK_dp62_No Torin_10Pos_3_AiryscanProcessing.czi,8,3,0,0,4,4,4,6,0,LC3-p62,HEK,dp62,No Torin,3
LC3-p62_HEK_dp62_No Torin_10Pos_3_AiryscanProcessing.czi,8,4,2,2,4,4,4,6,0,LC3-p62,HEK,dp62,No Torin,3
LC3-p62_HEK_dp62_No Torin_10Pos_3_AiryscanProcessing.czi,9,1,0,0,2,2,2,2,0,LC3-p62,HEK,dp62,No Torin,3
LC3-p62_HEK_dp62_No Torin_10Pos_3_AiryscanProcessing.czi,9,2,0,0,4,4,2,2,0,LC3-p62,HEK,dp62,No Torin,3
LC3-p62_HEK_dp62_No Torin_10Pos_3_AiryscanProcessing.czi,10,1,0,0,5,5,2,2,0,LC3-p62,HEK,dp62,No Torin,3
LC3-p62_HEK_dp62_No Torin_10Pos_3_AiryscanProcessing.czi,10,2,0,0,6,6,2,2,0,LC3-p62,HEK,dp62,No Torin,3
LC3-p62_HEK_WT_No Torin_10Pos_4_AiryscanProcessing.czi,1,1,8,11,1,4,2,3,3,LC3-p62,HEK,WT,No Torin,4
LC3-p62_HEK_WT_No Torin_10Pos_4_AiryscanProcessing.czi,1,2,9,13,2,6,2,3,4,LC3-p62,HEK,WT,No Torin,4
LC3-p62_HEK_WT_No Torin_10Pos_4_AiryscanProcessing.czi,2,1,14,17,4,7,2,2,3,LC3-p62,HEK,WT,No Torin,4
LC3-p62_HEK_WT_No Torin_10Pos_4_AiryscanProcessing.czi,2,2,11,12,2,3,2,2,1,LC3-p62,HEK,WT,No Torin,4
LC3-p62_HEK_WT_No Torin_10Pos_4_AiryscanProcessing.czi,3,1,3,3,0,0,2,5,0,LC3-p62,HEK,WT,No Torin,4
LC3-p62_HEK_WT_No Torin_10Pos_4_AiryscanProcessing.czi,3,2,1,1,0,0,2,5,0,LC3-p62,HEK,WT,No Torin,4
LC3-p62_HEK_WT_No Torin_10Pos_4_AiryscanProcessing.czi,4,1,11,12,0,1,2,4,1,LC3-p62,HEK,WT,No Torin,4
LC3-p62_HEK_WT_No Torin_10Pos_4_AiryscanProcessing.czi,4,2,13,13,1,1,2,4,0,LC3-p62,HEK,WT,No Torin,4
LC3-p62_HEK_WT_No Torin_10Pos_4_AiryscanProcessing.czi,5,1,8,10,2,4,1,1,2,LC3-p62,HEK,WT,No Torin,4
LC3-p62_HEK_WT_No Torin_10Pos_4_AiryscanProcessing.czi,7,1,6,6,0,0,1,1,0,LC3-p62,HEK,WT,No Torin,4
LC3-p62_HEK_WT_No Torin_10Pos_4_AiryscanProcessing.czi,8,1,2,3,0,1,1,1,1,LC3-p62,HEK,WT,No Torin,4
LC3-p62_HEK_WT_No Torin_10Pos_4_AiryscanProcessing.czi,9,1,11,11,0,0,3,3,0,LC3-p62,HEK,WT,No Torin,4
LC3-p62_HEK_WT_No Torin_10Pos_4_AiryscanProcessing.czi,9,2,3,3,0,0,3,3,0,LC3-p62,HEK,WT,No Torin,4
LC3-p62_HEK_WT_No Torin_10Pos_4_AiryscanProcessing.czi,9,3,5,6,0,1,3,3,1,LC3-p62,HEK,WT,No Torin,4
LC3-p62_HEK_WT_No Torin_10Pos_4_AiryscanProcessing.czi,10,1,1,1,2,2,2,2,0,LC3-p62,HEK,WT,No Torin,4
LC3-p62_HEK_WT_No Torin_10Pos_4_AiryscanProcessing.czi,10,2,10,10,2,2,2,2,0,LC3-p62,HEK,WT,No Torin,4
LC3-p62_HEK_dATG7_Torin_10Pos_1_AiryscanProcessing.czi,1,1,56,56,0,0,2,2,0,LC3-p62,HEK,dATG7,Torin,1
LC3-p62_HEK_dATG7_Torin_10Pos_1_AiryscanProcessing.czi,1,2,41,41,0,0,2,2,0,LC3-p62,HEK,dATG7,Torin,1
LC3-p62_HEK_dATG7_Torin_10Pos_1_AiryscanProcessing.czi,2,1,85,85,0,0,2,3,0,LC3-p62,HEK,dATG7,Torin,1
LC3-p62_HEK_dATG7_Torin_10Pos_1_AiryscanProcessing.czi,2,2,52,52,0,0,2,3,0,LC3-p62,HEK,dATG7,Torin,1
LC3-p62_HEK_dATG7_Torin_10Pos_1_AiryscanProcessing.czi,3,1,55,55,0,0,1,1,0,LC3-p62,HEK,dATG7,Torin,1
LC3-p62_HEK_dATG7_Torin_10Pos_1_AiryscanProcessing.czi,4,1,23,23,0,0,3,3,0,LC3-p62,HEK,dATG7,Torin,1
LC3-p62_HEK_dATG7_Torin_10Pos_1_AiryscanProcessing.czi,4,2,48,48,0,0,3,3,0,LC3-p62,HEK,dATG7,Torin,1
LC3-p62_HEK_dATG7_Torin_10Pos_1_AiryscanProcessing.czi,4,3,48,48,0,0,3,3,0,LC3-p62,HEK,dATG7,Torin,1
LC3-p62_HEK_dATG7_Torin_10Pos_1_AiryscanProcessing.czi,5,1,75,75,0,0,4,4,0,LC3-p62,HEK,dATG7,Torin,1
LC3-p62_HEK_dATG7_Torin_10Pos_1_AiryscanProcessing.czi,5,2,34,34,1,1,4,4,0,LC3-p62,HEK,dATG7,Torin,1
LC3-p62_HEK_dATG7_Torin_10Pos_1_AiryscanProcessing.czi,5,3,28,28,0,0,4,4,0,LC3-p62,HEK,dATG7,Torin,1
LC3-p62_HEK_dATG7_Torin_10Pos_1_AiryscanProcessing.czi,5,4,47,47,0,0,4,4,0,LC3-p62,HEK,dATG7,Torin,1
LC3-p62_HEK_dATG7_Torin_10Pos_1_AiryscanProcessing.czi,6,1,73,73,0,0,1,1,0,LC3-p62,HEK,dATG7,Torin,1
LC3-p62_HEK_dATG7_Torin_10Pos_1_AiryscanProcessing.czi,7,1,49,49,1,1,2,3,0,LC3-p62,HEK,dATG7,Torin,1
LC3-p62_HEK_dATG7_Torin_10Pos_1_AiryscanProcessing.czi,7,2,158,158,0,0,2,3,0,LC3-p62,HEK,dATG7,Torin,1
LC3-p62_HEK_dATG7_Torin_10Pos_1_AiryscanProcessing.czi,8,1,20,20,0,0,2,2,0,LC3-p62,HEK,dATG7,Torin,1
LC3-p62_HEK_dATG7_Torin_10Pos_1_AiryscanProcessing.czi,8,2,28,28,0,0,2,2,0,LC3-p62,HEK,dATG7,Torin,1
LC3-p62_HEK_dATG7_Torin_10Pos_1_AiryscanProcessing.czi,10,1,47,47,0,0,2,3,0,LC3-p62,HEK,dATG7,Torin,1
LC3-p62_HEK_dATG7_Torin_10Pos_1_AiryscanProcessing.czi,10,2,45,45,0,0,2,3,0,LC3-p62,HEK,dATG7,Torin,1
LC3-p62_HEK_dp62_Torin_10Pos_4_AiryscanProcessing.czi,1,1,0,0,70,70,2,2,0,LC3-p62,HEK,dp62,Torin,4
LC3-p62_HEK_dp62_Torin_10Pos_4_AiryscanProcessing.czi,1,2,0,0,79,79,2,2,0,LC3-p62,HEK,dp62,Torin,4
LC3-p62_HEK_dp62_Torin_10Pos_4_AiryscanProcessing.czi,2,1,0,0,38,38,4,4,0,LC3-p62,HEK,dp62,Torin,4
LC3-p62_HEK_dp62_Torin_10Pos_4_AiryscanProcessing.czi,2,2,0,0,32,32,4,4,0,LC3-p62,HEK,dp62,Torin,4
LC3-p62_HEK_dp62_Torin_10Pos_4_AiryscanProcessing.czi,2,3,1,1,34,34,4,4,0,LC3-p62,HEK,dp62,Torin,4
LC3-p62_HEK_dp62_Torin_10Pos_4_AiryscanProcessing.czi,2,4,4,4,7,7,4,4,0,LC3-p62,HEK,dp62,Torin,4
LC3-p62_HEK_dp62_Torin_10Pos_4_AiryscanProcessing.czi,3,1,0,0,78,78,2,2,0,LC3-p62,HEK,dp62,Torin,4
LC3-p62_HEK_dp62_Torin_10Pos_4_AiryscanProcessing.czi,3,2,0,0,62,62,2,2,0,LC3-p62,HEK,dp62,Torin,4
LC3-p62_HEK_dp62_Torin_10Pos_4_AiryscanProcessing.czi,4,1,0,0,44,44,2,3,0,LC3-p62,HEK,dp62,Torin,4
LC3-p62_HEK_dp62_Torin_10Pos_4_AiryscanProcessing.czi,4,2,0,0,40,40,2,3,0,LC3-p62,HEK,dp62,Torin,4
LC3-p62_HEK_dp62_Torin_10Pos_4_AiryscanProcessing.czi,5,1,0,0,40,40,4,5,0,LC3-p62,HEK,dp62,Torin,4
LC3-p62_HEK_dp62_Torin_10Pos_4_AiryscanProcessing.czi,5,2,0,0,16,16,4,5,0,LC3-p62,HEK,dp62,Torin,4
LC3-p62_HEK_dp62_Torin_10Pos_4_AiryscanProcessing.czi,5,3,0,0,27,27,4,5,0,LC3-p62,HEK,dp62,Torin,4
LC3-p62_HEK_dp62_Torin_10Pos_4_AiryscanProcessing.czi,5,4,1,1,4,4,4,5,0,LC3-p62,HEK,dp62,Torin,4
LC3-p62_HEK_dp62_Torin_10Pos_4_AiryscanProcessing.czi,7,1,0,0,47,47,1,1,0,LC3-p62,HEK,dp62,Torin,4
LC3-p62_HEK_dp62_Torin_10Pos_4_AiryscanProcessing.czi,8,1,0,0,83,83,2,2,0,LC3-p62,HEK,dp62,Torin,4
LC3-p62_HEK_dp62_Torin_10Pos_4_AiryscanProcessing.czi,8,2,0,0,58,58,2,2,0,LC3-p62,HEK,dp62,Torin,4
LC3-p62_HEK_dp62_Torin_10Pos_4_AiryscanProcessing.czi,9,1,0,0,56,56,2,2,0,LC3-p62,HEK,dp62,Torin,4
LC3-p62_HEK_dp62_Torin_10Pos_4_AiryscanProcessing.czi,9,2,0,0,41,41,2,2,0,LC3-p62,HEK,dp62,Torin,4
LC3-p62_HEK_dp62_Torin_10Pos_4_AiryscanProcessing.czi,10,1,0,0,54,54,2,2,0,LC3-p62,HEK,dp62,Torin,4
LC3-p62_HEK_dp62_Torin_10Pos_4_AiryscanProcessing.czi,10,2,0,0,60,60,2,2,0,LC3-p62,HEK,dp62,Torin,4
LC3-p62_HEK_WT_Torin_10Pos_1_AiryscanProcessing.czi,1,1,4,8,17,21,2,2,4,LC3-p62,HEK,WT,Torin,1
LC3-p62_HEK_WT_Torin_10Pos_1_AiryscanProcessing.czi,1,2,4,10,29,35,2,2,6,LC3-p62,HEK,WT,Torin,1
LC3-p62_HEK_WT_Torin_10Pos_1_AiryscanProcessing.czi,2,1,10,26,31,47,3,4,16,LC3-p62,HEK,WT,Torin,1
LC3-p62_HEK_WT_Torin_10Pos_1_AiryscanProcessing.czi,2,2,7,23,64,80,3,4,16,LC3-p62,HEK,WT,Torin,1
LC3-p62_HEK_WT_Torin_10Pos_1_AiryscanProcessing.czi,2,3,6,15,49,58,3,4,9,LC3-p62,HEK,WT,Torin,1
LC3-p62_HEK_WT_Torin_10Pos_1_AiryscanProcessing.czi,3,1,3,4,8,9,2,2,1,LC3-p62,HEK,WT,Torin,1
LC3-p62_HEK_WT_Torin_10Pos_1_AiryscanProcessing.czi,3,2,1,1,17,17,2,2,0,LC3-p62,HEK,WT,Torin,1
LC3-p62_HEK_WT_Torin_10Pos_1_AiryscanProcessing.czi,4,1,4,7,5,8,2,2,3,LC3-p62,HEK,WT,Torin,1
LC3-p62_HEK_WT_Torin_10Pos_1_AiryscanProcessing.czi,4,2,2,6,5,9,2,2,4,LC3-p62,HEK,WT,Torin,1
LC3-p62_HEK_WT_Torin_10Pos_1_AiryscanProcessing.czi,5,1,6,10,18,22,2,2,4,LC3-p62,HEK,WT,Torin,1
LC3-p62_HEK_WT_Torin_10Pos_1_AiryscanProcessing.czi,5,2,16,32,50,66,2,2,16,LC3-p62,HEK,WT,Torin,1
LC3-p62_HEK_WT_Torin_10Pos_1_AiryscanProcessing.czi,6,1,5,5,6,6,2,2,0,LC3-p62,HEK,WT,Torin,1
LC3-p62_HEK_WT_Torin_10Pos_1_AiryscanProcessing.czi,6,2,4,5,4,5,2,2,1,LC3-p62,HEK,WT,Torin,1
LC3-p62_HEK_WT_Torin_10Pos_1_AiryscanProcessing.czi,7,1,2,3,27,28,2,2,1,LC3-p62,HEK,WT,Torin,1
LC3-p62_HEK_WT_Torin_10Pos_1_AiryscanProcessing.czi,7,2,3,7,39,43,2,2,4,LC3-p62,HEK,WT,Torin,1
LC3-p62_HEK_WT_Torin_10Pos_1_AiryscanProcessing.czi,8,1,5,10,24,29,2,3,5,LC3-p62,HEK,WT,Torin,1
LC3-p62_HEK_WT_Torin_10Pos_1_AiryscanProcessing.czi,8,2,8,16,15,23,2,3,8,LC3-p62,HEK,WT,Torin,1
LC3-p62_HEK_WT_Torin_10Pos_1_AiryscanProcessing.czi,9,1,13,27,31,45,1,1,14,LC3-p62,HEK,WT,Torin,1
LC3-p62_HEK_WT_Torin_10Pos_1_AiryscanProcessing.czi,10,1,3,14,70,81,1,2,11,LC3-p62,HEK,WT,Torin,1
LC3-p62_HEK_dVPS37A_No Torin_10Pos_2_AiryscanProcessing.czi,1,1,8,17,3,12,2,2,9,LC3-p62,HEK,dVPS37A,No Torin,2
LC3-p62_HEK_dVPS37A_No Torin_10Pos_2_AiryscanProcessing.czi,1,2,11,16,2,7,2,2,5,LC3-p62,HEK,dVPS37A,No Torin,2
LC3-p62_HEK_dVPS37A_No Torin_10Pos_2_AiryscanProcessing.czi,2,1,3,3,0,0,2,2,0,LC3-p62,HEK,dVPS37A,No Torin,2
LC3-p62_HEK_dVPS37A_No Torin_10Pos_2_AiryscanProcessing.czi,2,2,8,8,1,1,2,2,0,LC3-p62,HEK,dVPS37A,No Torin,2
LC3-p62_HEK_dVPS37A_No Torin_10Pos_2_AiryscanProcessing.czi,3,1,20,28,0,8,2,2,8,LC3-p62,HEK,dVPS37A,No Torin,2
LC3-p62_HEK_dVPS37A_No Torin_10Pos_2_AiryscanProcessing.czi,3,2,31,33,4,6,2,2,2,LC3-p62,HEK,dVPS37A,No Torin,2
LC3-p62_HEK_dVPS37A_No Torin_10Pos_2_AiryscanProcessing.czi,4,1,30,61,3,34,2,2,31,LC3-p62,HEK,dVPS37A,No Torin,2
LC3-p62_HEK_dVPS37A_No Torin_10Pos_2_AiryscanProcessing.czi,4,2,42,63,4,25,2,2,21,LC3-p62,HEK,dVPS37A,No Torin,2
LC3-p62_HEK_dVPS37A_No Torin_10Pos_2_AiryscanProcessing.czi,6,1,26,42,9,25,1,2,16,LC3-p62,HEK,dVPS37A,No Torin,2
LC3-p62_HEK_dVPS37A_No Torin_10Pos_2_AiryscanProcessing.czi,7,1,20,27,23,30,1,2,7,LC3-p62,HEK,dVPS37A,No Torin,2
LC3-p62_HEK_dVPS37A_No Torin_10Pos_2_AiryscanProcessing.czi,8,1,50,52,46,48,1,2,2,LC3-p62,HEK,dVPS37A,No Torin,2
LC3-p62_HEK_dVPS37A_No Torin_10Pos_2_AiryscanProcessing.czi,10,1,15,50,53,88,1,1,35,LC3-p62,HEK,dVPS37A,No Torin,2
LC3-p62_HEK_dVPS37A_No Torin_10Pos_1_AiryscanProcessing.czi,1,1,12,16,3,7,2,2,4,LC3-p62,HEK,dVPS37A,No Torin,1
LC3-p62_HEK_dVPS37A_No Torin_10Pos_1_AiryscanProcessing.czi,1,2,36,52,7,23,2,2,16,LC3-p62,HEK,dVPS37A,No Torin,1
LC3-p62_HEK_dVPS37A_No Torin_10Pos_1_AiryscanProcessing.czi,2,1,17,55,33,71,3,3,38,LC3-p62,HEK,dVPS37A,No Torin,1
LC3-p62_HEK_dVPS37A_No Torin_10Pos_1_AiryscanProcessing.czi,2,2,20,60,23,63,3,3,40,LC3-p62,HEK,dVPS37A,No Torin,1
LC3-p62_HEK_dVPS37A_No Torin_10Pos_1_AiryscanProcessing.czi,2,3,8,24,8,24,3,3,16,LC3-p62,HEK,dVPS37A,No Torin,1
LC3-p62_HEK_dVPS37A_No Torin_10Pos_1_AiryscanProcessing.czi,3,1,16,48,4,36,4,4,32,LC3-p62,HEK,dVPS37A,No Torin,1
LC3-p62_HEK_dVPS37A_No Torin_10Pos_1_AiryscanProcessing.czi,3,2,14,39,6,31,4,4,25,LC3-p62,HEK,dVPS37A,No Torin,1
LC3-p62_HEK_dVPS37A_No Torin_10Pos_1_AiryscanProcessing.czi,3,3,14,25,7,18,4,4,11,LC3-p62,HEK,dVPS37A,No Torin,1
LC3-p62_HEK_dVPS37A_No Torin_10Pos_1_AiryscanProcessing.czi,3,4,7,32,9,34,4,4,25,LC3-p62,HEK,dVPS37A,No Torin,1
LC3-p62_HEK_dVPS37A_No Torin_10Pos_1_AiryscanProcessing.czi,4,1,35,58,25,48,3,6,23,LC3-p62,HEK,dVPS37A,No Torin,1
LC3-p62_HEK_dVPS37A_No Torin_10Pos_1_AiryscanProcessing.czi,4,2,29,63,15,49,3,6,34,LC3-p62,HEK,dVPS37A,No Torin,1
LC3-p62_HEK_dVPS37A_No Torin_10Pos_1_AiryscanProcessing.czi,4,3,21,37,9,25,3,6,16,LC3-p62,HEK,dVPS37A,No Torin,1
LC3-p62_HEK_dVPS37A_No Torin_10Pos_1_AiryscanProcessing.czi,5,1,5,42,20,57,2,2,37,LC3-p62,HEK,dVPS37A,No Torin,1
LC3-p62_HEK_dVPS37A_No Torin_10Pos_1_AiryscanProcessing.czi,5,2,14,45,9,40,2,2,31,LC3-p62,HEK,dVPS37A,No Torin,1
LC3-p62_HEK_dVPS37A_No Torin_10Pos_1_AiryscanProcessing.czi,6,1,17,31,7,21,2,2,14,LC3-p62,HEK,dVPS37A,No Torin,1
LC3-p62_HEK_dVPS37A_No Torin_10Pos_1_AiryscanProcessing.czi,6,2,20,40,7,27,2,2,20,LC3-p62,HEK,dVPS37A,No Torin,1
LC3-p62_HEK_dVPS37A_No Torin_10Pos_1_AiryscanProcessing.czi,7,1,11,20,2,11,2,2,9,LC3-p62,HEK,dVPS37A,No Torin,1
LC3-p62_HEK_dVPS37A_No Torin_10Pos_1_AiryscanProcessing.czi,7,2,59,71,4,16,2,2,12,LC3-p62,HEK,dVPS37A,No Torin,1
LC3-p62_HEK_dVPS37A_No Torin_10Pos_1_AiryscanProcessing.czi,8,1,69,107,24,62,3,3,38,LC3-p62,HEK,dVPS37A,No Torin,1
LC3-p62_HEK_dVPS37A_No Torin_10Pos_1_AiryscanProcessing.czi,8,2,32,70,42,80,3,3,38,LC3-p62,HEK,dVPS37A,No Torin,1
LC3-p62_HEK_dVPS37A_No Torin_10Pos_1_AiryscanProcessing.czi,8,3,23,48,8,33,3,3,25,LC3-p62,HEK,dVPS37A,No Torin,1
LC3-p62_HEK_dVPS37A_No Torin_10Pos_1_AiryscanProcessing.czi,9,1,25,59,7,41,2,2,34,LC3-p62,HEK,dVPS37A,No Torin,1
LC3-p62_HEK_dVPS37A_No Torin_10Pos_1_AiryscanProcessing.czi,9,2,15,34,4,23,2,2,19,LC3-p62,HEK,dVPS37A,No Torin,1
LC3-p62_HEK_dVPS37A_No Torin_10Pos_1_AiryscanProcessing.czi,10,1,21,40,6,25,2,2,19,LC3-p62,HEK,dVPS37A,No Torin,1
LC3-p62_HEK_dVPS37A_No Torin_10Pos_1_AiryscanProcessing.czi,10,2,37,81,9,53,2,2,44,LC3-p62,HEK,dVPS37A,No Torin,1
LC3-p62_HEK_dATG7_No Torin_10Pos_2_AiryscanProcessing.czi,1,1,49,49,1,1,1,1,0,LC3-p62,HEK,dATG7,No Torin,2
LC3-p62_HEK_dATG7_No Torin_10Pos_2_AiryscanProcessing.czi,2,1,46,46,0,0,2,2,0,LC3-p62,HEK,dATG7,No Torin,2
LC3-p62_HEK_dATG7_No Torin_10Pos_2_AiryscanProcessing.czi,2,2,24,24,0,0,2,2,0,LC3-p62,HEK,dATG7,No Torin,2
LC3-p62_HEK_dATG7_No Torin_10Pos_2_AiryscanProcessing.czi,3,1,91,91,0,0,2,2,0,LC3-p62,HEK,dATG7,No Torin,2
LC3-p62_HEK_dATG7_No Torin_10Pos_2_AiryscanProcessing.czi,3,2,61,61,1,1,2,2,0,LC3-p62,HEK,dATG7,No Torin,2
LC3-p62_HEK_dATG7_No Torin_10Pos_2_AiryscanProcessing.czi,4,1,108,108,0,0,2,2,0,LC3-p62,HEK,dATG7,No Torin,2
LC3-p62_HEK_dATG7_No Torin_10Pos_2_AiryscanProcessing.czi,4,2,80,80,0,0,2,2,0,LC3-p62,HEK,dATG7,No Torin,2
LC3-p62_HEK_dATG7_No Torin_10Pos_2_AiryscanProcessing.czi,5,1,62,62,0,0,1,2,0,LC3-p62,HEK,dATG7,No Torin,2
LC3-p62_HEK_dATG7_No Torin_10Pos_2_AiryscanProcessing.czi,6,1,35,35,0,0,2,3,0,LC3-p62,HEK,dATG7,No Torin,2
LC3-p62_HEK_dATG7_No Torin_10Pos_2_AiryscanProcessing.czi,6,2,22,22,0,0,2,3,0,LC3-p62,HEK,dATG7,No Torin,2
LC3-p62_HEK_dATG7_No Torin_10Pos_2_AiryscanProcessing.czi,7,1,68,68,0,0,1,2,0,LC3-p62,HEK,dATG7,No Torin,2
LC3-p62_HEK_dATG7_No Torin_10Pos_2_AiryscanProcessing.czi,8,1,75,75,0,0,2,2,0,LC3-p62,HEK,dATG7,No Torin,2
LC3-p62_HEK_dATG7_No Torin_10Pos_2_AiryscanProcessing.czi,8,2,58,58,0,0,2,2,0,LC3-p62,HEK,dATG7,No Torin,2
LC3-p62_HEK_dATG7_No Torin_10Pos_2_AiryscanProcessing.czi,9,1,57,57,0,0,2,2,0,LC3-p62,HEK,dATG7,No Torin,2
LC3-p62_HEK_dATG7_No Torin_10Pos_2_AiryscanProcessing.czi,9,2,71,71,0,0,2,2,0,LC3-p62,HEK,dATG7,No Torin,2
LC3-p62_HEK_dATG7_No Torin_10Pos_2_AiryscanProcessing.czi,10,1,29,29,0,0,5,5,0,LC3-p62,HEK,dATG7,No Torin,2
LC3-p62_HEK_dATG7_No Torin_10Pos_2_AiryscanProcessing.czi,10,2,65,65,0,0,5,5,0,LC3-p62,HEK,dATG7,No Torin,2
LC3-p62_HEK_dATG7_No Torin_10Pos_2_AiryscanProcessing.czi,10,3,33,33,0,0,5,5,0,LC3-p62,HEK,dATG7,No Torin,2
LC3-p62_HEK_dATG7_No Torin_10Pos_2_AiryscanProcessing.czi,10,4,49,49,0,0,5,5,0,LC3-p62,HEK,dATG7,No Torin,2
LC3-p62_HEK_dATG7_No Torin_10Pos_2_AiryscanProcessing.czi,10,5,54,54,0,0,5,5,0,LC3-p62,HEK,dATG7,No Torin,2
LC3-p62_HEK_dp62_Torin_10Pos_2_AiryscanProcessing.czi,1,1,0,0,19,19,2,3,0,LC3-p62,HEK,dp62,Torin,2
LC3-p62_HEK_dp62_Torin_10Pos_2_AiryscanProcessing.czi,1,2,0,0,31,31,2,3,0,LC3-p62,HEK,dp62,Torin,2
LC3-p62_HEK_dp62_Torin_10Pos_2_AiryscanProcessing.czi,2,1,0,0,54,54,2,4,0,LC3-p62,HEK,dp62,Torin,2
LC3-p62_HEK_dp62_Torin_10Pos_2_AiryscanProcessing.czi,2,2,0,0,69,69,2,4,0,LC3-p62,HEK,dp62,Torin,2
LC3-p62_HEK_dp62_Torin_10Pos_2_AiryscanProcessing.czi,3,1,0,0,9,9,4,5,0,LC3-p62,HEK,dp62,Torin,2
LC3-p62_HEK_dp62_Torin_10Pos_2_AiryscanProcessing.czi,3,2,0,0,34,34,4,5,0,LC3-p62,HEK,dp62,Torin,2
LC3-p62_HEK_dp62_Torin_10Pos_2_AiryscanProcessing.czi,3,3,0,0,29,29,4,5,0,LC3-p62,HEK,dp62,Torin,2
LC3-p62_HEK_dp62_Torin_10Pos_2_AiryscanProcessing.czi,3,4,0,0,14,14,4,5,0,LC3-p62,HEK,dp62,Torin,2
LC3-p62_HEK_dp62_Torin_10Pos_2_AiryscanProcessing.czi,4,1,0,0,47,47,3,3,0,LC3-p62,HEK,dp62,Torin,2
LC3-p62_HEK_dp62_Torin_10Pos_2_AiryscanProcessing.czi,4,2,0,0,29,29,3,3,0,LC3-p62,HEK,dp62,Torin,2
LC3-p62_HEK_dp62_Torin_10Pos_2_AiryscanProcessing.czi,4,3,0,0,25,25,3,3,0,LC3-p62,HEK,dp62,Torin,2
LC3-p62_HEK_dp62_Torin_10Pos_2_AiryscanProcessing.czi,5,1,0,0,42,42,2,2,0,LC3-p62,HEK,dp62,Torin,2
LC3-p62_HEK_dp62_Torin_10Pos_2_AiryscanProcessing.czi,5,2,0,0,79,79,2,2,0,LC3-p62,HEK,dp62,Torin,2
LC3-p62_HEK_dp62_Torin_10Pos_2_AiryscanProcessing.czi,6,1,0,0,23,23,3,4,0,LC3-p62,HEK,dp62,Torin,2
LC3-p62_HEK_dp62_Torin_10Pos_2_AiryscanProcessing.czi,6,2,0,0,32,32,3,4,0,LC3-p62,HEK,dp62,Torin,2
LC3-p62_HEK_dp62_Torin_10Pos_2_AiryscanProcessing.czi,6,3,0,0,38,38,3,4,0,LC3-p62,HEK,dp62,Torin,2
LC3-p62_HEK_dp62_Torin_10Pos_2_AiryscanProcessing.czi,7,1,0,0,47,47,2,2,0,LC3-p62,HEK,dp62,Torin,2
LC3-p62_HEK_dp62_Torin_10Pos_2_AiryscanProcessing.czi,7,2,0,0,42,42,2,2,0,LC3-p62,HEK,dp62,Torin,2
LC3-p62_HEK_dp62_Torin_10Pos_2_AiryscanProcessing.czi,8,1,0,0,39,39,5,5,0,LC3-p62,HEK,dp62,Torin,2
LC3-p62_HEK_dp62_Torin_10Pos_2_AiryscanProcessing.czi,8,2,0,0,16,16,5,5,0,LC3-p62,HEK,dp62,Torin,2
LC3-p62_HEK_dp62_Torin_10Pos_2_AiryscanProcessing.czi,8,3,0,0,1,1,5,5,0,LC3-p62,HEK,dp62,Torin,2
LC3-p62_HEK_dp62_Torin_10Pos_2_AiryscanProcessing.czi,8,4,0,0,3,3,5,5,0,LC3-p62,HEK,dp62,Torin,2
LC3-p62_HEK_dp62_Torin_10Pos_2_AiryscanProcessing.czi,8,5,0,0,8,8,5,5,0,LC3-p62,HEK,dp62,Torin,2
LC3-p62_HEK_dp62_Torin_10Pos_2_AiryscanProcessing.czi,9,1,0,0,76,76,2,2,0,LC3-p62,HEK,dp62,Torin,2
LC3-p62_HEK_dp62_Torin_10Pos_2_AiryscanProcessing.czi,9,2,0,0,88,88,2,2,0,LC3-p62,HEK,dp62,Torin,2
LC3-p62_HEK_dp62_Torin_10Pos_2_AiryscanProcessing.czi,10,1,0,0,31,31,2,2,0,LC3-p62,HEK,dp62,Torin,2
LC3-p62_HEK_dp62_Torin_10Pos_2_AiryscanProcessing.czi,10,2,0,0,46,46,2,2,0,LC3-p62,HEK,dp62,Torin,2
LC3-p62_HEK_dTMEM_No Torin_10Pos_4_AiryscanProcessing.czi,1,1,20,55,38,73,2,2,35,LC3-p62,HEK,dTMEM,No Torin,4
LC3-p62_HEK_dTMEM_No Torin_10Pos_4_AiryscanProcessing.czi,1,2,27,90,62,125,2,2,63,LC3-p62,HEK,dTMEM,No Torin,4
LC3-p62_HEK_dTMEM_No Torin_10Pos_4_AiryscanProcessing.czi,2,1,25,68,23,66,2,2,43,LC3-p62,HEK,dTMEM,No Torin,4
LC3-p62_HEK_dTMEM_No Torin_10Pos_4_AiryscanProcessing.czi,2,2,24,74,47,97,2,2,50,LC3-p62,HEK,dTMEM,No Torin,4
LC3-p62_HEK_dTMEM_No Torin_10Pos_4_AiryscanProcessing.czi,3,1,65,138,37,110,2,2,73,LC3-p62,HEK,dTMEM,No Torin,4
LC3-p62_HEK_dTMEM_No Torin_10Pos_4_AiryscanProcessing.czi,3,2,92,180,35,123,2,2,88,LC3-p62,HEK,dTMEM,No Torin,4
LC3-p62_HEK_dTMEM_No Torin_10Pos_4_AiryscanProcessing.czi,4,1,65,145,68,148,1,2,80,LC3-p62,HEK,dTMEM,No Torin,4
LC3-p62_HEK_dTMEM_No Torin_10Pos_4_AiryscanProcessing.czi,5,1,24,96,37,109,1,2,72,LC3-p62,HEK,dTMEM,No Torin,4
LC3-p62_HEK_dTMEM_No Torin_10Pos_4_AiryscanProcessing.czi,6,1,25,83,4,62,3,3,58,LC3-p62,HEK,dTMEM,No Torin,4
LC3-p62_HEK_dTMEM_No Torin_10Pos_4_AiryscanProcessing.czi,6,2,35,70,8,43,3,3,35,LC3-p62,HEK,dTMEM,No Torin,4
LC3-p62_HEK_dTMEM_No Torin_10Pos_4_AiryscanProcessing.czi,6,3,11,56,6,51,3,3,45,LC3-p62,HEK,dTMEM,No Torin,4
LC3-p62_HEK_dTMEM_No Torin_10Pos_4_AiryscanProcessing.czi,7,1,45,198,64,217,1,1,153,LC3-p62,HEK,dTMEM,No Torin,4
LC3-p62_HEK_dTMEM_No Torin_10Pos_4_AiryscanProcessing.czi,8,1,45,112,16,83,2,2,67,LC3-p62,HEK,dTMEM,No Torin,4
LC3-p62_HEK_dTMEM_No Torin_10Pos_4_AiryscanProcessing.czi,8,2,30,54,4,28,2,2,24,LC3-p62,HEK,dTMEM,No Torin,4
LC3-p62_HEK_dTMEM_No Torin_10Pos_4_AiryscanProcessing.czi,9,1,62,82,5,25,2,2,20,LC3-p62,HEK,dTMEM,No Torin,4
LC3-p62_HEK_dTMEM_No Torin_10Pos_4_AiryscanProcessing.czi,9,2,43,63,16,36,2,2,20,LC3-p62,HEK,dTMEM,No Torin,4
LC3-p62_HEK_dTMEM_No Torin_10Pos_4_AiryscanProcessing.czi,10,1,51,165,33,147,4,4,114,LC3-p62,HEK,dTMEM,No Torin,4
LC3-p62_HEK_dTMEM_No Torin_10Pos_4_AiryscanProcessing.czi,10,2,24,81,14,71,4,4,57,LC3-p62,HEK,dTMEM,No Torin,4
LC3-p62_HEK_dTMEM_No Torin_10Pos_4_AiryscanProcessing.czi,10,3,34,88,18,72,4,4,54,LC3-p62,HEK,dTMEM,No Torin,4
LC3-p62_HEK_dTMEM_No Torin_10Pos_4_AiryscanProcessing.czi,10,4,28,69,22,63,4,4,41,LC3-p62,HEK,dTMEM,No Torin,4
LC3-p62_HEK_dTMEM_Torin_10Pos_1_AiryscanProcessing.czi,1,1,70,200,50,180,2,2,130,LC3-p62,HEK,dTMEM,Torin,1
LC3-p62_HEK_dTMEM_Torin_10Pos_1_AiryscanProcessing.czi,1,2,30,101,25,96,2,2,71,LC3-p62,HEK,dTMEM,Torin,1
LC3-p62_HEK_dTMEM_Torin_10Pos_1_AiryscanProcessing.czi,2,1,3,30,66,93,4,7,27,LC3-p62,HEK,dTMEM,Torin,1
LC3-p62_HEK_dTMEM_Torin_10Pos_1_AiryscanProcessing.czi,2,2,83,202,115,234,4,7,119,LC3-p62,HEK,dTMEM,Torin,1
LC3-p62_HEK_dTMEM_Torin_10Pos_1_AiryscanProcessing.czi,2,3,9,67,70,128,4,7,58,LC3-p62,HEK,dTMEM,Torin,1
LC3-p62_HEK_dTMEM_Torin_10Pos_1_AiryscanProcessing.czi,2,4,41,95,46,100,4,7,54,LC3-p62,HEK,dTMEM,Torin,1
LC3-p62_HEK_dTMEM_Torin_10Pos_1_AiryscanProcessing.czi,3,1,5,100,58,153,2,2,95,LC3-p62,HEK,dTMEM,Torin,1
LC3-p62_HEK_dTMEM_Torin_10Pos_1_AiryscanProcessing.czi,3,2,19,106,79,166,2,2,87,LC3-p62,HEK,dTMEM,Torin,1
LC3-p62_HEK_dTMEM_Torin_10Pos_1_AiryscanProcessing.czi,4,1,35,98,30,93,4,4,63,LC3-p62,HEK,dTMEM,Torin,1
LC3-p62_HEK_dTMEM_Torin_10Pos_1_AiryscanProcessing.czi,4,2,9,32,43,66,4,4,23,LC3-p62,HEK,dTMEM,Torin,1
LC3-p62_HEK_dTMEM_Torin_10Pos_1_AiryscanProcessing.czi,4,3,41,44,6,9,4,4,3,LC3-p62,HEK,dTMEM,Torin,1
LC3-p62_HEK_dTMEM_Torin_10Pos_1_AiryscanProcessing.czi,4,4,91,99,7,15,4,4,8,LC3-p62,HEK,dTMEM,Torin,1
LC3-p62_HEK_dTMEM_Torin_10Pos_1_AiryscanProcessing.czi,5,1,48,177,132,261,1,2,129,LC3-p62,HEK,dTMEM,Torin,1
LC3-p62_HEK_dTMEM_Torin_10Pos_1_AiryscanProcessing.czi,6,1,8,79,47,118,2,2,71,LC3-p62,HEK,dTMEM,Torin,1
LC3-p62_HEK_dTMEM_Torin_10Pos_1_AiryscanProcessing.czi,6,2,17,100,50,133,2,2,83,LC3-p62,HEK,dTMEM,Torin,1
LC3-p62_HEK_dTMEM_Torin_10Pos_1_AiryscanProcessing.czi,7,1,29,77,24,72,1,1,48,LC3-p62,HEK,dTMEM,Torin,1
LC3-p62_HEK_dTMEM_Torin_10Pos_1_AiryscanProcessing.czi,8,1,63,146,50,133,4,4,83,LC3-p62,HEK,dTMEM,Torin,1
LC3-p62_HEK_dTMEM_Torin_10Pos_1_AiryscanProcessing.czi,8,2,36,121,64,149,4,4,85,LC3-p62,HEK,dTMEM,Torin,1
LC3-p62_HEK_dTMEM_Torin_10Pos_1_AiryscanProcessing.czi,8,3,47,119,65,137,4,4,72,LC3-p62,HEK,dTMEM,Torin,1
LC3-p62_HEK_dTMEM_Torin_10Pos_1_AiryscanProcessing.czi,8,4,70,115,26,71,4,4,45,LC3-p62,HEK,dTMEM,Torin,1
LC3-p62_HEK_dTMEM_Torin_10Pos_1_AiryscanProcessing.czi,9,1,60,126,29,95,1,1,66,LC3-p62,HEK,dTMEM,Torin,1
LC3-p62_HEK_dTMEM_Torin_10Pos_1_AiryscanProcessing.czi,10,1,44,91,30,77,2,2,47,LC3-p62,HEK,dTMEM,Torin,1
LC3-p62_HEK_dTMEM_Torin_10Pos_1_AiryscanProcessing.czi,10,2,36,78,17,59,2,2,42,LC3-p62,HEK,dTMEM,Torin,1
LC3-p62_HEK_dp62_Torin_10Pos_3_AiryscanProcessing.czi,1,1,0,0,106,106,2,2,0,LC3-p62,HEK,dp62,Torin,3
LC3-p62_HEK_dp62_Torin_10Pos_3_AiryscanProcessing.czi,1,2,0,0,68,68,2,2,0,LC3-p62,HEK,dp62,Torin,3
LC3-p62_HEK_dp62_Torin_10Pos_3_AiryscanProcessing.czi,2,1,0,0,35,35,2,2,0,LC3-p62,HEK,dp62,Torin,3
LC3-p62_HEK_dp62_Torin_10Pos_3_AiryscanProcessing.czi,2,2,0,0,38,38,2,2,0,LC3-p62,HEK,dp62,Torin,3
LC3-p62_HEK_dp62_Torin_10Pos_3_AiryscanProcessing.czi,3,1,0,0,112,112,2,2,0,LC3-p62,HEK,dp62,Torin,3
LC3-p62_HEK_dp62_Torin_10Pos_3_AiryscanProcessing.czi,3,2,0,0,86,86,2,2,0,LC3-p62,HEK,dp62,Torin,3
LC3-p62_HEK_dp62_Torin_10Pos_3_AiryscanProcessing.czi,4,1,0,0,51,51,2,2,0,LC3-p62,HEK,dp62,Torin,3
LC3-p62_HEK_dp62_Torin_10Pos_3_AiryscanProcessing.czi,4,2,0,0,57,57,2,2,0,LC3-p62,HEK,dp62,Torin,3
LC3-p62_HEK_dp62_Torin_10Pos_3_AiryscanProcessing.czi,5,1,0,0,138,138,2,2,0,LC3-p62,HEK,dp62,Torin,3
LC3-p62_HEK_dp62_Torin_10Pos_3_AiryscanProcessing.czi,5,2,0,0,63,63,2,2,0,LC3-p62,HEK,dp62,Torin,3
LC3-p62_HEK_dp62_Torin_10Pos_3_AiryscanProcessing.czi,6,1,0,0,59,59,2,2,0,LC3-p62,HEK,dp62,Torin,3
LC3-p62_HEK_dp62_Torin_10Pos_3_AiryscanProcessing.czi,6,2,0,0,79,79,2,2,0,LC3-p62,HEK,dp62,Torin,3
LC3-p62_HEK_dp62_Torin_10Pos_3_AiryscanProcessing.czi,7,1,0,0,67,67,2,3,0,LC3-p62,HEK,dp62,Torin,3
LC3-p62_HEK_dp62_Torin_10Pos_3_AiryscanProcessing.czi,7,2,0,0,41,41,2,3,0,LC3-p62,HEK,dp62,Torin,3
LC3-p62_HEK_dp62_Torin_10Pos_3_AiryscanProcessing.czi,8,1,0,0,66,66,1,3,0,LC3-p62,HEK,dp62,Torin,3
LC3-p62_HEK_dp62_Torin_10Pos_3_AiryscanProcessing.czi,9,1,0,0,242,242,1,1,0,LC3-p62,HEK,dp62,Torin,3
LC3-p62_HEK_dp62_Torin_10Pos_3_AiryscanProcessing.czi,10,1,0,0,39,39,2,2,0,LC3-p62,HEK,dp62,Torin,3
LC3-p62_HEK_dp62_Torin_10Pos_3_AiryscanProcessing.czi,10,2,0,0,64,64,2,2,0,LC3-p62,HEK,dp62,Torin,3
