488_only_foci,488_total_foci,561_only_foci,561_total_foci,cell,filename,im_n_cells,im_raw_cells,image,overlap_foci,stains,cell_line,parent,treatment,czi_id
6,13,4,11,1,LC3-p62_HEK_WT_No Torin_10Pos_4_AiryscanProcessing.czi,2,3,1,7,LC3-p62,WT,HEK,No Torin,4
4,13,19,28,2,LC3-p62_HEK_WT_No Torin_10Pos_4_AiryscanProcessing.czi,2,3,1,9,LC3-p62,WT,HEK,No Torin,4
10,19,32,41,1,LC3-p62_HEK_WT_No Torin_10Pos_4_AiryscanProcessing.czi,2,2,2,9,LC3-p62,WT,HEK,No Torin,4
7,12,18,23,2,LC3-p62_HEK_WT_No Torin_10Pos_4_AiryscanProcessing.czi,2,2,2,5,LC3-p62,WT,HEK,No Torin,4
1,4,20,23,1,LC3-p62_HEK_WT_No Torin_10Pos_4_AiryscanProcessing.czi,2,5,3,3,LC3-p62,WT,HEK,No Torin,4
0,1,6,7,2,LC3-p62_HEK_WT_No Torin_10Pos_4_AiryscanProcessing.czi,2,5,3,1,LC3-p62,WT,HEK,No Torin,4
5,12,14,21,1,LC3-p62_HEK_WT_No Torin_10Pos_4_AiryscanProcessing.czi,2,4,4,7,LC3-p62,WT,HEK,No Torin,4
3,15,31,43,2,LC3-p62_HEK_WT_No Torin_10Pos_4_AiryscanProcessing.czi,2,4,4,12,LC3-p62,WT,HEK,No Torin,4
5,10,19,24,1,LC3-p62_HEK_WT_No Torin_10Pos_4_AiryscanProcessing.czi,1,1,5,5,LC3-p62,WT,HEK,No Torin,4
6,8,12,14,1,LC3-p62_HEK_WT_No Torin_10Pos_4_AiryscanProcessing.czi,1,1,7,2,LC3-p62,WT,HEK,No Torin,4
0,4,5,9,1,LC3-p62_HEK_WT_No Torin_10Pos_4_AiryscanProcessing.czi,1,1,8,4,LC3-p62,WT,HEK,No Torin,4
8,11,6,9,1,LC3-p62_HEK_WT_No Torin_10Pos_4_AiryscanProcessing.czi,3,3,9,3,LC3-p62,WT,HEK,No Torin,4
4,4,6,6,2,LC3-p62_HEK_WT_No Torin_10Pos_4_AiryscanProcessing.czi,3,3,9,0,LC3-p62,WT,HEK,No Torin,4
5,6,3,4,3,LC3-p62_HEK_WT_No Torin_10Pos_4_AiryscanProcessing.czi,3,3,9,1,LC3-p62,WT,HEK,No Torin,4
1,1,5,5,1,LC3-p62_HEK_WT_No Torin_10Pos_4_AiryscanProcessing.czi,2,2,10,0,LC3-p62,WT,HEK,No Torin,4
10,13,10,13,2,LC3-p62_HEK_WT_No Torin_10Pos_4_AiryscanProcessing.czi,2,2,10,3,LC3-p62,WT,HEK,No Torin,4
0,0,14,14,1,LC3-p62_HEK_dp62_No Torin_10Pos_4_AiryscanProcessing.czi,3,3,1,0,LC3-p62,dp62,HEK,No Torin,4
0,0,10,10,2,LC3-p62_HEK_dp62_No Torin_10Pos_4_AiryscanProcessing.czi,3,3,1,0,LC3-p62,dp62,HEK,No Torin,4
0,0,4,4,3,LC3-p62_HEK_dp62_No Torin_10Pos_4_AiryscanProcessing.czi,3,3,1,0,LC3-p62,dp62,HEK,No Torin,4
0,0,24,24,1,LC3-p62_HEK_dp62_No Torin_10Pos_4_AiryscanProcessing.czi,2,2,2,0,LC3-p62,dp62,HEK,No Torin,4
0,0,20,20,2,LC3-p62_HEK_dp62_No Torin_10Pos_4_AiryscanProcessing.czi,2,2,2,0,LC3-p62,dp62,HEK,No Torin,4
0,0,20,20,1,LC3-p62_HEK_dp62_No Torin_10Pos_4_AiryscanProcessing.czi,2,2,3,0,LC3-p62,dp62,HEK,No Torin,4
0,0,14,14,2,LC3-p62_HEK_dp62_No Torin_10Pos_4_AiryscanProcessing.czi,2,2,3,0,LC3-p62,dp62,HEK,No Torin,4
0,0,2,2,1,LC3-p62_HEK_dp62_No Torin_10Pos_4_AiryscanProcessing.czi,2,2,4,0,LC3-p62,dp62,HEK,No Torin,4
0,0,6,6,2,LC3-p62_HEK_dp62_No Torin_10Pos_4_AiryscanProcessing.czi,2,2,4,0,LC3-p62,dp62,HEK,No Torin,4
0,0,19,19,1,LC3-p62_HEK_dp62_No Torin_10Pos_4_AiryscanProcessing.czi,3,4,5,0,LC3-p62,dp62,HEK,No Torin,4
0,0,34,34,2,LC3-p62_HEK_dp62_No Torin_10Pos_4_AiryscanProcessing.czi,3,4,5,0,LC3-p62,dp62,HEK,No Torin,4
0,0,34,34,3,LC3-p62_HEK_dp62_No Torin_10Pos_4_AiryscanProcessing.czi,3,4,5,0,LC3-p62,dp62,HEK,No Torin,4
0,0,28,28,1,LC3-p62_HEK_dp62_No Torin_10Pos_4_AiryscanProcessing.czi,2,2,6,0,LC3-p62,dp62,HEK,No Torin,4
0,0,15,15,2,LC3-p62_HEK_dp62_No Torin_10Pos_4_AiryscanProcessing.czi,2,2,6,0,LC3-p62,dp62,HEK,No Torin,4
0,0,7,7,1,LC3-p62_HEK_dp62_No Torin_10Pos_4_AiryscanProcessing.czi,2,2,7,0,LC3-p62,dp62,HEK,No Torin,4
0,0,4,4,2,LC3-p62_HEK_dp62_No Torin_10Pos_4_AiryscanProcessing.czi,2,2,7,0,LC3-p62,dp62,HEK,No Torin,4
0,0,6,6,1,LC3-p62_HEK_dp62_No Torin_10Pos_4_AiryscanProcessing.czi,2,3,8,0,LC3-p62,dp62,HEK,No Torin,4
0,0,14,14,2,LC3-p62_HEK_dp62_No Torin_10Pos_4_AiryscanProcessing.czi,2,3,8,0,LC3-p62,dp62,HEK,No Torin,4
0,0,31,31,1,LC3-p62_HEK_dp62_No Torin_10Pos_4_AiryscanProcessing.czi,1,2,9,0,LC3-p62,dp62,HEK,No Torin,4
0,0,14,14,1,LC3-p62_HEK_dp62_No Torin_10Pos_4_AiryscanProcessing.czi,2,2,10,0,LC3-p62,dp62,HEK,No Torin,4
0,0,24,24,2,LC3-p62_HEK_dp62_No Torin_10Pos_4_AiryscanProcessing.czi,2,2,10,0,LC3-p62,dp62,HEK,No Torin,4
0,0,6,6,1,LC3-p62_HEK_dp62_No Torin_10Pos_3_AiryscanProcessing.czi,2,2,1,0,LC3-p62,dp62,HEK,No Torin,3
0,0,7,7,2,LC3-p62_HEK_dp62_No Torin_10Pos_3_AiryscanProcessing.czi,2,2,1,0,LC3-p62,dp62,HEK,No Torin,3
0,0,10,10,1,LC3-p62_HEK_dp62_No Torin_10Pos_3_AiryscanProcessing.czi,2,2,2,0,LC3-p62,dp62,HEK,No Torin,3
0,0,23,23,2,LC3-p62_HEK_dp62_No Torin_10Pos_3_AiryscanProcessing.czi,2,2,2,0,LC3-p62,dp62,HEK,No Torin,3
0,0,7,7,1,LC3-p62_HEK_dp62_No Torin_10Pos_3_AiryscanProcessing.czi,2,2,3,0,LC3-p62,dp62,HEK,No Torin,3
0,0,2,2,2,LC3-p62_HEK_dp62_No Torin_10Pos_3_AiryscanProcessing.czi,2,2,3,0,LC3-p62,dp62,HEK,No Torin,3
0,0,26,26,1,LC3-p62_HEK_dp62_No Torin_10Pos_3_AiryscanProcessing.czi,1,1,4,0,LC3-p62,dp62,HEK,No Torin,3
0,0,11,11,1,LC3-p62_HEK_dp62_No Torin_10Pos_3_AiryscanProcessing.czi,2,2,5,0,LC3-p62,dp62,HEK,No Torin,3
0,0,12,12,2,LC3-p62_HEK_dp62_No Torin_10Pos_3_AiryscanProcessing.czi,2,2,5,0,LC3-p62,dp62,HEK,No Torin,3
0,0,18,18,1,LC3-p62_HEK_dp62_No Torin_10Pos_3_AiryscanProcessing.czi,2,2,6,0,LC3-p62,dp62,HEK,No Torin,3
0,0,24,24,2,LC3-p62_HEK_dp62_No Torin_10Pos_3_AiryscanProcessing.czi,2,2,6,0,LC3-p62,dp62,HEK,No Torin,3
0,0,25,25,1,LC3-p62_HEK_dp62_No Torin_10Pos_3_AiryscanProcessing.czi,1,1,7,0,LC3-p62,dp62,HEK,No Torin,3
0,0,11,11,1,LC3-p62_HEK_dp62_No Torin_10Pos_3_AiryscanProcessing.czi,4,6,8,0,LC3-p62,dp62,HEK,No Torin,3
0,0,28,28,2,LC3-p62_HEK_dp62_No Torin_10Pos_3_AiryscanProcessing.czi,4,6,8,0,LC3-p62,dp62,HEK,No Torin,3
0,0,25,25,3,LC3-p62_HEK_dp62_No Torin_10Pos_3_AiryscanProcessing.czi,4,6,8,0,LC3-p62,dp62,HEK,No Torin,3
2,2,34,34,4,LC3-p62_HEK_dp62_No Torin_10Pos_3_AiryscanProcessing.czi,4,6,8,0,LC3-p62,dp62,HEK,No Torin,3
0,0,18,18,1,LC3-p62_HEK_dp62_No Torin_10Pos_3_AiryscanProcessing.czi,2,2,9,0,LC3-p62,dp62,HEK,No Torin,3
0,0,18,18,2,LC3-p62_HEK_dp62_No Torin_10Pos_3_AiryscanProcessing.czi,2,2,9,0,LC3-p62,dp62,HEK,No Torin,3
0,0,25,25,1,LC3-p62_HEK_dp62_No Torin_10Pos_3_AiryscanProcessing.czi,2,2,10,0,LC3-p62,dp62,HEK,No Torin,3
0,0,12,12,2,LC3-p62_HEK_dp62_No Torin_10Pos_3_AiryscanProcessing.czi,2,2,10,0,LC3-p62,dp62,HEK,No Torin,3
0,0,21,21,1,LC3-p62_HEK_dp62_No Torin_10Pos_1_AiryscanProcessing.czi,2,4,1,0,LC3-p62,dp62,HEK,No Torin,1
0,0,25,25,2,LC3-p62_HEK_dp62_No Torin_10Pos_1_AiryscanProcessing.czi,2,4,1,0,LC3-p62,dp62,HEK,No Torin,1
0,0,7,7,1,LC3-p62_HEK_dp62_No Torin_10Pos_1_AiryscanProcessing.czi,2,2,2,0,LC3-p62,dp62,HEK,No Torin,1
0,0,22,22,2,LC3-p62_HEK_dp62_No Torin_10Pos_1_AiryscanProcessing.czi,2,2,2,0,LC3-p62,dp62,HEK,No Torin,1
0,0,15,15,1,LC3-p62_HEK_dp62_No Torin_10Pos_1_AiryscanProcessing.czi,2,2,3,0,LC3-p62,dp62,HEK,No Torin,1
1,1,19,19,2,LC3-p62_HEK_dp62_No Torin_10Pos_1_AiryscanProcessing.czi,2,2,3,0,LC3-p62,dp62,HEK,No Torin,1
0,0,68,68,1,LC3-p62_HEK_dp62_No Torin_10Pos_1_AiryscanProcessing.czi,1,2,4,0,LC3-p62,dp62,HEK,No Torin,1
0,0,12,12,1,LC3-p62_HEK_dp62_No Torin_10Pos_1_AiryscanProcessing.czi,4,4,5,0,LC3-p62,dp62,HEK,No Torin,1
0,0,6,6,2,LC3-p62_HEK_dp62_No Torin_10Pos_1_AiryscanProcessing.czi,4,4,5,0,LC3-p62,dp62,HEK,No Torin,1
0,0,12,12,3,LC3-p62_HEK_dp62_No Torin_10Pos_1_AiryscanProcessing.czi,4,4,5,0,LC3-p62,dp62,HEK,No Torin,1
0,0,17,17,4,LC3-p62_HEK_dp62_No Torin_10Pos_1_AiryscanProcessing.czi,4,4,5,0,LC3-p62,dp62,HEK,No Torin,1
0,0,8,8,1,LC3-p62_HEK_dp62_No Torin_10Pos_1_AiryscanProcessing.czi,1,1,6,0,LC3-p62,dp62,HEK,No Torin,1
0,0,11,11,1,LC3-p62_HEK_dp62_No Torin_10Pos_1_AiryscanProcessing.czi,2,2,7,0,LC3-p62,dp62,HEK,No Torin,1
0,0,13,13,2,LC3-p62_HEK_dp62_No Torin_10Pos_1_AiryscanProcessing.czi,2,2,7,0,LC3-p62,dp62,HEK,No Torin,1
0,0,19,19,1,LC3-p62_HEK_dp62_No Torin_10Pos_1_AiryscanProcessing.czi,2,2,8,0,LC3-p62,dp62,HEK,No Torin,1
0,0,23,23,2,LC3-p62_HEK_dp62_No Torin_10Pos_1_AiryscanProcessing.czi,2,2,8,0,LC3-p62,dp62,HEK,No Torin,1
0,0,17,17,1,LC3-p62_HEK_dp62_No Torin_10Pos_1_AiryscanProcessing.czi,2,2,9,0,LC3-p62,dp62,HEK,No Torin,1
0,0,14,14,2,LC3-p62_HEK_dp62_No Torin_10Pos_1_AiryscanProcessing.czi,2,2,9,0,LC3-p62,dp62,HEK,No Torin,1
0,0,11,11,1,LC3-p62_HEK_dp62_No Torin_10Pos_1_AiryscanProcessing.czi,2,2,10,0,LC3-p62,dp62,HEK,No Torin,1
0,0,25,25,2,LC3-p62_HEK_dp62_No Torin_10Pos_1_AiryscanProcessing.czi,2,2,10,0,LC3-p62,dp62,HEK,No Torin,1
27,29,20,22,1,LC3-p62_HEK_dFIP200_Torin_10Pos_1_AiryscanProcessing.czi,2,2,1,2,LC3-p62,dFIP200,HEK,Torin,1
8,11,17,20,2,LC3-p62_HEK_dFIP200_Torin_10Pos_1_AiryscanProcessing.czi,2,2,1,3,LC3-p62,dFIP200,HEK,Torin,1
3,5,0,2,1,LC3-p62_HEK_dFIP200_Torin_10Pos_1_AiryscanProcessing.czi,2,2,2,2,LC3-p62,dFIP200,HEK,Torin,1
11,11,12,12,2,LC3-p62_HEK_dFIP200_Torin_10Pos_1_AiryscanProcessing.czi,2,2,2,0,LC3-p62,dFIP200,HEK,Torin,1
12,12,1,1,1,LC3-p62_HEK_dFIP200_Torin_10Pos_1_AiryscanProcessing.czi,2,2,3,0,LC3-p62,dFIP200,HEK,Torin,1
7,7,0,0,2,LC3-p62_HEK_dFIP200_Torin_10Pos_1_AiryscanProcessing.czi,2,2,3,0,LC3-p62,dFIP200,HEK,Torin,1
18,21,3,6,1,LC3-p62_HEK_dFIP200_Torin_10Pos_1_AiryscanProcessing.czi,3,3,5,3,LC3-p62,dFIP200,HEK,Torin,1
15,15,4,4,2,LC3-p62_HEK_dFIP200_Torin_10Pos_1_AiryscanProcessing.czi,3,3,5,0,LC3-p62,dFIP200,HEK,Torin,1
20,21,6,7,3,LC3-p62_HEK_dFIP200_Torin_10Pos_1_AiryscanProcessing.czi,3,3,5,1,LC3-p62,dFIP200,HEK,Torin,1
13,15,2,4,1,LC3-p62_HEK_dFIP200_Torin_10Pos_1_AiryscanProcessing.czi,1,1,6,2,LC3-p62,dFIP200,HEK,Torin,1
8,11,11,14,1,LC3-p62_HEK_dFIP200_Torin_10Pos_1_AiryscanProcessing.czi,2,2,7,3,LC3-p62,dFIP200,HEK,Torin,1
3,6,3,6,2,LC3-p62_HEK_dFIP200_Torin_10Pos_1_AiryscanProcessing.czi,2,2,7,3,LC3-p62,dFIP200,HEK,Torin,1
37,37,2,2,1,LC3-p62_HEK_dFIP200_Torin_10Pos_1_AiryscanProcessing.czi,1,2,8,0,LC3-p62,dFIP200,HEK,Torin,1
8,9,13,14,1,LC3-p62_HEK_dFIP200_Torin_10Pos_1_AiryscanProcessing.czi,2,3,9,1,LC3-p62,dFIP200,HEK,Torin,1
2,2,1,1,2,LC3-p62_HEK_dFIP200_Torin_10Pos_1_AiryscanProcessing.czi,2,3,9,0,LC3-p62,dFIP200,HEK,Torin,1
5,6,4,5,1,LC3-p62_HEK_dFIP200_Torin_10Pos_1_AiryscanProcessing.czi,2,3,10,1,LC3-p62,dFIP200,HEK,Torin,1
10,10,7,7,2,LC3-p62_HEK_dFIP200_Torin_10Pos_1_AiryscanProcessing.czi,2,3,10,0,LC3-p62,dFIP200,HEK,Torin,1
8,8,4,4,1,LC3-p62_HEK_dFIP200_No Torin_10Pos_1_AiryscanProcessing.czi,2,2,1,0,LC3-p62,dFIP200,HEK,No Torin,1
8,8,3,3,2,LC3-p62_HEK_dFIP200_No Torin_10Pos_1_AiryscanProcessing.czi,2,2,1,0,LC3-p62,dFIP200,HEK,No Torin,1
26,27,11,12,1,LC3-p62_HEK_dFIP200_No Torin_10Pos_1_AiryscanProcessing.czi,1,2,2,1,LC3-p62,dFIP200,HEK,No Torin,1
25,29,46,50,1,LC3-p62_HEK_dFIP200_No Torin_10Pos_1_AiryscanProcessing.czi,1,2,4,4,LC3-p62,dFIP200,HEK,No Torin,1
10,11,20,21,1,LC3-p62_HEK_dFIP200_No Torin_10Pos_1_AiryscanProcessing.czi,2,2,5,1,LC3-p62,dFIP200,HEK,No Torin,1
37,37,20,20,2,LC3-p62_HEK_dFIP200_No Torin_10Pos_1_AiryscanProcessing.czi,2,2,5,0,LC3-p62,dFIP200,HEK,No Torin,1
10,10,7,7,1,LC3-p62_HEK_dFIP200_No Torin_10Pos_1_AiryscanProcessing.czi,2,4,6,0,LC3-p62,dFIP200,HEK,No Torin,1
26,26,1,1,2,LC3-p62_HEK_dFIP200_No Torin_10Pos_1_AiryscanProcessing.czi,2,4,6,0,LC3-p62,dFIP200,HEK,No Torin,1
26,26,3,3,1,LC3-p62_HEK_dFIP200_No Torin_10Pos_1_AiryscanProcessing.czi,1,1,7,0,LC3-p62,dFIP200,HEK,No Torin,1
231,236,23,28,1,LC3-p62_HEK_dFIP200_No Torin_10Pos_1_AiryscanProcessing.czi,2,2,8,5,LC3-p62,dFIP200,HEK,No Torin,1
106,107,9,10,2,LC3-p62_HEK_dFIP200_No Torin_10Pos_1_AiryscanProcessing.czi,2,2,8,1,LC3-p62,dFIP200,HEK,No Torin,1
29,31,27,29,1,LC3-p62_HEK_dFIP200_No Torin_10Pos_1_AiryscanProcessing.czi,1,2,9,2,LC3-p62,dFIP200,HEK,No Torin,1
8,9,23,24,1,LC3-p62_HEK_dFIP200_No Torin_10Pos_1_AiryscanProcessing.czi,1,1,10,1,LC3-p62,dFIP200,HEK,No Torin,1
70,70,3,3,1,LC3-p62_HEK_dATG7_No Torin_10Pos_2_AiryscanProcessing.czi,1,1,1,0,LC3-p62,dATG7,HEK,No Torin,2
54,54,0,0,1,LC3-p62_HEK_dATG7_No Torin_10Pos_2_AiryscanProcessing.czi,2,2,2,0,LC3-p62,dATG7,HEK,No Torin,2
27,27,1,1,2,LC3-p62_HEK_dATG7_No Torin_10Pos_2_AiryscanProcessing.czi,2,2,2,0,LC3-p62,dATG7,HEK,No Torin,2
91,91,4,4,1,LC3-p62_HEK_dATG7_No Torin_10Pos_2_AiryscanProcessing.czi,2,2,3,0,LC3-p62,dATG7,HEK,No Torin,2
66,66,2,2,2,LC3-p62_HEK_dATG7_No Torin_10Pos_2_AiryscanProcessing.czi,2,2,3,0,LC3-p62,dATG7,HEK,No Torin,2
110,110,3,3,1,LC3-p62_HEK_dATG7_No Torin_10Pos_2_AiryscanProcessing.czi,2,2,4,0,LC3-p62,dATG7,HEK,No Torin,2
83,83,1,1,2,LC3-p62_HEK_dATG7_No Torin_10Pos_2_AiryscanProcessing.czi,2,2,4,0,LC3-p62,dATG7,HEK,No Torin,2
66,66,1,1,1,LC3-p62_HEK_dATG7_No Torin_10Pos_2_AiryscanProcessing.czi,1,2,5,0,LC3-p62,dATG7,HEK,No Torin,2
36,36,1,1,1,LC3-p62_HEK_dATG7_No Torin_10Pos_2_AiryscanProcessing.czi,2,3,6,0,LC3-p62,dATG7,HEK,No Torin,2
25,25,0,0,2,LC3-p62_HEK_dATG7_No Torin_10Pos_2_AiryscanProcessing.czi,2,3,6,0,LC3-p62,dATG7,HEK,No Torin,2
70,70,4,4,1,LC3-p62_HEK_dATG7_No Torin_10Pos_2_AiryscanProcessing.czi,1,2,7,0,LC3-p62,dATG7,HEK,No Torin,2
75,75,0,0,1,LC3-p62_HEK_dATG7_No Torin_10Pos_2_AiryscanProcessing.czi,2,2,8,0,LC3-p62,dATG7,HEK,No Torin,2
59,59,0,0,2,LC3-p62_HEK_dATG7_No Torin_10Pos_2_AiryscanProcessing.czi,2,2,8,0,LC3-p62,dATG7,HEK,No Torin,2
57,58,2,3,1,LC3-p62_HEK_dATG7_No Torin_10Pos_2_AiryscanProcessing.czi,2,2,9,1,LC3-p62,dATG7,HEK,No Torin,2
73,74,3,4,2,LC3-p62_HEK_dATG7_No Torin_10Pos_2_AiryscanProcessing.czi,2,2,9,1,LC3-p62,dATG7,HEK,No Torin,2
29,29,1,1,1,LC3-p62_HEK_dATG7_No Torin_10Pos_2_AiryscanProcessing.czi,5,5,10,0,LC3-p62,dATG7,HEK,No Torin,2
65,65,2,2,2,LC3-p62_HEK_dATG7_No Torin_10Pos_2_AiryscanProcessing.czi,5,5,10,0,LC3-p62,dATG7,HEK,No Torin,2
36,36,1,1,3,LC3-p62_HEK_dATG7_No Torin_10Pos_2_AiryscanProcessing.czi,5,5,10,0,LC3-p62,dATG7,HEK,No Torin,2
49,49,1,1,4,LC3-p62_HEK_dATG7_No Torin_10Pos_2_AiryscanProcessing.czi,5,5,10,0,LC3-p62,dATG7,HEK,No Torin,2
56,56,0,0,5,LC3-p62_HEK_dATG7_No Torin_10Pos_2_AiryscanProcessing.czi,5,5,10,0,LC3-p62,dATG7,HEK,No Torin,2
0,0,24,24,1,LC3-p62_HEK_dp62_No Torin_10Pos_2_AiryscanProcessing.czi,1,1,1,0,LC3-p62,dp62,HEK,No Torin,2
0,0,17,17,1,LC3-p62_HEK_dp62_No Torin_10Pos_2_AiryscanProcessing.czi,1,1,2,0,LC3-p62,dp62,HEK,No Torin,2
0,0,21,21,1,LC3-p62_HEK_dp62_No Torin_10Pos_2_AiryscanProcessing.czi,2,2,3,0,LC3-p62,dp62,HEK,No Torin,2
0,0,34,34,2,LC3-p62_HEK_dp62_No Torin_10Pos_2_AiryscanProcessing.czi,2,2,3,0,LC3-p62,dp62,HEK,No Torin,2
0,0,26,26,1,LC3-p62_HEK_dp62_No Torin_10Pos_2_AiryscanProcessing.czi,1,1,4,0,LC3-p62,dp62,HEK,No Torin,2
0,0,23,23,1,LC3-p62_HEK_dp62_No Torin_10Pos_2_AiryscanProcessing.czi,2,2,5,0,LC3-p62,dp62,HEK,No Torin,2
1,1,27,27,2,LC3-p62_HEK_dp62_No Torin_10Pos_2_AiryscanProcessing.czi,2,2,5,0,LC3-p62,dp62,HEK,No Torin,2
0,0,11,11,1,LC3-p62_HEK_dp62_No Torin_10Pos_2_AiryscanProcessing.czi,3,3,6,0,LC3-p62,dp62,HEK,No Torin,2
0,0,11,11,2,LC3-p62_HEK_dp62_No Torin_10Pos_2_AiryscanProcessing.czi,3,3,6,0,LC3-p62,dp62,HEK,No Torin,2
0,0,25,25,3,LC3-p62_HEK_dp62_No Torin_10Pos_2_AiryscanProcessing.czi,3,3,6,0,LC3-p62,dp62,HEK,No Torin,2
0,0,26,26,1,LC3-p62_HEK_dp62_No Torin_10Pos_2_AiryscanProcessing.czi,2,4,7,0,LC3-p62,dp62,HEK,No Torin,2
0,0,33,33,2,LC3-p62_HEK_dp62_No Torin_10Pos_2_AiryscanProcessing.czi,2,4,7,0,LC3-p62,dp62,HEK,No Torin,2
0,0,6,6,1,LC3-p62_HEK_dp62_No Torin_10Pos_2_AiryscanProcessing.czi,2,2,8,0,LC3-p62,dp62,HEK,No Torin,2
0,0,6,6,2,LC3-p62_HEK_dp62_No Torin_10Pos_2_AiryscanProcessing.czi,2,2,8,0,LC3-p62,dp62,HEK,No Torin,2
0,0,51,51,1,LC3-p62_HEK_dp62_No Torin_10Pos_2_AiryscanProcessing.czi,3,3,9,0,LC3-p62,dp62,HEK,No Torin,2
0,0,23,23,2,LC3-p62_HEK_dp62_No Torin_10Pos_2_AiryscanProcessing.czi,3,3,9,0,LC3-p62,dp62,HEK,No Torin,2
0,0,36,36,3,LC3-p62_HEK_dp62_No Torin_10Pos_2_AiryscanProcessing.czi,3,3,9,0,LC3-p62,dp62,HEK,No Torin,2
0,0,11,11,1,LC3-p62_HEK_dp62_No Torin_10Pos_2_AiryscanProcessing.czi,3,5,10,0,LC3-p62,dp62,HEK,No Torin,2
0,0,19,19,2,LC3-p62_HEK_dp62_No Torin_10Pos_2_AiryscanProcessing.czi,3,5,10,0,LC3-p62,dp62,HEK,No Torin,2
0,0,51,51,3,LC3-p62_HEK_dp62_No Torin_10Pos_2_AiryscanProcessing.czi,3,5,10,0,LC3-p62,dp62,HEK,No Torin,2
0,0,108,108,1,LC3-p62_HEK_dp62_Torin_10Pos_3_AiryscanProcessing.czi,2,2,1,0,LC3-p62,dp62,HEK,Torin,3
0,0,62,62,2,LC3-p62_HEK_dp62_Torin_10Pos_3_AiryscanProcessing.czi,2,2,1,0,LC3-p62,dp62,HEK,Torin,3
0,0,48,48,1,LC3-p62_HEK_dp62_Torin_10Pos_3_AiryscanProcessing.czi,2,2,2,0,LC3-p62,dp62,HEK,Torin,3
0,0,49,49,2,LC3-p62_HEK_dp62_Torin_10Pos_3_AiryscanProcessing.czi,2,2,2,0,LC3-p62,dp62,HEK,Torin,3
0,0,115,115,1,LC3-p62_HEK_dp62_Torin_10Pos_3_AiryscanProcessing.czi,2,2,3,0,LC3-p62,dp62,HEK,Torin,3
0,0,91,91,2,LC3-p62_HEK_dp62_Torin_10Pos_3_AiryscanProcessing.czi,2,2,3,0,LC3-p62,dp62,HEK,Torin,3
0,0,88,88,1,LC3-p62_HEK_dp62_Torin_10Pos_3_AiryscanProcessing.czi,2,2,4,0,LC3-p62,dp62,HEK,Torin,3
0,0,90,90,2,LC3-p62_HEK_dp62_Torin_10Pos_3_AiryscanProcessing.czi,2,2,4,0,LC3-p62,dp62,HEK,Torin,3
0,0,132,132,1,LC3-p62_HEK_dp62_Torin_10Pos_3_AiryscanProcessing.czi,2,2,5,0,LC3-p62,dp62,HEK,Torin,3
0,0,63,63,2,LC3-p62_HEK_dp62_Torin_10Pos_3_AiryscanProcessing.czi,2,2,5,0,LC3-p62,dp62,HEK,Torin,3
0,0,67,67,1,LC3-p62_HEK_dp62_Torin_10Pos_3_AiryscanProcessing.czi,2,2,6,0,LC3-p62,dp62,HEK,Torin,3
0,0,81,81,2,LC3-p62_HEK_dp62_Torin_10Pos_3_AiryscanProcessing.czi,2,2,6,0,LC3-p62,dp62,HEK,Torin,3
0,0,80,80,1,LC3-p62_HEK_dp62_Torin_10Pos_3_AiryscanProcessing.czi,2,3,7,0,LC3-p62,dp62,HEK,Torin,3
0,0,50,50,2,LC3-p62_HEK_dp62_Torin_10Pos_3_AiryscanProcessing.czi,2,3,7,0,LC3-p62,dp62,HEK,Torin,3
0,0,84,84,1,LC3-p62_HEK_dp62_Torin_10Pos_3_AiryscanProcessing.czi,1,3,8,0,LC3-p62,dp62,HEK,Torin,3
0,0,218,218,1,LC3-p62_HEK_dp62_Torin_10Pos_3_AiryscanProcessing.czi,1,1,9,0,LC3-p62,dp62,HEK,Torin,3
0,0,51,51,1,LC3-p62_HEK_dp62_Torin_10Pos_3_AiryscanProcessing.czi,2,2,10,0,LC3-p62,dp62,HEK,Torin,3
0,0,72,72,2,LC3-p62_HEK_dp62_Torin_10Pos_3_AiryscanProcessing.czi,2,2,10,0,LC3-p62,dp62,HEK,Torin,3
0,0,98,98,1,LC3-p62_HEK_dp62_Torin_10Pos_1_AiryscanProcessing.czi,1,1,1,0,LC3-p62,dp62,HEK,Torin,1
0,0,72,72,1,LC3-p62_HEK_dp62_Torin_10Pos_1_AiryscanProcessing.czi,2,2,2,0,LC3-p62,dp62,HEK,Torin,1
0,0,59,59,2,LC3-p62_HEK_dp62_Torin_10Pos_1_AiryscanProcessing.czi,2,2,2,0,LC3-p62,dp62,HEK,Torin,1
0,0,63,63,1,LC3-p62_HEK_dp62_Torin_10Pos_1_AiryscanProcessing.czi,2,2,3,0,LC3-p62,dp62,HEK,Torin,1
0,0,54,54,2,LC3-p62_HEK_dp62_Torin_10Pos_1_AiryscanProcessing.czi,2,2,3,0,LC3-p62,dp62,HEK,Torin,1
0,0,81,81,1,LC3-p62_HEK_dp62_Torin_10Pos_1_AiryscanProcessing.czi,2,2,4,0,LC3-p62,dp62,HEK,Torin,1
0,0,89,89,2,LC3-p62_HEK_dp62_Torin_10Pos_1_AiryscanProcessing.czi,2,2,4,0,LC3-p62,dp62,HEK,Torin,1
0,0,102,102,1,LC3-p62_HEK_dp62_Torin_10Pos_1_AiryscanProcessing.czi,1,2,5,0,LC3-p62,dp62,HEK,Torin,1
0,0,31,31,1,LC3-p62_HEK_dp62_Torin_10Pos_1_AiryscanProcessing.czi,2,2,6,0,LC3-p62,dp62,HEK,Torin,1
0,0,36,36,2,LC3-p62_HEK_dp62_Torin_10Pos_1_AiryscanProcessing.czi,2,2,6,0,LC3-p62,dp62,HEK,Torin,1
0,0,57,57,1,LC3-p62_HEK_dp62_Torin_10Pos_1_AiryscanProcessing.czi,2,2,7,0,LC3-p62,dp62,HEK,Torin,1
0,0,64,64,2,LC3-p62_HEK_dp62_Torin_10Pos_1_AiryscanProcessing.czi,2,2,7,0,LC3-p62,dp62,HEK,Torin,1
0,0,71,71,1,LC3-p62_HEK_dp62_Torin_10Pos_1_AiryscanProcessing.czi,3,3,8,0,LC3-p62,dp62,HEK,Torin,1
0,0,32,32,2,LC3-p62_HEK_dp62_Torin_10Pos_1_AiryscanProcessing.czi,3,3,8,0,LC3-p62,dp62,HEK,Torin,1
0,0,130,130,3,LC3-p62_HEK_dp62_Torin_10Pos_1_AiryscanProcessing.czi,3,3,8,0,LC3-p62,dp62,HEK,Torin,1
0,0,57,57,1,LC3-p62_HEK_dp62_Torin_10Pos_1_AiryscanProcessing.czi,2,2,9,0,LC3-p62,dp62,HEK,Torin,1
0,0,87,87,2,LC3-p62_HEK_dp62_Torin_10Pos_1_AiryscanProcessing.czi,2,2,9,0,LC3-p62,dp62,HEK,Torin,1
0,0,87,87,1,LC3-p62_HEK_dp62_Torin_10Pos_1_AiryscanProcessing.czi,2,2,10,0,LC3-p62,dp62,HEK,Torin,1
0,0,70,70,2,LC3-p62_HEK_dp62_Torin_10Pos_1_AiryscanProcessing.czi,2,2,10,0,LC3-p62,dp62,HEK,Torin,1
0,13,63,76,1,LC3-p62_HEK_dVPS37A_Torin_10Pos_1_AiryscanProcessing.czi,1,1,1,13,LC3-p62,dVPS37A,HEK,Torin,1
22,75,19,72,1,LC3-p62_HEK_dVPS37A_Torin_10Pos_1_AiryscanProcessing.czi,2,2,2,53,LC3-p62,dVPS37A,HEK,Torin,1
33,88,10,65,2,LC3-p62_HEK_dVPS37A_Torin_10Pos_1_AiryscanProcessing.czi,2,2,2,55,LC3-p62,dVPS37A,HEK,Torin,1
28,96,22,90,1,LC3-p62_HEK_dVPS37A_Torin_10Pos_1_AiryscanProcessing.czi,1,1,3,68,LC3-p62,dVPS37A,HEK,Torin,1
40,92,43,95,1,LC3-p62_HEK_dVPS37A_Torin_10Pos_1_AiryscanProcessing.czi,1,1,4,52,LC3-p62,dVPS37A,HEK,Torin,1
6,26,14,34,1,LC3-p62_HEK_dVPS37A_Torin_10Pos_1_AiryscanProcessing.czi,2,2,5,20,LC3-p62,dVPS37A,HEK,Torin,1
25,59,23,57,2,LC3-p62_HEK_dVPS37A_Torin_10Pos_1_AiryscanProcessing.czi,2,2,5,34,LC3-p62,dVPS37A,HEK,Torin,1
96,188,30,122,1,LC3-p62_HEK_dVPS37A_Torin_10Pos_1_AiryscanProcessing.czi,1,1,6,92,LC3-p62,dVPS37A,HEK,Torin,1
15,65,24,74,1,LC3-p62_HEK_dVPS37A_Torin_10Pos_1_AiryscanProcessing.czi,2,2,7,50,LC3-p62,dVPS37A,HEK,Torin,1
53,162,48,157,2,LC3-p62_HEK_dVPS37A_Torin_10Pos_1_AiryscanProcessing.czi,2,2,7,109,LC3-p62,dVPS37A,HEK,Torin,1
8,38,11,41,1,LC3-p62_HEK_dVPS37A_Torin_10Pos_1_AiryscanProcessing.czi,3,3,8,30,LC3-p62,dVPS37A,HEK,Torin,1
5,29,4,28,2,LC3-p62_HEK_dVPS37A_Torin_10Pos_1_AiryscanProcessing.czi,3,3,8,24,LC3-p62,dVPS37A,HEK,Torin,1
30,104,28,102,3,LC3-p62_HEK_dVPS37A_Torin_10Pos_1_AiryscanProcessing.czi,3,3,8,74,LC3-p62,dVPS37A,HEK,Torin,1
18,43,15,40,1,LC3-p62_HEK_dVPS37A_Torin_10Pos_1_AiryscanProcessing.czi,1,1,9,25,LC3-p62,dVPS37A,HEK,Torin,1
22,67,27,72,1,LC3-p62_HEK_dVPS37A_Torin_10Pos_1_AiryscanProcessing.czi,1,1,10,45,LC3-p62,dVPS37A,HEK,Torin,1
15,16,9,10,1,LC3-p62_HEK_dFIP200_No Torin_10Pos_4_AiryscanProcessing.czi,1,2,1,1,LC3-p62,dFIP200,HEK,No Torin,4
36,37,7,8,1,LC3-p62_HEK_dFIP200_No Torin_10Pos_4_AiryscanProcessing.czi,2,2,2,1,LC3-p62,dFIP200,HEK,No Torin,4
45,45,1,1,2,LC3-p62_HEK_dFIP200_No Torin_10Pos_4_AiryscanProcessing.czi,2,2,2,0,LC3-p62,dFIP200,HEK,No Torin,4
161,166,15,20,1,LC3-p62_HEK_dFIP200_No Torin_10Pos_4_AiryscanProcessing.czi,2,2,3,5,LC3-p62,dFIP200,HEK,No Torin,4
107,110,26,29,2,LC3-p62_HEK_dFIP200_No Torin_10Pos_4_AiryscanProcessing.czi,2,2,3,3,LC3-p62,dFIP200,HEK,No Torin,4
21,22,7,8,1,LC3-p62_HEK_dFIP200_No Torin_10Pos_4_AiryscanProcessing.czi,2,2,4,1,LC3-p62,dFIP200,HEK,No Torin,4
37,44,41,48,2,LC3-p62_HEK_dFIP200_No Torin_10Pos_4_AiryscanProcessing.czi,2,2,4,7,LC3-p62,dFIP200,HEK,No Torin,4
9,10,0,1,1,LC3-p62_HEK_dFIP200_No Torin_10Pos_4_AiryscanProcessing.czi,1,4,5,1,LC3-p62,dFIP200,HEK,No Torin,4
4,7,13,16,1,LC3-p62_HEK_dFIP200_No Torin_10Pos_4_AiryscanProcessing.czi,1,1,6,3,LC3-p62,dFIP200,HEK,No Torin,4
23,24,6,7,1,LC3-p62_HEK_dFIP200_No Torin_10Pos_4_AiryscanProcessing.czi,2,2,7,1,LC3-p62,dFIP200,HEK,No Torin,4
15,16,3,4,2,LC3-p62_HEK_dFIP200_No Torin_10Pos_4_AiryscanProcessing.czi,2,2,7,1,LC3-p62,dFIP200,HEK,No Torin,4
55,57,6,8,1,LC3-p62_HEK_dFIP200_No Torin_10Pos_4_AiryscanProcessing.czi,1,3,8,2,LC3-p62,dFIP200,HEK,No Torin,4
77,78,7,8,1,LC3-p62_HEK_dFIP200_No Torin_10Pos_4_AiryscanProcessing.czi,1,1,10,1,LC3-p62,dFIP200,HEK,No Torin,4
53,53,4,4,1,LC3-p62_HEK_dATG7_Torin_10Pos_2_AiryscanProcessing.czi,2,3,1,0,LC3-p62,dATG7,HEK,Torin,2
249,250,21,22,2,LC3-p62_HEK_dATG7_Torin_10Pos_2_AiryscanProcessing.czi,2,3,1,1,LC3-p62,dATG7,HEK,Torin,2
65,66,6,7,1,LC3-p62_HEK_dATG7_Torin_10Pos_2_AiryscanProcessing.czi,4,5,2,1,LC3-p62,dATG7,HEK,Torin,2
64,64,5,5,2,LC3-p62_HEK_dATG7_Torin_10Pos_2_AiryscanProcessing.czi,4,5,2,0,LC3-p62,dATG7,HEK,Torin,2
40,40,6,6,3,LC3-p62_HEK_dATG7_Torin_10Pos_2_AiryscanProcessing.czi,4,5,2,0,LC3-p62,dATG7,HEK,Torin,2
107,108,11,12,4,LC3-p62_HEK_dATG7_Torin_10Pos_2_AiryscanProcessing.czi,4,5,2,1,LC3-p62,dATG7,HEK,Torin,2
114,115,3,4,1,LC3-p62_HEK_dATG7_Torin_10Pos_2_AiryscanProcessing.czi,1,1,3,1,LC3-p62,dATG7,HEK,Torin,2
51,51,2,2,1,LC3-p62_HEK_dATG7_Torin_10Pos_2_AiryscanProcessing.czi,2,2,4,0,LC3-p62,dATG7,HEK,Torin,2
25,25,2,2,2,LC3-p62_HEK_dATG7_Torin_10Pos_2_AiryscanProcessing.czi,2,2,4,0,LC3-p62,dATG7,HEK,Torin,2
45,47,17,19,1,LC3-p62_HEK_dATG7_Torin_10Pos_2_AiryscanProcessing.czi,2,2,5,2,LC3-p62,dATG7,HEK,Torin,2
63,64,26,27,2,LC3-p62_HEK_dATG7_Torin_10Pos_2_AiryscanProcessing.czi,2,2,5,1,LC3-p62,dATG7,HEK,Torin,2
62,63,20,21,1,LC3-p62_HEK_dATG7_Torin_10Pos_2_AiryscanProcessing.czi,2,3,6,1,LC3-p62,dATG7,HEK,Torin,2
52,52,10,10,2,LC3-p62_HEK_dATG7_Torin_10Pos_2_AiryscanProcessing.czi,2,3,6,0,LC3-p62,dATG7,HEK,Torin,2
110,112,21,23,1,LC3-p62_HEK_dATG7_Torin_10Pos_2_AiryscanProcessing.czi,1,1,7,2,LC3-p62,dATG7,HEK,Torin,2
8,8,10,10,1,LC3-p62_HEK_dATG7_Torin_10Pos_2_AiryscanProcessing.czi,3,3,8,0,LC3-p62,dATG7,HEK,Torin,2
32,32,9,9,2,LC3-p62_HEK_dATG7_Torin_10Pos_2_AiryscanProcessing.czi,3,3,8,0,LC3-p62,dATG7,HEK,Torin,2
57,57,15,15,3,LC3-p62_HEK_dATG7_Torin_10Pos_2_AiryscanProcessing.czi,3,3,8,0,LC3-p62,dATG7,HEK,Torin,2
33,33,6,6,1,LC3-p62_HEK_dATG7_Torin_10Pos_2_AiryscanProcessing.czi,4,4,9,0,LC3-p62,dATG7,HEK,Torin,2
36,36,8,8,2,LC3-p62_HEK_dATG7_Torin_10Pos_2_AiryscanProcessing.czi,4,4,9,0,LC3-p62,dATG7,HEK,Torin,2
30,30,28,28,3,LC3-p62_HEK_dATG7_Torin_10Pos_2_AiryscanProcessing.czi,4,4,9,0,LC3-p62,dATG7,HEK,Torin,2
24,24,13,13,4,LC3-p62_HEK_dATG7_Torin_10Pos_2_AiryscanProcessing.czi,4,4,9,0,LC3-p62,dATG7,HEK,Torin,2
47,49,13,15,1,LC3-p62_HEK_dATG7_Torin_10Pos_2_AiryscanProcessing.czi,2,2,10,2,LC3-p62,dATG7,HEK,Torin,2
36,37,11,12,2,LC3-p62_HEK_dATG7_Torin_10Pos_2_AiryscanProcessing.czi,2,2,10,1,LC3-p62,dATG7,HEK,Torin,2
4,4,1,1,1,LC3-p62_HEK_dFIP200_Torin_10Pos_3_AiryscanProcessing.czi,2,2,1,0,LC3-p62,dFIP200,HEK,Torin,3
13,14,0,1,2,LC3-p62_HEK_dFIP200_Torin_10Pos_3_AiryscanProcessing.czi,2,2,1,1,LC3-p62,dFIP200,HEK,Torin,3
3,3,5,5,1,LC3-p62_HEK_dFIP200_Torin_10Pos_3_AiryscanProcessing.czi,2,2,2,0,LC3-p62,dFIP200,HEK,Torin,3
13,14,9,10,2,LC3-p62_HEK_dFIP200_Torin_10Pos_3_AiryscanProcessing.czi,2,2,2,1,LC3-p62,dFIP200,HEK,Torin,3
9,10,4,5,1,LC3-p62_HEK_dFIP200_Torin_10Pos_3_AiryscanProcessing.czi,1,3,3,1,LC3-p62,dFIP200,HEK,Torin,3
12,12,0,0,1,LC3-p62_HEK_dFIP200_Torin_10Pos_3_AiryscanProcessing.czi,2,2,4,0,LC3-p62,dFIP200,HEK,Torin,3
7,7,0,0,2,LC3-p62_HEK_dFIP200_Torin_10Pos_3_AiryscanProcessing.czi,2,2,4,0,LC3-p62,dFIP200,HEK,Torin,3
0,2,3,5,1,LC3-p62_HEK_dFIP200_Torin_10Pos_3_AiryscanProcessing.czi,2,2,5,2,LC3-p62,dFIP200,HEK,Torin,3
5,5,1,1,2,LC3-p62_HEK_dFIP200_Torin_10Pos_3_AiryscanProcessing.czi,2,2,5,0,LC3-p62,dFIP200,HEK,Torin,3
6,6,5,5,1,LC3-p62_HEK_dFIP200_Torin_10Pos_3_AiryscanProcessing.czi,2,3,6,0,LC3-p62,dFIP200,HEK,Torin,3
2,2,4,4,2,LC3-p62_HEK_dFIP200_Torin_10Pos_3_AiryscanProcessing.czi,2,3,6,0,LC3-p62,dFIP200,HEK,Torin,3
25,25,10,10,1,LC3-p62_HEK_dFIP200_Torin_10Pos_3_AiryscanProcessing.czi,1,3,8,0,LC3-p62,dFIP200,HEK,Torin,3
1,1,2,2,1,LC3-p62_HEK_dFIP200_Torin_10Pos_3_AiryscanProcessing.czi,2,2,10,0,LC3-p62,dFIP200,HEK,Torin,3
4,5,6,7,2,LC3-p62_HEK_dFIP200_Torin_10Pos_3_AiryscanProcessing.czi,2,2,10,1,LC3-p62,dFIP200,HEK,Torin,3
56,56,8,8,1,LC3-p62_HEK_dATG7_Torin_10Pos_3_AiryscanProcessing.czi,2,2,1,0,LC3-p62,dATG7,HEK,Torin,3
39,39,4,4,2,LC3-p62_HEK_dATG7_Torin_10Pos_3_AiryscanProcessing.czi,2,2,1,0,LC3-p62,dATG7,HEK,Torin,3
48,48,12,12,1,LC3-p62_HEK_dATG7_Torin_10Pos_3_AiryscanProcessing.czi,4,5,2,0,LC3-p62,dATG7,HEK,Torin,3
31,31,8,8,2,LC3-p62_HEK_dATG7_Torin_10Pos_3_AiryscanProcessing.czi,4,5,2,0,LC3-p62,dATG7,HEK,Torin,3
44,46,13,15,3,LC3-p62_HEK_dATG7_Torin_10Pos_3_AiryscanProcessing.czi,4,5,2,2,LC3-p62,dATG7,HEK,Torin,3
90,91,10,11,4,LC3-p62_HEK_dATG7_Torin_10Pos_3_AiryscanProcessing.czi,4,5,2,1,LC3-p62,dATG7,HEK,Torin,3
53,55,17,19,1,LC3-p62_HEK_dATG7_Torin_10Pos_3_AiryscanProcessing.czi,2,3,3,2,LC3-p62,dATG7,HEK,Torin,3
68,69,13,14,2,LC3-p62_HEK_dATG7_Torin_10Pos_3_AiryscanProcessing.czi,2,3,3,1,LC3-p62,dATG7,HEK,Torin,3
38,40,17,19,1,LC3-p62_HEK_dATG7_Torin_10Pos_3_AiryscanProcessing.czi,2,2,4,2,LC3-p62,dATG7,HEK,Torin,3
52,53,32,33,2,LC3-p62_HEK_dATG7_Torin_10Pos_3_AiryscanProcessing.czi,2,2,4,1,LC3-p62,dATG7,HEK,Torin,3
74,75,13,14,1,LC3-p62_HEK_dATG7_Torin_10Pos_3_AiryscanProcessing.czi,1,1,5,1,LC3-p62,dATG7,HEK,Torin,3
85,86,27,28,1,LC3-p62_HEK_dATG7_Torin_10Pos_3_AiryscanProcessing.czi,1,1,6,1,LC3-p62,dATG7,HEK,Torin,3
89,89,10,10,1,LC3-p62_HEK_dATG7_Torin_10Pos_3_AiryscanProcessing.czi,2,2,7,0,LC3-p62,dATG7,HEK,Torin,3
24,24,7,7,2,LC3-p62_HEK_dATG7_Torin_10Pos_3_AiryscanProcessing.czi,2,2,7,0,LC3-p62,dATG7,HEK,Torin,3
50,50,1,1,1,LC3-p62_HEK_dATG7_Torin_10Pos_3_AiryscanProcessing.czi,1,1,8,0,LC3-p62,dATG7,HEK,Torin,3
195,198,11,14,1,LC3-p62_HEK_dATG7_Torin_10Pos_3_AiryscanProcessing.czi,1,2,9,3,LC3-p62,dATG7,HEK,Torin,3
120,121,33,34,1,LC3-p62_HEK_dATG7_Torin_10Pos_3_AiryscanProcessing.czi,1,1,10,1,LC3-p62,dATG7,HEK,Torin,3
4,10,25,31,1,LC3-p62_HEK_WT_No Torin_10Pos_1_AiryscanProcessing.czi,2,2,1,6,LC3-p62,WT,HEK,No Torin,1
7,15,32,40,2,LC3-p62_HEK_WT_No Torin_10Pos_1_AiryscanProcessing.czi,2,2,1,8,LC3-p62,WT,HEK,No Torin,1
10,31,84,105,1,LC3-p62_HEK_WT_No Torin_10Pos_1_AiryscanProcessing.czi,2,2,2,21,LC3-p62,WT,HEK,No Torin,1
9,16,7,14,2,LC3-p62_HEK_WT_No Torin_10Pos_1_AiryscanProcessing.czi,2,2,2,7,LC3-p62,WT,HEK,No Torin,1
1,5,26,30,1,LC3-p62_HEK_WT_No Torin_10Pos_1_AiryscanProcessing.czi,2,2,3,4,LC3-p62,WT,HEK,No Torin,1
5,14,54,63,2,LC3-p62_HEK_WT_No Torin_10Pos_1_AiryscanProcessing.czi,2,2,3,9,LC3-p62,WT,HEK,No Torin,1
3,15,30,42,1,LC3-p62_HEK_WT_No Torin_10Pos_1_AiryscanProcessing.czi,2,2,4,12,LC3-p62,WT,HEK,No Torin,1
2,7,36,41,2,LC3-p62_HEK_WT_No Torin_10Pos_1_AiryscanProcessing.czi,2,2,4,5,LC3-p62,WT,HEK,No Torin,1
1,9,47,55,1,LC3-p62_HEK_WT_No Torin_10Pos_1_AiryscanProcessing.czi,1,1,5,8,LC3-p62,WT,HEK,No Torin,1
2,5,7,10,1,LC3-p62_HEK_WT_No Torin_10Pos_1_AiryscanProcessing.czi,2,2,6,3,LC3-p62,WT,HEK,No Torin,1
2,5,13,16,2,LC3-p62_HEK_WT_No Torin_10Pos_1_AiryscanProcessing.czi,2,2,6,3,LC3-p62,WT,HEK,No Torin,1
3,10,10,17,1,LC3-p62_HEK_WT_No Torin_10Pos_1_AiryscanProcessing.czi,2,2,7,7,LC3-p62,WT,HEK,No Torin,1
1,7,39,45,2,LC3-p62_HEK_WT_No Torin_10Pos_1_AiryscanProcessing.czi,2,2,7,6,LC3-p62,WT,HEK,No Torin,1
1,9,16,24,1,LC3-p62_HEK_WT_No Torin_10Pos_1_AiryscanProcessing.czi,3,4,8,8,LC3-p62,WT,HEK,No Torin,1
7,13,28,34,2,LC3-p62_HEK_WT_No Torin_10Pos_1_AiryscanProcessing.czi,3,4,8,6,LC3-p62,WT,HEK,No Torin,1
5,11,28,34,3,LC3-p62_HEK_WT_No Torin_10Pos_1_AiryscanProcessing.czi,3,4,8,6,LC3-p62,WT,HEK,No Torin,1
4,12,8,16,1,LC3-p62_HEK_WT_No Torin_10Pos_1_AiryscanProcessing.czi,4,4,9,8,LC3-p62,WT,HEK,No Torin,1
3,10,17,24,2,LC3-p62_HEK_WT_No Torin_10Pos_1_AiryscanProcessing.czi,4,4,9,7,LC3-p62,WT,HEK,No Torin,1
5,17,12,24,3,LC3-p62_HEK_WT_No Torin_10Pos_1_AiryscanProcessing.czi,4,4,9,12,LC3-p62,WT,HEK,No Torin,1
5,13,3,11,4,LC3-p62_HEK_WT_No Torin_10Pos_1_AiryscanProcessing.czi,4,4,9,8,LC3-p62,WT,HEK,No Torin,1
7,21,34,48,1,LC3-p62_HEK_WT_No Torin_10Pos_1_AiryscanProcessing.czi,2,2,10,14,LC3-p62,WT,HEK,No Torin,1
4,12,35,43,2,LC3-p62_HEK_WT_No Torin_10Pos_1_AiryscanProcessing.czi,2,2,10,8,LC3-p62,WT,HEK,No Torin,1
2,20,19,37,1,LC3-p62_HEK_dVPS37A_No Torin_10Pos_2_AiryscanProcessing.czi,2,2,1,18,LC3-p62,dVPS37A,HEK,No Torin,2
3,20,11,28,2,LC3-p62_HEK_dVPS37A_No Torin_10Pos_2_AiryscanProcessing.czi,2,2,1,17,LC3-p62,dVPS37A,HEK,No Torin,2
4,4,4,4,1,LC3-p62_HEK_dVPS37A_No Torin_10Pos_2_AiryscanProcessing.czi,2,2,2,0,LC3-p62,dVPS37A,HEK,No Torin,2
6,8,4,6,2,LC3-p62_HEK_dVPS37A_No Torin_10Pos_2_AiryscanProcessing.czi,2,2,2,2,LC3-p62,dVPS37A,HEK,No Torin,2
7,30,24,47,1,LC3-p62_HEK_dVPS37A_No Torin_10Pos_2_AiryscanProcessing.czi,2,2,3,23,LC3-p62,dVPS37A,HEK,No Torin,2
14,34,20,40,2,LC3-p62_HEK_dVPS37A_No Torin_10Pos_2_AiryscanProcessing.czi,2,2,3,20,LC3-p62,dVPS37A,HEK,No Torin,2
25,75,12,62,1,LC3-p62_HEK_dVPS37A_No Torin_10Pos_2_AiryscanProcessing.czi,2,2,4,50,LC3-p62,dVPS37A,HEK,No Torin,2
35,64,8,37,2,LC3-p62_HEK_dVPS37A_No Torin_10Pos_2_AiryscanProcessing.czi,2,2,4,29,LC3-p62,dVPS37A,HEK,No Torin,2
17,42,13,38,1,LC3-p62_HEK_dVPS37A_No Torin_10Pos_2_AiryscanProcessing.czi,1,2,6,25,LC3-p62,dVPS37A,HEK,No Torin,2
9,27,55,73,1,LC3-p62_HEK_dVPS37A_No Torin_10Pos_2_AiryscanProcessing.czi,1,2,7,18,LC3-p62,dVPS37A,HEK,No Torin,2
44,57,69,82,1,LC3-p62_HEK_dVPS37A_No Torin_10Pos_2_AiryscanProcessing.czi,1,2,8,13,LC3-p62,dVPS37A,HEK,No Torin,2
18,54,49,85,1,LC3-p62_HEK_dVPS37A_No Torin_10Pos_2_AiryscanProcessing.czi,1,1,10,36,LC3-p62,dVPS37A,HEK,No Torin,2
0,11,32,43,1,LC3-p62_HEK_WT_No Torin_10Pos_2_AiryscanProcessing.czi,2,2,1,11,LC3-p62,WT,HEK,No Torin,2
3,11,35,43,2,LC3-p62_HEK_WT_No Torin_10Pos_2_AiryscanProcessing.czi,2,2,1,8,LC3-p62,WT,HEK,No Torin,2
12,19,6,13,1,LC3-p62_HEK_WT_No Torin_10Pos_2_AiryscanProcessing.czi,2,2,2,7,LC3-p62,WT,HEK,No Torin,2
24,29,12,17,2,LC3-p62_HEK_WT_No Torin_10Pos_2_AiryscanProcessing.czi,2,2,2,5,LC3-p62,WT,HEK,No Torin,2
1,7,7,13,1,LC3-p62_HEK_WT_No Torin_10Pos_2_AiryscanProcessing.czi,2,2,3,6,LC3-p62,WT,HEK,No Torin,2
1,12,4,15,2,LC3-p62_HEK_WT_No Torin_10Pos_2_AiryscanProcessing.czi,2,2,3,11,LC3-p62,WT,HEK,No Torin,2
11,34,98,121,1,LC3-p62_HEK_WT_No Torin_10Pos_2_AiryscanProcessing.czi,1,1,4,23,LC3-p62,WT,HEK,No Torin,2
7,13,30,36,1,LC3-p62_HEK_WT_No Torin_10Pos_2_AiryscanProcessing.czi,2,3,5,6,LC3-p62,WT,HEK,No Torin,2
9,12,21,24,2,LC3-p62_HEK_WT_No Torin_10Pos_2_AiryscanProcessing.czi,2,3,5,3,LC3-p62,WT,HEK,No Torin,2
5,15,32,42,1,LC3-p62_HEK_WT_No Torin_10Pos_2_AiryscanProcessing.czi,2,2,6,10,LC3-p62,WT,HEK,No Torin,2
8,17,16,25,2,LC3-p62_HEK_WT_No Torin_10Pos_2_AiryscanProcessing.czi,2,2,6,9,LC3-p62,WT,HEK,No Torin,2
6,17,7,18,1,LC3-p62_HEK_WT_No Torin_10Pos_2_AiryscanProcessing.czi,2,2,7,11,LC3-p62,WT,HEK,No Torin,2
4,15,15,26,2,LC3-p62_HEK_WT_No Torin_10Pos_2_AiryscanProcessing.czi,2,2,7,11,LC3-p62,WT,HEK,No Torin,2
13,22,29,38,1,LC3-p62_HEK_WT_No Torin_10Pos_2_AiryscanProcessing.czi,3,4,8,9,LC3-p62,WT,HEK,No Torin,2
11,21,46,56,2,LC3-p62_HEK_WT_No Torin_10Pos_2_AiryscanProcessing.czi,3,4,8,10,LC3-p62,WT,HEK,No Torin,2
14,24,17,27,3,LC3-p62_HEK_WT_No Torin_10Pos_2_AiryscanProcessing.czi,3,4,8,10,LC3-p62,WT,HEK,No Torin,2
3,5,49,51,1,LC3-p62_HEK_WT_No Torin_10Pos_2_AiryscanProcessing.czi,1,1,9,2,LC3-p62,WT,HEK,No Torin,2
1,7,45,51,1,LC3-p62_HEK_WT_No Torin_10Pos_2_AiryscanProcessing.czi,1,1,10,6,LC3-p62,WT,HEK,No Torin,2
4,23,70,89,1,LC3-p62_HEK_dTMEM_Torin_10Pos_3_AiryscanProcessing.czi,1,1,1,19,LC3-p62,dTMEM,HEK,Torin,3
10,39,69,98,1,LC3-p62_HEK_dTMEM_Torin_10Pos_3_AiryscanProcessing.czi,2,2,2,29,LC3-p62,dTMEM,HEK,Torin,3
21,52,55,86,2,LC3-p62_HEK_dTMEM_Torin_10Pos_3_AiryscanProcessing.czi,2,2,2,31,LC3-p62,dTMEM,HEK,Torin,3
39,190,47,198,1,LC3-p62_HEK_dTMEM_Torin_10Pos_3_AiryscanProcessing.czi,4,4,3,151,LC3-p62,dTMEM,HEK,Torin,3
54,110,36,92,2,LC3-p62_HEK_dTMEM_Torin_10Pos_3_AiryscanProcessing.czi,4,4,3,56,LC3-p62,dTMEM,HEK,Torin,3
40,127,72,159,3,LC3-p62_HEK_dTMEM_Torin_10Pos_3_AiryscanProcessing.czi,4,4,3,87,LC3-p62,dTMEM,HEK,Torin,3
27,60,10,43,4,LC3-p62_HEK_dTMEM_Torin_10Pos_3_AiryscanProcessing.czi,4,4,3,33,LC3-p62,dTMEM,HEK,Torin,3
24,107,62,145,1,LC3-p62_HEK_dTMEM_Torin_10Pos_3_AiryscanProcessing.czi,4,4,4,83,LC3-p62,dTMEM,HEK,Torin,3
55,148,55,148,2,LC3-p62_HEK_dTMEM_Torin_10Pos_3_AiryscanProcessing.czi,4,4,4,93,LC3-p62,dTMEM,HEK,Torin,3
30,77,35,82,3,LC3-p62_HEK_dTMEM_Torin_10Pos_3_AiryscanProcessing.czi,4,4,4,47,LC3-p62,dTMEM,HEK,Torin,3
31,87,26,82,4,LC3-p62_HEK_dTMEM_Torin_10Pos_3_AiryscanProcessing.czi,4,4,4,56,LC3-p62,dTMEM,HEK,Torin,3
35,98,107,170,1,LC3-p62_HEK_dTMEM_Torin_10Pos_3_AiryscanProcessing.czi,2,2,5,63,LC3-p62,dTMEM,HEK,Torin,3
30,104,115,189,2,LC3-p62_HEK_dTMEM_Torin_10Pos_3_AiryscanProcessing.czi,2,2,5,74,LC3-p62,dTMEM,HEK,Torin,3
32,150,56,174,1,LC3-p62_HEK_dTMEM_Torin_10Pos_3_AiryscanProcessing.czi,2,2,6,118,LC3-p62,dTMEM,HEK,Torin,3
47,85,26,64,2,LC3-p62_HEK_dTMEM_Torin_10Pos_3_AiryscanProcessing.czi,2,2,6,38,LC3-p62,dTMEM,HEK,Torin,3
35,150,77,192,1,LC3-p62_HEK_dTMEM_Torin_10Pos_3_AiryscanProcessing.czi,2,2,7,115,LC3-p62,dTMEM,HEK,Torin,3
51,129,28,106,2,LC3-p62_HEK_dTMEM_Torin_10Pos_3_AiryscanProcessing.czi,2,2,7,78,LC3-p62,dTMEM,HEK,Torin,3
37,130,91,184,1,LC3-p62_HEK_dTMEM_Torin_10Pos_3_AiryscanProcessing.czi,2,2,8,93,LC3-p62,dTMEM,HEK,Torin,3
24,76,55,107,2,LC3-p62_HEK_dTMEM_Torin_10Pos_3_AiryscanProcessing.czi,2,2,8,52,LC3-p62,dTMEM,HEK,Torin,3
54,133,66,145,1,LC3-p62_HEK_dTMEM_Torin_10Pos_3_AiryscanProcessing.czi,1,1,9,79,LC3-p62,dTMEM,HEK,Torin,3
36,124,28,116,1,LC3-p62_HEK_dTMEM_Torin_10Pos_3_AiryscanProcessing.czi,2,2,10,88,LC3-p62,dTMEM,HEK,Torin,3
38,153,29,144,2,LC3-p62_HEK_dTMEM_Torin_10Pos_3_AiryscanProcessing.czi,2,2,10,115,LC3-p62,dTMEM,HEK,Torin,3
7,9,8,10,1,LC3-p62_HEK_dFIP200_No Torin_10Pos_2_AiryscanProcessing.czi,1,1,1,2,LC3-p62,dFIP200,HEK,No Torin,2
18,19,46,47,1,LC3-p62_HEK_dFIP200_No Torin_10Pos_2_AiryscanProcessing.czi,1,1,4,1,LC3-p62,dFIP200,HEK,No Torin,2
41,43,6,8,1,LC3-p62_HEK_dFIP200_No Torin_10Pos_2_AiryscanProcessing.czi,2,2,5,2,LC3-p62,dFIP200,HEK,No Torin,2
13,14,0,1,2,LC3-p62_HEK_dFIP200_No Torin_10Pos_2_AiryscanProcessing.czi,2,2,5,1,LC3-p62,dFIP200,HEK,No Torin,2
5,6,2,3,1,LC3-p62_HEK_dFIP200_No Torin_10Pos_2_AiryscanProcessing.czi,1,2,6,1,LC3-p62,dFIP200,HEK,No Torin,2
7,8,12,13,1,LC3-p62_HEK_dFIP200_No Torin_10Pos_2_AiryscanProcessing.czi,4,4,7,1,LC3-p62,dFIP200,HEK,No Torin,2
5,5,4,4,2,LC3-p62_HEK_dFIP200_No Torin_10Pos_2_AiryscanProcessing.czi,4,4,7,0,LC3-p62,dFIP200,HEK,No Torin,2
9,10,3,4,3,LC3-p62_HEK_dFIP200_No Torin_10Pos_2_AiryscanProcessing.czi,4,4,7,1,LC3-p62,dFIP200,HEK,No Torin,2
17,17,7,7,4,LC3-p62_HEK_dFIP200_No Torin_10Pos_2_AiryscanProcessing.czi,4,4,7,0,LC3-p62,dFIP200,HEK,No Torin,2
22,22,6,6,1,LC3-p62_HEK_dFIP200_No Torin_10Pos_2_AiryscanProcessing.czi,1,1,8,0,LC3-p62,dFIP200,HEK,No Torin,2
10,11,4,5,1,LC3-p62_HEK_dFIP200_No Torin_10Pos_2_AiryscanProcessing.czi,2,2,9,1,LC3-p62,dFIP200,HEK,No Torin,2
9,9,2,2,2,LC3-p62_HEK_dFIP200_No Torin_10Pos_2_AiryscanProcessing.czi,2,2,9,0,LC3-p62,dFIP200,HEK,No Torin,2
10,10,12,12,1,LC3-p62_HEK_dFIP200_No Torin_10Pos_2_AiryscanProcessing.czi,2,2,10,0,LC3-p62,dFIP200,HEK,No Torin,2
9,10,5,6,2,LC3-p62_HEK_dFIP200_No Torin_10Pos_2_AiryscanProcessing.czi,2,2,10,1,LC3-p62,dFIP200,HEK,No Torin,2
72,210,32,170,1,LC3-p62_HEK_dTMEM_Torin_10Pos_1_AiryscanProcessing.czi,2,2,1,138,LC3-p62,dTMEM,HEK,Torin,1
29,107,19,97,2,LC3-p62_HEK_dTMEM_Torin_10Pos_1_AiryscanProcessing.czi,2,2,1,78,LC3-p62,dTMEM,HEK,Torin,1
8,33,42,67,1,LC3-p62_HEK_dTMEM_Torin_10Pos_1_AiryscanProcessing.czi,4,7,2,25,LC3-p62,dTMEM,HEK,Torin,1
109,223,62,176,2,LC3-p62_HEK_dTMEM_Torin_10Pos_1_AiryscanProcessing.czi,4,7,2,114,LC3-p62,dTMEM,HEK,Torin,1
22,72,56,106,3,LC3-p62_HEK_dTMEM_Torin_10Pos_1_AiryscanProcessing.czi,4,7,2,50,LC3-p62,dTMEM,HEK,Torin,1
47,113,41,107,4,LC3-p62_HEK_dTMEM_Torin_10Pos_1_AiryscanProcessing.czi,4,7,2,66,LC3-p62,dTMEM,HEK,Torin,1
19,113,55,149,1,LC3-p62_HEK_dTMEM_Torin_10Pos_1_AiryscanProcessing.czi,2,2,3,94,LC3-p62,dTMEM,HEK,Torin,1
21,110,55,144,2,LC3-p62_HEK_dTMEM_Torin_10Pos_1_AiryscanProcessing.czi,2,2,3,89,LC3-p62,dTMEM,HEK,Torin,1
30,101,38,109,1,LC3-p62_HEK_dTMEM_Torin_10Pos_1_AiryscanProcessing.czi,4,4,4,71,LC3-p62,dTMEM,HEK,Torin,1
9,32,57,80,2,LC3-p62_HEK_dTMEM_Torin_10Pos_1_AiryscanProcessing.czi,4,4,4,23,LC3-p62,dTMEM,HEK,Torin,1
33,45,20,32,3,LC3-p62_HEK_dTMEM_Torin_10Pos_1_AiryscanProcessing.czi,4,4,4,12,LC3-p62,dTMEM,HEK,Torin,1
74,105,18,49,4,LC3-p62_HEK_dTMEM_Torin_10Pos_1_AiryscanProcessing.czi,4,4,4,31,LC3-p62,dTMEM,HEK,Torin,1
59,191,98,230,1,LC3-p62_HEK_dTMEM_Torin_10Pos_1_AiryscanProcessing.czi,1,2,5,132,LC3-p62,dTMEM,HEK,Torin,1
22,80,39,97,1,LC3-p62_HEK_dTMEM_Torin_10Pos_1_AiryscanProcessing.czi,2,2,6,58,LC3-p62,dTMEM,HEK,Torin,1
21,106,30,115,2,LC3-p62_HEK_dTMEM_Torin_10Pos_1_AiryscanProcessing.czi,2,2,6,85,LC3-p62,dTMEM,HEK,Torin,1
22,84,38,100,1,LC3-p62_HEK_dTMEM_Torin_10Pos_1_AiryscanProcessing.czi,1,1,7,62,LC3-p62,dTMEM,HEK,Torin,1
70,162,60,152,1,LC3-p62_HEK_dTMEM_Torin_10Pos_1_AiryscanProcessing.czi,4,4,8,92,LC3-p62,dTMEM,HEK,Torin,1
48,131,43,126,2,LC3-p62_HEK_dTMEM_Torin_10Pos_1_AiryscanProcessing.czi,4,4,8,83,LC3-p62,dTMEM,HEK,Torin,1
52,122,51,121,3,LC3-p62_HEK_dTMEM_Torin_10Pos_1_AiryscanProcessing.czi,4,4,8,70,LC3-p62,dTMEM,HEK,Torin,1
74,133,36,95,4,LC3-p62_HEK_dTMEM_Torin_10Pos_1_AiryscanProcessing.czi,4,4,8,59,LC3-p62,dTMEM,HEK,Torin,1
51,137,23,109,1,LC3-p62_HEK_dTMEM_Torin_10Pos_1_AiryscanProcessing.czi,1,1,9,86,LC3-p62,dTMEM,HEK,Torin,1
25,95,56,126,1,LC3-p62_HEK_dTMEM_Torin_10Pos_1_AiryscanProcessing.czi,2,2,10,70,LC3-p62,dTMEM,HEK,Torin,1
19,80,36,97,2,LC3-p62_HEK_dTMEM_Torin_10Pos_1_AiryscanProcessing.czi,2,2,10,61,LC3-p62,dTMEM,HEK,Torin,1
45,105,40,100,1,LC3-p62_HEK_dVPS37A_Torin_10Pos_3_AiryscanProcessing.czi,2,2,1,60,LC3-p62,dVPS37A,HEK,Torin,3
43,89,19,65,2,LC3-p62_HEK_dVPS37A_Torin_10Pos_3_AiryscanProcessing.czi,2,2,1,46,LC3-p62,dVPS37A,HEK,Torin,3
6,25,31,50,1,LC3-p62_HEK_dVPS37A_Torin_10Pos_3_AiryscanProcessing.czi,2,2,2,19,LC3-p62,dVPS37A,HEK,Torin,3
13,36,19,42,2,LC3-p62_HEK_dVPS37A_Torin_10Pos_3_AiryscanProcessing.czi,2,2,2,23,LC3-p62,dVPS37A,HEK,Torin,3
28,42,31,45,1,LC3-p62_HEK_dVPS37A_Torin_10Pos_3_AiryscanProcessing.czi,2,2,3,14,LC3-p62,dVPS37A,HEK,Torin,3
37,101,70,134,2,LC3-p62_HEK_dVPS37A_Torin_10Pos_3_AiryscanProcessing.czi,2,2,3,64,LC3-p62,dVPS37A,HEK,Torin,3
11,53,76,118,1,LC3-p62_HEK_dVPS37A_Torin_10Pos_3_AiryscanProcessing.czi,1,2,4,42,LC3-p62,dVPS37A,HEK,Torin,3
12,41,33,62,1,LC3-p62_HEK_dVPS37A_Torin_10Pos_3_AiryscanProcessing.czi,4,4,5,29,LC3-p62,dVPS37A,HEK,Torin,3
18,63,20,65,2,LC3-p62_HEK_dVPS37A_Torin_10Pos_3_AiryscanProcessing.czi,4,4,5,45,LC3-p62,dVPS37A,HEK,Torin,3
14,55,11,52,3,LC3-p62_HEK_dVPS37A_Torin_10Pos_3_AiryscanProcessing.czi,4,4,5,41,LC3-p62,dVPS37A,HEK,Torin,3
27,67,23,63,4,LC3-p62_HEK_dVPS37A_Torin_10Pos_3_AiryscanProcessing.czi,4,4,5,40,LC3-p62,dVPS37A,HEK,Torin,3
70,178,32,140,1,LC3-p62_HEK_dVPS37A_Torin_10Pos_3_AiryscanProcessing.czi,1,1,6,108,LC3-p62,dVPS37A,HEK,Torin,3
18,45,19,46,1,LC3-p62_HEK_dVPS37A_Torin_10Pos_3_AiryscanProcessing.czi,2,2,7,27,LC3-p62,dVPS37A,HEK,Torin,3
27,69,11,53,2,LC3-p62_HEK_dVPS37A_Torin_10Pos_3_AiryscanProcessing.czi,2,2,7,42,LC3-p62,dVPS37A,HEK,Torin,3
15,59,10,54,1,LC3-p62_HEK_dVPS37A_Torin_10Pos_3_AiryscanProcessing.czi,2,2,8,44,LC3-p62,dVPS37A,HEK,Torin,3
10,64,29,83,2,LC3-p62_HEK_dVPS37A_Torin_10Pos_3_AiryscanProcessing.czi,2,2,8,54,LC3-p62,dVPS37A,HEK,Torin,3
52,100,33,81,1,LC3-p62_HEK_dVPS37A_Torin_10Pos_3_AiryscanProcessing.czi,1,1,9,48,LC3-p62,dVPS37A,HEK,Torin,3
22,96,37,111,1,LC3-p62_HEK_dVPS37A_Torin_10Pos_3_AiryscanProcessing.czi,2,2,10,74,LC3-p62,dVPS37A,HEK,Torin,3
25,108,24,107,2,LC3-p62_HEK_dVPS37A_Torin_10Pos_3_AiryscanProcessing.czi,2,2,10,83,LC3-p62,dVPS37A,HEK,Torin,3
1,16,26,41,1,LC3-p62_HEK_WT_No Torin_10Pos_3_AiryscanProcessing.czi,2,2,1,15,LC3-p62,WT,HEK,No Torin,3
1,15,41,55,2,LC3-p62_HEK_WT_No Torin_10Pos_3_AiryscanProcessing.czi,2,2,1,14,LC3-p62,WT,HEK,No Torin,3
20,49,28,57,1,LC3-p62_HEK_WT_No Torin_10Pos_3_AiryscanProcessing.czi,1,1,2,29,LC3-p62,WT,HEK,No Torin,3
20,68,41,89,1,LC3-p62_HEK_WT_No Torin_10Pos_3_AiryscanProcessing.czi,1,1,3,48,LC3-p62,WT,HEK,No Torin,3
4,22,20,38,1,LC3-p62_HEK_WT_No Torin_10Pos_3_AiryscanProcessing.czi,2,2,4,18,LC3-p62,WT,HEK,No Torin,3
3,17,25,39,2,LC3-p62_HEK_WT_No Torin_10Pos_3_AiryscanProcessing.czi,2,2,4,14,LC3-p62,WT,HEK,No Torin,3
9,13,21,25,1,LC3-p62_HEK_WT_No Torin_10Pos_3_AiryscanProcessing.czi,1,1,5,4,LC3-p62,WT,HEK,No Torin,3
9,36,60,87,1,LC3-p62_HEK_WT_No Torin_10Pos_3_AiryscanProcessing.czi,2,3,6,27,LC3-p62,WT,HEK,No Torin,3
21,46,40,65,2,LC3-p62_HEK_WT_No Torin_10Pos_3_AiryscanProcessing.czi,2,3,6,25,LC3-p62,WT,HEK,No Torin,3
7,12,31,36,1,LC3-p62_HEK_WT_No Torin_10Pos_3_AiryscanProcessing.czi,1,2,7,5,LC3-p62,WT,HEK,No Torin,3
1,3,12,14,1,LC3-p62_HEK_WT_No Torin_10Pos_3_AiryscanProcessing.czi,2,2,8,2,LC3-p62,WT,HEK,No Torin,3
3,5,13,15,2,LC3-p62_HEK_WT_No Torin_10Pos_3_AiryscanProcessing.czi,2,2,8,2,LC3-p62,WT,HEK,No Torin,3
0,5,17,22,1,LC3-p62_HEK_WT_No Torin_10Pos_3_AiryscanProcessing.czi,2,3,9,5,LC3-p62,WT,HEK,No Torin,3
0,3,8,11,2,LC3-p62_HEK_WT_No Torin_10Pos_3_AiryscanProcessing.czi,2,3,9,3,LC3-p62,WT,HEK,No Torin,3
8,9,6,7,1,LC3-p62_HEK_dFIP200_No Torin_10Pos_3_AiryscanProcessing.czi,1,2,1,1,LC3-p62,dFIP200,HEK,No Torin,3
5,6,3,4,1,LC3-p62_HEK_dFIP200_No Torin_10Pos_3_AiryscanProcessing.czi,2,2,2,1,LC3-p62,dFIP200,HEK,No Torin,3
6,6,0,0,2,LC3-p62_HEK_dFIP200_No Torin_10Pos_3_AiryscanProcessing.czi,2,2,2,0,LC3-p62,dFIP200,HEK,No Torin,3
3,4,12,13,1,LC3-p62_HEK_dFIP200_No Torin_10Pos_3_AiryscanProcessing.czi,2,2,3,1,LC3-p62,dFIP200,HEK,No Torin,3
5,5,8,8,2,LC3-p62_HEK_dFIP200_No Torin_10Pos_3_AiryscanProcessing.czi,2,2,3,0,LC3-p62,dFIP200,HEK,No Torin,3
6,6,2,2,1,LC3-p62_HEK_dFIP200_No Torin_10Pos_3_AiryscanProcessing.czi,2,2,4,0,LC3-p62,dFIP200,HEK,No Torin,3
8,8,0,0,2,LC3-p62_HEK_dFIP200_No Torin_10Pos_3_AiryscanProcessing.czi,2,2,4,0,LC3-p62,dFIP200,HEK,No Torin,3
35,41,51,57,1,LC3-p62_HEK_dFIP200_No Torin_10Pos_3_AiryscanProcessing.czi,1,1,5,6,LC3-p62,dFIP200,HEK,No Torin,3
6,6,0,0,1,LC3-p62_HEK_dFIP200_No Torin_10Pos_3_AiryscanProcessing.czi,3,3,6,0,LC3-p62,dFIP200,HEK,No Torin,3
11,11,0,0,2,LC3-p62_HEK_dFIP200_No Torin_10Pos_3_AiryscanProcessing.czi,3,3,6,0,LC3-p62,dFIP200,HEK,No Torin,3
25,27,32,34,3,LC3-p62_HEK_dFIP200_No Torin_10Pos_3_AiryscanProcessing.czi,3,3,6,2,LC3-p62,dFIP200,HEK,No Torin,3
19,20,2,3,1,LC3-p62_HEK_dFIP200_No Torin_10Pos_3_AiryscanProcessing.czi,2,2,7,1,LC3-p62,dFIP200,HEK,No Torin,3
20,23,33,36,2,LC3-p62_HEK_dFIP200_No Torin_10Pos_3_AiryscanProcessing.czi,2,2,7,3,LC3-p62,dFIP200,HEK,No Torin,3
13,15,67,69,1,LC3-p62_HEK_dFIP200_No Torin_10Pos_3_AiryscanProcessing.czi,2,2,8,2,LC3-p62,dFIP200,HEK,No Torin,3
9,9,7,7,2,LC3-p62_HEK_dFIP200_No Torin_10Pos_3_AiryscanProcessing.czi,2,2,8,0,LC3-p62,dFIP200,HEK,No Torin,3
44,45,32,33,1,LC3-p62_HEK_dFIP200_No Torin_10Pos_3_AiryscanProcessing.czi,1,1,9,1,LC3-p62,dFIP200,HEK,No Torin,3
20,20,2,2,1,LC3-p62_HEK_dFIP200_No Torin_10Pos_3_AiryscanProcessing.czi,2,2,10,0,LC3-p62,dFIP200,HEK,No Torin,3
24,25,1,2,2,LC3-p62_HEK_dFIP200_No Torin_10Pos_3_AiryscanProcessing.czi,2,2,10,1,LC3-p62,dFIP200,HEK,No Torin,3
3,4,33,34,1,LC3-p62_HEK_dFIP200_Torin_10Pos_4_AiryscanProcessing.czi,4,5,1,1,LC3-p62,dFIP200,HEK,Torin,4
3,4,7,8,2,LC3-p62_HEK_dFIP200_Torin_10Pos_4_AiryscanProcessing.czi,4,5,1,1,LC3-p62,dFIP200,HEK,Torin,4
11,14,11,14,3,LC3-p62_HEK_dFIP200_Torin_10Pos_4_AiryscanProcessing.czi,4,5,1,3,LC3-p62,dFIP200,HEK,Torin,4
10,12,30,32,4,LC3-p62_HEK_dFIP200_Torin_10Pos_4_AiryscanProcessing.czi,4,5,1,2,LC3-p62,dFIP200,HEK,Torin,4
23,25,9,11,1,LC3-p62_HEK_dFIP200_Torin_10Pos_4_AiryscanProcessing.czi,2,3,2,2,LC3-p62,dFIP200,HEK,Torin,4
7,8,12,13,2,LC3-p62_HEK_dFIP200_Torin_10Pos_4_AiryscanProcessing.czi,2,3,2,1,LC3-p62,dFIP200,HEK,Torin,4
29,30,9,10,1,LC3-p62_HEK_dFIP200_Torin_10Pos_4_AiryscanProcessing.czi,2,2,3,1,LC3-p62,dFIP200,HEK,Torin,4
11,11,5,5,2,LC3-p62_HEK_dFIP200_Torin_10Pos_4_AiryscanProcessing.czi,2,2,3,0,LC3-p62,dFIP200,HEK,Torin,4
9,11,9,11,1,LC3-p62_HEK_dFIP200_Torin_10Pos_4_AiryscanProcessing.czi,1,2,4,2,LC3-p62,dFIP200,HEK,Torin,4
9,12,12,15,1,LC3-p62_HEK_dFIP200_Torin_10Pos_4_AiryscanProcessing.czi,1,3,5,3,LC3-p62,dFIP200,HEK,Torin,4
3,3,5,5,1,LC3-p62_HEK_dFIP200_Torin_10Pos_4_AiryscanProcessing.czi,2,2,6,0,LC3-p62,dFIP200,HEK,Torin,4
14,15,24,25,2,LC3-p62_HEK_dFIP200_Torin_10Pos_4_AiryscanProcessing.czi,2,2,6,1,LC3-p62,dFIP200,HEK,Torin,4
3,3,8,8,1,LC3-p62_HEK_dFIP200_Torin_10Pos_4_AiryscanProcessing.czi,1,1,7,0,LC3-p62,dFIP200,HEK,Torin,4
10,11,20,21,1,LC3-p62_HEK_dFIP200_Torin_10Pos_4_AiryscanProcessing.czi,1,2,8,1,LC3-p62,dFIP200,HEK,Torin,4
26,26,30,30,1,LC3-p62_HEK_dFIP200_Torin_10Pos_4_AiryscanProcessing.czi,1,5,9,0,LC3-p62,dFIP200,HEK,Torin,4
10,10,1,1,1,LC3-p62_HEK_dFIP200_Torin_10Pos_4_AiryscanProcessing.czi,2,2,10,0,LC3-p62,dFIP200,HEK,Torin,4
7,7,5,5,2,LC3-p62_HEK_dFIP200_Torin_10Pos_4_AiryscanProcessing.czi,2,2,10,0,LC3-p62,dFIP200,HEK,Torin,4
50,107,33,90,1,LC3-p62_HEK_dVPS37A_Torin_10Pos_2_AiryscanProcessing.czi,2,2,1,57,LC3-p62,dVPS37A,HEK,Torin,2
94,175,12,93,2,LC3-p62_HEK_dVPS37A_Torin_10Pos_2_AiryscanProcessing.czi,2,2,1,81,LC3-p62,dVPS37A,HEK,Torin,2
24,72,28,76,1,LC3-p62_HEK_dVPS37A_Torin_10Pos_2_AiryscanProcessing.czi,3,3,2,48,LC3-p62,dVPS37A,HEK,Torin,2
11,39,17,45,2,LC3-p62_HEK_dVPS37A_Torin_10Pos_2_AiryscanProcessing.czi,3,3,2,28,LC3-p62,dVPS37A,HEK,Torin,2
23,94,49,120,3,LC3-p62_HEK_dVPS37A_Torin_10Pos_2_AiryscanProcessing.czi,3,3,2,71,LC3-p62,dVPS37A,HEK,Torin,2
6,31,45,70,1,LC3-p62_HEK_dVPS37A_Torin_10Pos_2_AiryscanProcessing.czi,2,3,3,25,LC3-p62,dVPS37A,HEK,Torin,2
4,36,33,65,2,LC3-p62_HEK_dVPS37A_Torin_10Pos_2_AiryscanProcessing.czi,2,3,3,32,LC3-p62,dVPS37A,HEK,Torin,2
27,87,27,87,1,LC3-p62_HEK_dVPS37A_Torin_10Pos_2_AiryscanProcessing.czi,1,1,4,60,LC3-p62,dVPS37A,HEK,Torin,2
37,112,28,103,1,LC3-p62_HEK_dVPS37A_Torin_10Pos_2_AiryscanProcessing.czi,2,2,5,75,LC3-p62,dVPS37A,HEK,Torin,2
32,112,16,96,2,LC3-p62_HEK_dVPS37A_Torin_10Pos_2_AiryscanProcessing.czi,2,2,5,80,LC3-p62,dVPS37A,HEK,Torin,2
24,96,43,115,1,LC3-p62_HEK_dVPS37A_Torin_10Pos_2_AiryscanProcessing.czi,2,2,6,72,LC3-p62,dVPS37A,HEK,Torin,2
20,81,28,89,2,LC3-p62_HEK_dVPS37A_Torin_10Pos_2_AiryscanProcessing.czi,2,2,6,61,LC3-p62,dVPS37A,HEK,Torin,2
8,28,64,84,1,LC3-p62_HEK_dVPS37A_Torin_10Pos_2_AiryscanProcessing.czi,2,2,7,20,LC3-p62,dVPS37A,HEK,Torin,2
20,46,35,61,2,LC3-p62_HEK_dVPS37A_Torin_10Pos_2_AiryscanProcessing.czi,2,2,7,26,LC3-p62,dVPS37A,HEK,Torin,2
27,32,3,8,1,LC3-p62_HEK_dVPS37A_Torin_10Pos_2_AiryscanProcessing.czi,3,3,8,5,LC3-p62,dVPS37A,HEK,Torin,2
72,159,32,119,2,LC3-p62_HEK_dVPS37A_Torin_10Pos_2_AiryscanProcessing.czi,3,3,8,87,LC3-p62,dVPS37A,HEK,Torin,2
45,86,23,64,3,LC3-p62_HEK_dVPS37A_Torin_10Pos_2_AiryscanProcessing.czi,3,3,8,41,LC3-p62,dVPS37A,HEK,Torin,2
13,39,13,39,1,LC3-p62_HEK_dVPS37A_Torin_10Pos_2_AiryscanProcessing.czi,3,3,9,26,LC3-p62,dVPS37A,HEK,Torin,2
52,168,32,148,2,LC3-p62_HEK_dVPS37A_Torin_10Pos_2_AiryscanProcessing.czi,3,3,9,116,LC3-p62,dVPS37A,HEK,Torin,2
12,33,8,29,3,LC3-p62_HEK_dVPS37A_Torin_10Pos_2_AiryscanProcessing.czi,3,3,9,21,LC3-p62,dVPS37A,HEK,Torin,2
8,58,21,71,1,LC3-p62_HEK_dVPS37A_Torin_10Pos_2_AiryscanProcessing.czi,1,1,10,50,LC3-p62,dVPS37A,HEK,Torin,2
23,23,1,1,1,LC3-p62_HEK_dATG7_No Torin_10Pos_4_AiryscanProcessing.czi,3,3,1,0,LC3-p62,dATG7,HEK,No Torin,4
68,68,1,1,2,LC3-p62_HEK_dATG7_No Torin_10Pos_4_AiryscanProcessing.czi,3,3,1,0,LC3-p62,dATG7,HEK,No Torin,4
32,32,0,0,3,LC3-p62_HEK_dATG7_No Torin_10Pos_4_AiryscanProcessing.czi,3,3,1,0,LC3-p62,dATG7,HEK,No Torin,4
82,83,5,6,1,LC3-p62_HEK_dATG7_No Torin_10Pos_4_AiryscanProcessing.czi,2,2,2,1,LC3-p62,dATG7,HEK,No Torin,4
31,31,1,1,2,LC3-p62_HEK_dATG7_No Torin_10Pos_4_AiryscanProcessing.czi,2,2,2,0,LC3-p62,dATG7,HEK,No Torin,4
70,70,2,2,1,LC3-p62_HEK_dATG7_No Torin_10Pos_4_AiryscanProcessing.czi,4,4,3,0,LC3-p62,dATG7,HEK,No Torin,4
113,117,23,27,2,LC3-p62_HEK_dATG7_No Torin_10Pos_4_AiryscanProcessing.czi,4,4,3,4,LC3-p62,dATG7,HEK,No Torin,4
48,49,9,10,3,LC3-p62_HEK_dATG7_No Torin_10Pos_4_AiryscanProcessing.czi,4,4,3,1,LC3-p62,dATG7,HEK,No Torin,4
76,76,2,2,4,LC3-p62_HEK_dATG7_No Torin_10Pos_4_AiryscanProcessing.czi,4,4,3,0,LC3-p62,dATG7,HEK,No Torin,4
85,85,10,10,1,LC3-p62_HEK_dATG7_No Torin_10Pos_4_AiryscanProcessing.czi,1,1,4,0,LC3-p62,dATG7,HEK,No Torin,4
39,40,15,16,1,LC3-p62_HEK_dATG7_No Torin_10Pos_4_AiryscanProcessing.czi,2,3,5,1,LC3-p62,dATG7,HEK,No Torin,4
73,81,24,32,2,LC3-p62_HEK_dATG7_No Torin_10Pos_4_AiryscanProcessing.czi,2,3,5,8,LC3-p62,dATG7,HEK,No Torin,4
37,37,3,3,1,LC3-p62_HEK_dATG7_No Torin_10Pos_4_AiryscanProcessing.czi,2,2,6,0,LC3-p62,dATG7,HEK,No Torin,4
31,31,2,2,2,LC3-p62_HEK_dATG7_No Torin_10Pos_4_AiryscanProcessing.czi,2,2,6,0,LC3-p62,dATG7,HEK,No Torin,4
73,73,3,3,1,LC3-p62_HEK_dATG7_No Torin_10Pos_4_AiryscanProcessing.czi,1,1,7,0,LC3-p62,dATG7,HEK,No Torin,4
115,116,14,15,1,LC3-p62_HEK_dATG7_No Torin_10Pos_4_AiryscanProcessing.czi,1,1,8,1,LC3-p62,dATG7,HEK,No Torin,4
157,157,3,3,1,LC3-p62_HEK_dATG7_No Torin_10Pos_4_AiryscanProcessing.czi,1,1,9,0,LC3-p62,dATG7,HEK,No Torin,4
60,60,0,0,1,LC3-p62_HEK_dATG7_No Torin_10Pos_4_AiryscanProcessing.czi,2,2,10,0,LC3-p62,dATG7,HEK,No Torin,4
189,195,20,26,2,LC3-p62_HEK_dATG7_No Torin_10Pos_4_AiryscanProcessing.czi,2,2,10,6,LC3-p62,dATG7,HEK,No Torin,4
84,84,2,2,1,LC3-p62_HEK_dATG7_No Torin_10Pos_1_AiryscanProcessing.czi,2,3,1,0,LC3-p62,dATG7,HEK,No Torin,1
129,130,9,10,2,LC3-p62_HEK_dATG7_No Torin_10Pos_1_AiryscanProcessing.czi,2,3,1,1,LC3-p62,dATG7,HEK,No Torin,1
33,34,4,5,1,LC3-p62_HEK_dATG7_No Torin_10Pos_1_AiryscanProcessing.czi,2,2,2,1,LC3-p62,dATG7,HEK,No Torin,1
41,41,5,5,2,LC3-p62_HEK_dATG7_No Torin_10Pos_1_AiryscanProcessing.czi,2,2,2,0,LC3-p62,dATG7,HEK,No Torin,1
103,104,19,20,1,LC3-p62_HEK_dATG7_No Torin_10Pos_1_AiryscanProcessing.czi,2,2,3,1,LC3-p62,dATG7,HEK,No Torin,1
126,127,17,18,2,LC3-p62_HEK_dATG7_No Torin_10Pos_1_AiryscanProcessing.czi,2,2,3,1,LC3-p62,dATG7,HEK,No Torin,1
66,66,4,4,1,LC3-p62_HEK_dATG7_No Torin_10Pos_1_AiryscanProcessing.czi,1,1,4,0,LC3-p62,dATG7,HEK,No Torin,1
166,168,10,12,1,LC3-p62_HEK_dATG7_No Torin_10Pos_1_AiryscanProcessing.czi,1,1,5,2,LC3-p62,dATG7,HEK,No Torin,1
99,100,5,6,1,LC3-p62_HEK_dATG7_No Torin_10Pos_1_AiryscanProcessing.czi,2,2,6,1,LC3-p62,dATG7,HEK,No Torin,1
72,72,4,4,2,LC3-p62_HEK_dATG7_No Torin_10Pos_1_AiryscanProcessing.czi,2,2,6,0,LC3-p62,dATG7,HEK,No Torin,1
34,34,4,4,1,LC3-p62_HEK_dATG7_No Torin_10Pos_1_AiryscanProcessing.czi,1,1,7,0,LC3-p62,dATG7,HEK,No Torin,1
98,98,8,8,1,LC3-p62_HEK_dATG7_No Torin_10Pos_1_AiryscanProcessing.czi,2,4,8,0,LC3-p62,dATG7,HEK,No Torin,1
81,81,5,5,2,LC3-p62_HEK_dATG7_No Torin_10Pos_1_AiryscanProcessing.czi,2,4,8,0,LC3-p62,dATG7,HEK,No Torin,1
96,96,4,4,1,LC3-p62_HEK_dATG7_No Torin_10Pos_1_AiryscanProcessing.czi,2,2,9,0,LC3-p62,dATG7,HEK,No Torin,1
91,92,2,3,2,LC3-p62_HEK_dATG7_No Torin_10Pos_1_AiryscanProcessing.czi,2,2,9,1,LC3-p62,dATG7,HEK,No Torin,1
35,38,5,8,1,LC3-p62_HEK_dATG7_No Torin_10Pos_1_AiryscanProcessing.czi,1,1,10,3,LC3-p62,dATG7,HEK,No Torin,1
26,56,19,49,1,LC3-p62_HEK_dVPS37A_No Torin_10Pos_4_AiryscanProcessing.czi,3,3,1,30,LC3-p62,dVPS37A,HEK,No Torin,4
10,20,5,15,2,LC3-p62_HEK_dVPS37A_No Torin_10Pos_4_AiryscanProcessing.czi,3,3,1,10,LC3-p62,dVPS37A,HEK,No Torin,4
11,34,9,32,3,LC3-p62_HEK_dVPS37A_No Torin_10Pos_4_AiryscanProcessing.czi,3,3,1,23,LC3-p62,dVPS37A,HEK,No Torin,4
17,40,7,30,1,LC3-p62_HEK_dVPS37A_No Torin_10Pos_4_AiryscanProcessing.czi,2,2,2,23,LC3-p62,dVPS37A,HEK,No Torin,4
20,69,12,61,2,LC3-p62_HEK_dVPS37A_No Torin_10Pos_4_AiryscanProcessing.czi,2,2,2,49,LC3-p62,dVPS37A,HEK,No Torin,4
14,51,4,41,1,LC3-p62_HEK_dVPS37A_No Torin_10Pos_4_AiryscanProcessing.czi,3,3,3,37,LC3-p62,dVPS37A,HEK,No Torin,4
47,99,43,95,2,LC3-p62_HEK_dVPS37A_No Torin_10Pos_4_AiryscanProcessing.czi,3,3,3,52,LC3-p62,dVPS37A,HEK,No Torin,4
9,31,5,27,3,LC3-p62_HEK_dVPS37A_No Torin_10Pos_4_AiryscanProcessing.czi,3,3,3,22,LC3-p62,dVPS37A,HEK,No Torin,4
46,82,25,61,1,LC3-p62_HEK_dVPS37A_No Torin_10Pos_4_AiryscanProcessing.czi,3,3,4,36,LC3-p62,dVPS37A,HEK,No Torin,4
44,90,32,78,2,LC3-p62_HEK_dVPS37A_No Torin_10Pos_4_AiryscanProcessing.czi,3,3,4,46,LC3-p62,dVPS37A,HEK,No Torin,4
31,42,15,26,3,LC3-p62_HEK_dVPS37A_No Torin_10Pos_4_AiryscanProcessing.czi,3,3,4,11,LC3-p62,dVPS37A,HEK,No Torin,4
14,27,8,21,1,LC3-p62_HEK_dVPS37A_No Torin_10Pos_4_AiryscanProcessing.czi,4,4,5,13,LC3-p62,dVPS37A,HEK,No Torin,4
30,70,23,63,2,LC3-p62_HEK_dVPS37A_No Torin_10Pos_4_AiryscanProcessing.czi,4,4,5,40,LC3-p62,dVPS37A,HEK,No Torin,4
17,35,9,27,3,LC3-p62_HEK_dVPS37A_No Torin_10Pos_4_AiryscanProcessing.czi,4,4,5,18,LC3-p62,dVPS37A,HEK,No Torin,4
20,44,11,35,4,LC3-p62_HEK_dVPS37A_No Torin_10Pos_4_AiryscanProcessing.czi,4,4,5,24,LC3-p62,dVPS37A,HEK,No Torin,4
36,47,4,15,1,LC3-p62_HEK_dVPS37A_No Torin_10Pos_4_AiryscanProcessing.czi,2,2,6,11,LC3-p62,dVPS37A,HEK,No Torin,4
39,64,34,59,2,LC3-p62_HEK_dVPS37A_No Torin_10Pos_4_AiryscanProcessing.czi,2,2,6,25,LC3-p62,dVPS37A,HEK,No Torin,4
46,77,25,56,1,LC3-p62_HEK_dVPS37A_No Torin_10Pos_4_AiryscanProcessing.czi,2,2,7,31,LC3-p62,dVPS37A,HEK,No Torin,4
34,83,34,83,2,LC3-p62_HEK_dVPS37A_No Torin_10Pos_4_AiryscanProcessing.czi,2,2,7,49,LC3-p62,dVPS37A,HEK,No Torin,4
25,71,-1,45,1,LC3-p62_HEK_dVPS37A_No Torin_10Pos_4_AiryscanProcessing.czi,2,2,8,46,LC3-p62,dVPS37A,HEK,No Torin,4
21,52,9,40,2,LC3-p62_HEK_dVPS37A_No Torin_10Pos_4_AiryscanProcessing.czi,2,2,8,31,LC3-p62,dVPS37A,HEK,No Torin,4
21,54,17,50,1,LC3-p62_HEK_dVPS37A_No Torin_10Pos_4_AiryscanProcessing.czi,1,1,9,33,LC3-p62,dVPS37A,HEK,No Torin,4
9,16,11,18,1,LC3-p62_HEK_dVPS37A_No Torin_10Pos_4_AiryscanProcessing.czi,2,2,10,7,LC3-p62,dVPS37A,HEK,No Torin,4
17,49,32,64,2,LC3-p62_HEK_dVPS37A_No Torin_10Pos_4_AiryscanProcessing.czi,2,2,10,32,LC3-p62,dVPS37A,HEK,No Torin,4
0,0,102,102,1,LC3-p62_HEK_dp62_Torin_10Pos_4_AiryscanProcessing.czi,2,2,1,0,LC3-p62,dp62,HEK,Torin,4
0,0,113,113,2,LC3-p62_HEK_dp62_Torin_10Pos_4_AiryscanProcessing.czi,2,2,1,0,LC3-p62,dp62,HEK,Torin,4
0,0,75,75,1,LC3-p62_HEK_dp62_Torin_10Pos_4_AiryscanProcessing.czi,4,4,2,0,LC3-p62,dp62,HEK,Torin,4
0,0,55,55,2,LC3-p62_HEK_dp62_Torin_10Pos_4_AiryscanProcessing.czi,4,4,2,0,LC3-p62,dp62,HEK,Torin,4
1,1,97,97,3,LC3-p62_HEK_dp62_Torin_10Pos_4_AiryscanProcessing.czi,4,4,2,0,LC3-p62,dp62,HEK,Torin,4
4,4,29,29,4,LC3-p62_HEK_dp62_Torin_10Pos_4_AiryscanProcessing.czi,4,4,2,0,LC3-p62,dp62,HEK,Torin,4
0,0,76,76,1,LC3-p62_HEK_dp62_Torin_10Pos_4_AiryscanProcessing.czi,2,2,3,0,LC3-p62,dp62,HEK,Torin,4
0,0,67,67,2,LC3-p62_HEK_dp62_Torin_10Pos_4_AiryscanProcessing.czi,2,2,3,0,LC3-p62,dp62,HEK,Torin,4
0,0,72,72,1,LC3-p62_HEK_dp62_Torin_10Pos_4_AiryscanProcessing.czi,2,3,4,0,LC3-p62,dp62,HEK,Torin,4
0,0,60,60,2,LC3-p62_HEK_dp62_Torin_10Pos_4_AiryscanProcessing.czi,2,3,4,0,LC3-p62,dp62,HEK,Torin,4
0,0,106,106,1,LC3-p62_HEK_dp62_Torin_10Pos_4_AiryscanProcessing.czi,4,5,5,0,LC3-p62,dp62,HEK,Torin,4
0,0,60,60,2,LC3-p62_HEK_dp62_Torin_10Pos_4_AiryscanProcessing.czi,4,5,5,0,LC3-p62,dp62,HEK,Torin,4
0,0,67,67,3,LC3-p62_HEK_dp62_Torin_10Pos_4_AiryscanProcessing.czi,4,5,5,0,LC3-p62,dp62,HEK,Torin,4
1,1,9,9,4,LC3-p62_HEK_dp62_Torin_10Pos_4_AiryscanProcessing.czi,4,5,5,0,LC3-p62,dp62,HEK,Torin,4
0,0,125,125,1,LC3-p62_HEK_dp62_Torin_10Pos_4_AiryscanProcessing.czi,1,1,7,0,LC3-p62,dp62,HEK,Torin,4
0,0,117,117,1,LC3-p62_HEK_dp62_Torin_10Pos_4_AiryscanProcessing.czi,2,2,8,0,LC3-p62,dp62,HEK,Torin,4
0,0,73,73,2,LC3-p62_HEK_dp62_Torin_10Pos_4_AiryscanProcessing.czi,2,2,8,0,LC3-p62,dp62,HEK,Torin,4
0,0,96,96,1,LC3-p62_HEK_dp62_Torin_10Pos_4_AiryscanProcessing.czi,2,2,9,0,LC3-p62,dp62,HEK,Torin,4
0,0,83,83,2,LC3-p62_HEK_dp62_Torin_10Pos_4_AiryscanProcessing.czi,2,2,9,0,LC3-p62,dp62,HEK,Torin,4
0,0,63,63,1,LC3-p62_HEK_dp62_Torin_10Pos_4_AiryscanProcessing.czi,2,2,10,0,LC3-p62,dp62,HEK,Torin,4
0,0,67,67,2,LC3-p62_HEK_dp62_Torin_10Pos_4_AiryscanProcessing.czi,2,2,10,0,LC3-p62,dp62,HEK,Torin,4
61,61,5,5,1,LC3-p62_HEK_dATG7_Torin_10Pos_1_AiryscanProcessing.czi,2,2,1,0,LC3-p62,dATG7,HEK,Torin,1
52,52,0,0,2,LC3-p62_HEK_dATG7_Torin_10Pos_1_AiryscanProcessing.czi,2,2,1,0,LC3-p62,dATG7,HEK,Torin,1
99,99,0,0,1,LC3-p62_HEK_dATG7_Torin_10Pos_1_AiryscanProcessing.czi,2,3,2,0,LC3-p62,dATG7,HEK,Torin,1
63,63,2,2,2,LC3-p62_HEK_dATG7_Torin_10Pos_1_AiryscanProcessing.czi,2,3,2,0,LC3-p62,dATG7,HEK,Torin,1
78,78,2,2,1,LC3-p62_HEK_dATG7_Torin_10Pos_1_AiryscanProcessing.czi,1,1,3,0,LC3-p62,dATG7,HEK,Torin,1
26,26,0,0,1,LC3-p62_HEK_dATG7_Torin_10Pos_1_AiryscanProcessing.czi,3,3,4,0,LC3-p62,dATG7,HEK,Torin,1
53,53,3,3,2,LC3-p62_HEK_dATG7_Torin_10Pos_1_AiryscanProcessing.czi,3,3,4,0,LC3-p62,dATG7,HEK,Torin,1
55,56,3,4,3,LC3-p62_HEK_dATG7_Torin_10Pos_1_AiryscanProcessing.czi,3,3,4,1,LC3-p62,dATG7,HEK,Torin,1
84,89,5,10,1,LC3-p62_HEK_dATG7_Torin_10Pos_1_AiryscanProcessing.czi,4,4,5,5,LC3-p62,dATG7,HEK,Torin,1
39,40,0,1,2,LC3-p62_HEK_dATG7_Torin_10Pos_1_AiryscanProcessing.czi,4,4,5,1,LC3-p62,dATG7,HEK,Torin,1
34,34,2,2,3,LC3-p62_HEK_dATG7_Torin_10Pos_1_AiryscanProcessing.czi,4,4,5,0,LC3-p62,dATG7,HEK,Torin,1
58,60,6,8,4,LC3-p62_HEK_dATG7_Torin_10Pos_1_AiryscanProcessing.czi,4,4,5,2,LC3-p62,dATG7,HEK,Torin,1
81,81,1,1,1,LC3-p62_HEK_dATG7_Torin_10Pos_1_AiryscanProcessing.czi,1,1,6,0,LC3-p62,dATG7,HEK,Torin,1
52,53,8,9,1,LC3-p62_HEK_dATG7_Torin_10Pos_1_AiryscanProcessing.czi,2,3,7,1,LC3-p62,dATG7,HEK,Torin,1
166,170,15,19,2,LC3-p62_HEK_dATG7_Torin_10Pos_1_AiryscanProcessing.czi,2,3,7,4,LC3-p62,dATG7,HEK,Torin,1
28,28,2,2,1,LC3-p62_HEK_dATG7_Torin_10Pos_1_AiryscanProcessing.czi,2,2,8,0,LC3-p62,dATG7,HEK,Torin,1
47,48,7,8,2,LC3-p62_HEK_dATG7_Torin_10Pos_1_AiryscanProcessing.czi,2,2,8,1,LC3-p62,dATG7,HEK,Torin,1
61,61,0,0,1,LC3-p62_HEK_dATG7_Torin_10Pos_1_AiryscanProcessing.czi,2,3,10,0,LC3-p62,dATG7,HEK,Torin,1
87,87,10,10,2,LC3-p62_HEK_dATG7_Torin_10Pos_1_AiryscanProcessing.czi,2,3,10,0,LC3-p62,dATG7,HEK,Torin,1
14,55,21,62,1,LC3-p62_HEK_dVPS37A_Torin_10Pos_4_AiryscanProcessing.czi,2,2,1,41,LC3-p62,dVPS37A,HEK,Torin,4
12,54,43,85,2,LC3-p62_HEK_dVPS37A_Torin_10Pos_4_AiryscanProcessing.czi,2,2,1,42,LC3-p62,dVPS37A,HEK,Torin,4
63,101,17,55,1,LC3-p62_HEK_dVPS37A_Torin_10Pos_4_AiryscanProcessing.czi,1,1,2,38,LC3-p62,dVPS37A,HEK,Torin,4
13,67,36,90,1,LC3-p62_HEK_dVPS37A_Torin_10Pos_4_AiryscanProcessing.czi,2,2,3,54,LC3-p62,dVPS37A,HEK,Torin,4
17,62,17,62,2,LC3-p62_HEK_dVPS37A_Torin_10Pos_4_AiryscanProcessing.czi,2,2,3,45,LC3-p62,dVPS37A,HEK,Torin,4
21,120,32,131,1,LC3-p62_HEK_dVPS37A_Torin_10Pos_4_AiryscanProcessing.czi,2,2,4,99,LC3-p62,dVPS37A,HEK,Torin,4
23,58,9,44,2,LC3-p62_HEK_dVPS37A_Torin_10Pos_4_AiryscanProcessing.czi,2,2,4,35,LC3-p62,dVPS37A,HEK,Torin,4
33,102,53,122,1,LC3-p62_HEK_dVPS37A_Torin_10Pos_4_AiryscanProcessing.czi,1,1,5,69,LC3-p62,dVPS37A,HEK,Torin,4
25,95,46,116,1,LC3-p62_HEK_dVPS37A_Torin_10Pos_4_AiryscanProcessing.czi,2,2,6,70,LC3-p62,dVPS37A,HEK,Torin,4
10,26,11,27,2,LC3-p62_HEK_dVPS37A_Torin_10Pos_4_AiryscanProcessing.czi,2,2,6,16,LC3-p62,dVPS37A,HEK,Torin,4
20,65,41,86,1,LC3-p62_HEK_dVPS37A_Torin_10Pos_4_AiryscanProcessing.czi,2,2,7,45,LC3-p62,dVPS37A,HEK,Torin,4
23,57,12,46,2,LC3-p62_HEK_dVPS37A_Torin_10Pos_4_AiryscanProcessing.czi,2,2,7,34,LC3-p62,dVPS37A,HEK,Torin,4
6,13,14,21,1,LC3-p62_HEK_dVPS37A_Torin_10Pos_4_AiryscanProcessing.czi,3,3,8,7,LC3-p62,dVPS37A,HEK,Torin,4
3,20,24,41,2,LC3-p62_HEK_dVPS37A_Torin_10Pos_4_AiryscanProcessing.czi,3,3,8,17,LC3-p62,dVPS37A,HEK,Torin,4
14,48,45,79,3,LC3-p62_HEK_dVPS37A_Torin_10Pos_4_AiryscanProcessing.czi,3,3,8,34,LC3-p62,dVPS37A,HEK,Torin,4
19,65,26,72,1,LC3-p62_HEK_dVPS37A_Torin_10Pos_4_AiryscanProcessing.czi,4,5,9,46,LC3-p62,dVPS37A,HEK,Torin,4
21,87,18,84,2,LC3-p62_HEK_dVPS37A_Torin_10Pos_4_AiryscanProcessing.czi,4,5,9,66,LC3-p62,dVPS37A,HEK,Torin,4
21,84,24,87,3,LC3-p62_HEK_dVPS37A_Torin_10Pos_4_AiryscanProcessing.czi,4,5,9,63,LC3-p62,dVPS37A,HEK,Torin,4
15,59,14,58,4,LC3-p62_HEK_dVPS37A_Torin_10Pos_4_AiryscanProcessing.czi,4,5,9,44,LC3-p62,dVPS37A,HEK,Torin,4
13,57,46,90,1,LC3-p62_HEK_dVPS37A_Torin_10Pos_4_AiryscanProcessing.czi,1,1,10,44,LC3-p62,dVPS37A,HEK,Torin,4
3,6,69,72,1,LC3-p62_HEK_WT_Torin_10Pos_3_AiryscanProcessing.czi,1,3,1,3,LC3-p62,WT,HEK,Torin,3
0,1,56,57,1,LC3-p62_HEK_WT_Torin_10Pos_3_AiryscanProcessing.czi,2,2,2,1,LC3-p62,WT,HEK,Torin,3
1,3,85,87,2,LC3-p62_HEK_WT_Torin_10Pos_3_AiryscanProcessing.czi,2,2,2,2,LC3-p62,WT,HEK,Torin,3
6,31,114,139,1,LC3-p62_HEK_WT_Torin_10Pos_3_AiryscanProcessing.czi,2,2,3,25,LC3-p62,WT,HEK,Torin,3
2,16,122,136,2,LC3-p62_HEK_WT_Torin_10Pos_3_AiryscanProcessing.czi,2,2,3,14,LC3-p62,WT,HEK,Torin,3
1,10,89,98,1,LC3-p62_HEK_WT_Torin_10Pos_3_AiryscanProcessing.czi,2,2,4,9,LC3-p62,WT,HEK,Torin,3
2,22,50,70,2,LC3-p62_HEK_WT_Torin_10Pos_3_AiryscanProcessing.czi,2,2,4,20,LC3-p62,WT,HEK,Torin,3
4,34,47,77,1,LC3-p62_HEK_WT_Torin_10Pos_3_AiryscanProcessing.czi,1,1,5,30,LC3-p62,WT,HEK,Torin,3
2,7,67,72,1,LC3-p62_HEK_WT_Torin_10Pos_3_AiryscanProcessing.czi,2,2,6,5,LC3-p62,WT,HEK,Torin,3
3,10,69,76,2,LC3-p62_HEK_WT_Torin_10Pos_3_AiryscanProcessing.czi,2,2,6,7,LC3-p62,WT,HEK,Torin,3
5,33,197,225,1,LC3-p62_HEK_WT_Torin_10Pos_3_AiryscanProcessing.czi,1,1,7,28,LC3-p62,WT,HEK,Torin,3
13,63,200,250,1,LC3-p62_HEK_WT_Torin_10Pos_3_AiryscanProcessing.czi,1,2,8,50,LC3-p62,WT,HEK,Torin,3
0,10,78,88,1,LC3-p62_HEK_WT_Torin_10Pos_3_AiryscanProcessing.czi,7,7,9,10,LC3-p62,WT,HEK,Torin,3
3,8,29,34,2,LC3-p62_HEK_WT_Torin_10Pos_3_AiryscanProcessing.czi,7,7,9,5,LC3-p62,WT,HEK,Torin,3
0,5,46,51,3,LC3-p62_HEK_WT_Torin_10Pos_3_AiryscanProcessing.czi,7,7,9,5,LC3-p62,WT,HEK,Torin,3
2,20,92,110,4,LC3-p62_HEK_WT_Torin_10Pos_3_AiryscanProcessing.czi,7,7,9,18,LC3-p62,WT,HEK,Torin,3
4,11,39,46,5,LC3-p62_HEK_WT_Torin_10Pos_3_AiryscanProcessing.czi,7,7,9,7,LC3-p62,WT,HEK,Torin,3
0,6,31,37,6,LC3-p62_HEK_WT_Torin_10Pos_3_AiryscanProcessing.czi,7,7,9,6,LC3-p62,WT,HEK,Torin,3
2,6,41,45,7,LC3-p62_HEK_WT_Torin_10Pos_3_AiryscanProcessing.czi,7,7,9,4,LC3-p62,WT,HEK,Torin,3
0,15,97,112,1,LC3-p62_HEK_WT_Torin_10Pos_3_AiryscanProcessing.czi,2,2,10,15,LC3-p62,WT,HEK,Torin,3
0,6,97,103,2,LC3-p62_HEK_WT_Torin_10Pos_3_AiryscanProcessing.czi,2,2,10,6,LC3-p62,WT,HEK,Torin,3
13,61,73,121,1,LC3-p62_HEK_dTMEM_No Torin_10Pos_2_AiryscanProcessing.czi,1,1,1,48,LC3-p62,dTMEM,HEK,No Torin,2
11,45,35,69,1,LC3-p62_HEK_dTMEM_No Torin_10Pos_2_AiryscanProcessing.czi,1,3,2,34,LC3-p62,dTMEM,HEK,No Torin,2
28,77,33,82,1,LC3-p62_HEK_dTMEM_No Torin_10Pos_2_AiryscanProcessing.czi,2,2,3,49,LC3-p62,dTMEM,HEK,No Torin,2
24,92,51,119,2,LC3-p62_HEK_dTMEM_No Torin_10Pos_2_AiryscanProcessing.czi,2,2,3,68,LC3-p62,dTMEM,HEK,No Torin,2
27,100,9,82,1,LC3-p62_HEK_dTMEM_No Torin_10Pos_2_AiryscanProcessing.czi,2,2,4,73,LC3-p62,dTMEM,HEK,No Torin,2
32,111,10,89,2,LC3-p62_HEK_dTMEM_No Torin_10Pos_2_AiryscanProcessing.czi,2,2,4,79,LC3-p62,dTMEM,HEK,No Torin,2
31,93,6,68,1,LC3-p62_HEK_dTMEM_No Torin_10Pos_2_AiryscanProcessing.czi,2,2,5,62,LC3-p62,dTMEM,HEK,No Torin,2
26,102,27,103,2,LC3-p62_HEK_dTMEM_No Torin_10Pos_2_AiryscanProcessing.czi,2,2,5,76,LC3-p62,dTMEM,HEK,No Torin,2
22,113,59,150,1,LC3-p62_HEK_dTMEM_No Torin_10Pos_2_AiryscanProcessing.czi,1,1,6,91,LC3-p62,dTMEM,HEK,No Torin,2
24,111,14,101,1,LC3-p62_HEK_dTMEM_No Torin_10Pos_2_AiryscanProcessing.czi,1,1,7,87,LC3-p62,dTMEM,HEK,No Torin,2
41,143,55,157,1,LC3-p62_HEK_dTMEM_No Torin_10Pos_2_AiryscanProcessing.czi,1,1,8,102,LC3-p62,dTMEM,HEK,No Torin,2
22,80,68,126,1,LC3-p62_HEK_dTMEM_No Torin_10Pos_2_AiryscanProcessing.czi,2,2,9,58,LC3-p62,dTMEM,HEK,No Torin,2
21,88,45,112,2,LC3-p62_HEK_dTMEM_No Torin_10Pos_2_AiryscanProcessing.czi,2,2,9,67,LC3-p62,dTMEM,HEK,No Torin,2
68,172,38,142,1,LC3-p62_HEK_dTMEM_No Torin_10Pos_2_AiryscanProcessing.czi,2,2,10,104,LC3-p62,dTMEM,HEK,No Torin,2
40,123,26,109,2,LC3-p62_HEK_dTMEM_No Torin_10Pos_2_AiryscanProcessing.czi,2,2,10,83,LC3-p62,dTMEM,HEK,No Torin,2
11,17,7,13,1,LC3-p62_HEK_dVPS37A_No Torin_10Pos_1_AiryscanProcessing.czi,2,2,1,6,LC3-p62,dVPS37A,HEK,No Torin,1
27,52,1,26,2,LC3-p62_HEK_dVPS37A_No Torin_10Pos_1_AiryscanProcessing.czi,2,2,1,25,LC3-p62,dVPS37A,HEK,No Torin,1
25,57,26,58,1,LC3-p62_HEK_dVPS37A_No Torin_10Pos_1_AiryscanProcessing.czi,3,3,2,32,LC3-p62,dVPS37A,HEK,No Torin,1
31,61,12,42,2,LC3-p62_HEK_dVPS37A_No Torin_10Pos_1_AiryscanProcessing.czi,3,3,2,30,LC3-p62,dVPS37A,HEK,No Torin,1
12,25,8,21,3,LC3-p62_HEK_dVPS37A_No Torin_10Pos_1_AiryscanProcessing.czi,3,3,2,13,LC3-p62,dVPS37A,HEK,No Torin,1
9,48,11,50,1,LC3-p62_HEK_dVPS37A_No Torin_10Pos_1_AiryscanProcessing.czi,4,4,3,39,LC3-p62,dVPS37A,HEK,No Torin,1
16,40,9,33,2,LC3-p62_HEK_dVPS37A_No Torin_10Pos_1_AiryscanProcessing.czi,4,4,3,24,LC3-p62,dVPS37A,HEK,No Torin,1
16,25,8,17,3,LC3-p62_HEK_dVPS37A_No Torin_10Pos_1_AiryscanProcessing.czi,4,4,3,9,LC3-p62,dVPS37A,HEK,No Torin,1
7,32,11,36,4,LC3-p62_HEK_dVPS37A_No Torin_10Pos_1_AiryscanProcessing.czi,4,4,3,25,LC3-p62,dVPS37A,HEK,No Torin,1
29,64,18,53,1,LC3-p62_HEK_dVPS37A_No Torin_10Pos_1_AiryscanProcessing.czi,3,6,4,35,LC3-p62,dVPS37A,HEK,No Torin,1
18,66,22,70,2,LC3-p62_HEK_dVPS37A_No Torin_10Pos_1_AiryscanProcessing.czi,3,6,4,48,LC3-p62,dVPS37A,HEK,No Torin,1
16,39,10,33,3,LC3-p62_HEK_dVPS37A_No Torin_10Pos_1_AiryscanProcessing.czi,3,6,4,23,LC3-p62,dVPS37A,HEK,No Torin,1
14,46,14,46,1,LC3-p62_HEK_dVPS37A_No Torin_10Pos_1_AiryscanProcessing.czi,2,2,5,32,LC3-p62,dVPS37A,HEK,No Torin,1
21,47,6,32,2,LC3-p62_HEK_dVPS37A_No Torin_10Pos_1_AiryscanProcessing.czi,2,2,5,26,LC3-p62,dVPS37A,HEK,No Torin,1
15,36,9,30,1,LC3-p62_HEK_dVPS37A_No Torin_10Pos_1_AiryscanProcessing.czi,2,2,6,21,LC3-p62,dVPS37A,HEK,No Torin,1
10,43,31,64,2,LC3-p62_HEK_dVPS37A_No Torin_10Pos_1_AiryscanProcessing.czi,2,2,6,33,LC3-p62,dVPS37A,HEK,No Torin,1
7,23,13,29,1,LC3-p62_HEK_dVPS37A_No Torin_10Pos_1_AiryscanProcessing.czi,2,2,7,16,LC3-p62,dVPS37A,HEK,No Torin,1
48,76,13,41,2,LC3-p62_HEK_dVPS37A_No Torin_10Pos_1_AiryscanProcessing.czi,2,2,7,28,LC3-p62,dVPS37A,HEK,No Torin,1
78,115,24,61,1,LC3-p62_HEK_dVPS37A_No Torin_10Pos_1_AiryscanProcessing.czi,3,3,8,37,LC3-p62,dVPS37A,HEK,No Torin,1
29,78,31,80,2,LC3-p62_HEK_dVPS37A_No Torin_10Pos_1_AiryscanProcessing.czi,3,3,8,49,LC3-p62,dVPS37A,HEK,No Torin,1
30,52,7,29,3,LC3-p62_HEK_dVPS37A_No Torin_10Pos_1_AiryscanProcessing.czi,3,3,8,22,LC3-p62,dVPS37A,HEK,No Torin,1
16,66,25,75,1,LC3-p62_HEK_dVPS37A_No Torin_10Pos_1_AiryscanProcessing.czi,2,2,9,50,LC3-p62,dVPS37A,HEK,No Torin,1
10,35,22,47,2,LC3-p62_HEK_dVPS37A_No Torin_10Pos_1_AiryscanProcessing.czi,2,2,9,25,LC3-p62,dVPS37A,HEK,No Torin,1
16,40,12,36,1,LC3-p62_HEK_dVPS37A_No Torin_10Pos_1_AiryscanProcessing.czi,2,2,10,24,LC3-p62,dVPS37A,HEK,No Torin,1
29,85,18,74,2,LC3-p62_HEK_dVPS37A_No Torin_10Pos_1_AiryscanProcessing.czi,2,2,10,56,LC3-p62,dVPS37A,HEK,No Torin,1
4,32,137,165,1,LC3-p62_HEK_WT_Torin_10Pos_2_AiryscanProcessing.czi,1,1,1,28,LC3-p62,WT,HEK,Torin,2
3,33,143,173,1,LC3-p62_HEK_WT_Torin_10Pos_2_AiryscanProcessing.czi,1,1,2,30,LC3-p62,WT,HEK,Torin,2
2,19,66,83,1,LC3-p62_HEK_WT_Torin_10Pos_2_AiryscanProcessing.czi,3,3,3,17,LC3-p62,WT,HEK,Torin,2
1,10,45,54,2,LC3-p62_HEK_WT_Torin_10Pos_2_AiryscanProcessing.czi,3,3,3,9,LC3-p62,WT,HEK,Torin,2
1,6,41,46,3,LC3-p62_HEK_WT_Torin_10Pos_2_AiryscanProcessing.czi,3,3,3,5,LC3-p62,WT,HEK,Torin,2
4,9,82,87,1,LC3-p62_HEK_WT_Torin_10Pos_2_AiryscanProcessing.czi,2,3,4,5,LC3-p62,WT,HEK,Torin,2
1,10,112,121,2,LC3-p62_HEK_WT_Torin_10Pos_2_AiryscanProcessing.czi,2,3,4,9,LC3-p62,WT,HEK,Torin,2
12,33,79,100,1,LC3-p62_HEK_WT_Torin_10Pos_2_AiryscanProcessing.czi,2,2,5,21,LC3-p62,WT,HEK,Torin,2
4,22,102,120,2,LC3-p62_HEK_WT_Torin_10Pos_2_AiryscanProcessing.czi,2,2,5,18,LC3-p62,WT,HEK,Torin,2
2,10,66,74,1,LC3-p62_HEK_WT_Torin_10Pos_2_AiryscanProcessing.czi,2,2,6,8,LC3-p62,WT,HEK,Torin,2
2,16,81,95,2,LC3-p62_HEK_WT_Torin_10Pos_2_AiryscanProcessing.czi,2,2,6,14,LC3-p62,WT,HEK,Torin,2
6,22,91,107,1,LC3-p62_HEK_WT_Torin_10Pos_2_AiryscanProcessing.czi,1,1,7,16,LC3-p62,WT,HEK,Torin,2
7,21,47,61,1,LC3-p62_HEK_WT_Torin_10Pos_2_AiryscanProcessing.czi,2,2,8,14,LC3-p62,WT,HEK,Torin,2
2,18,61,77,2,LC3-p62_HEK_WT_Torin_10Pos_2_AiryscanProcessing.czi,2,2,8,16,LC3-p62,WT,HEK,Torin,2
8,42,82,116,1,LC3-p62_HEK_WT_Torin_10Pos_2_AiryscanProcessing.czi,1,2,9,34,LC3-p62,WT,HEK,Torin,2
1,13,58,70,1,LC3-p62_HEK_WT_Torin_10Pos_2_AiryscanProcessing.czi,2,2,10,12,LC3-p62,WT,HEK,Torin,2
1,20,74,93,2,LC3-p62_HEK_WT_Torin_10Pos_2_AiryscanProcessing.czi,2,2,10,19,LC3-p62,WT,HEK,Torin,2
10,58,58,106,1,LC3-p62_HEK_dTMEM_No Torin_10Pos_4_AiryscanProcessing.czi,2,2,1,48,LC3-p62,dTMEM,HEK,No Torin,4
22,90,75,143,2,LC3-p62_HEK_dTMEM_No Torin_10Pos_4_AiryscanProcessing.czi,2,2,1,68,LC3-p62,dTMEM,HEK,No Torin,4
16,77,39,100,1,LC3-p62_HEK_dTMEM_No Torin_10Pos_4_AiryscanProcessing.czi,2,2,2,61,LC3-p62,dTMEM,HEK,No Torin,4
13,83,77,147,2,LC3-p62_HEK_dTMEM_No Torin_10Pos_4_AiryscanProcessing.czi,2,2,2,70,LC3-p62,dTMEM,HEK,No Torin,4
46,144,80,178,1,LC3-p62_HEK_dTMEM_No Torin_10Pos_4_AiryscanProcessing.czi,2,2,3,98,LC3-p62,dTMEM,HEK,No Torin,4
60,188,92,220,2,LC3-p62_HEK_dTMEM_No Torin_10Pos_4_AiryscanProcessing.czi,2,2,3,128,LC3-p62,dTMEM,HEK,No Torin,4
50,148,50,148,1,LC3-p62_HEK_dTMEM_No Torin_10Pos_4_AiryscanProcessing.czi,1,2,4,98,LC3-p62,dTMEM,HEK,No Torin,4
23,101,58,136,1,LC3-p62_HEK_dTMEM_No Torin_10Pos_4_AiryscanProcessing.czi,1,2,5,78,LC3-p62,dTMEM,HEK,No Torin,4
20,86,9,75,1,LC3-p62_HEK_dTMEM_No Torin_10Pos_4_AiryscanProcessing.czi,3,3,6,66,LC3-p62,dTMEM,HEK,No Torin,4
30,74,11,55,2,LC3-p62_HEK_dTMEM_No Torin_10Pos_4_AiryscanProcessing.czi,3,3,6,44,LC3-p62,dTMEM,HEK,No Torin,4
10,57,9,56,3,LC3-p62_HEK_dTMEM_No Torin_10Pos_4_AiryscanProcessing.czi,3,3,6,47,LC3-p62,dTMEM,HEK,No Torin,4
55,200,46,191,1,LC3-p62_HEK_dTMEM_No Torin_10Pos_4_AiryscanProcessing.czi,1,1,7,145,LC3-p62,dTMEM,HEK,No Torin,4
35,113,31,109,1,LC3-p62_HEK_dTMEM_No Torin_10Pos_4_AiryscanProcessing.czi,2,2,8,78,LC3-p62,dTMEM,HEK,No Torin,4
22,59,14,51,2,LC3-p62_HEK_dTMEM_No Torin_10Pos_4_AiryscanProcessing.czi,2,2,8,37,LC3-p62,dTMEM,HEK,No Torin,4
39,83,37,81,1,LC3-p62_HEK_dTMEM_No Torin_10Pos_4_AiryscanProcessing.czi,2,2,9,44,LC3-p62,dTMEM,HEK,No Torin,4
27,64,39,76,2,LC3-p62_HEK_dTMEM_No Torin_10Pos_4_AiryscanProcessing.czi,2,2,9,37,LC3-p62,dTMEM,HEK,No Torin,4
46,173,34,161,1,LC3-p62_HEK_dTMEM_No Torin_10Pos_4_AiryscanProcessing.czi,4,4,10,127,LC3-p62,dTMEM,HEK,No Torin,4
19,82,20,83,2,LC3-p62_HEK_dTMEM_No Torin_10Pos_4_AiryscanProcessing.czi,4,4,10,63,LC3-p62,dTMEM,HEK,No Torin,4
23,89,16,82,3,LC3-p62_HEK_dTMEM_No Torin_10Pos_4_AiryscanProcessing.czi,4,4,10,66,LC3-p62,dTMEM,HEK,No Torin,4
24,71,26,73,4,LC3-p62_HEK_dTMEM_No Torin_10Pos_4_AiryscanProcessing.czi,4,4,10,47,LC3-p62,dTMEM,HEK,No Torin,4
1,12,75,86,1,LC3-p62_HEK_WT_Torin_10Pos_1_AiryscanProcessing.czi,2,2,1,11,LC3-p62,WT,HEK,Torin,1
4,12,92,100,2,LC3-p62_HEK_WT_Torin_10Pos_1_AiryscanProcessing.czi,2,2,1,8,LC3-p62,WT,HEK,Torin,1
10,30,78,98,1,LC3-p62_HEK_WT_Torin_10Pos_1_AiryscanProcessing.czi,3,4,2,20,LC3-p62,WT,HEK,Torin,1
4,26,106,128,2,LC3-p62_HEK_WT_Torin_10Pos_1_AiryscanProcessing.czi,3,4,2,22,LC3-p62,WT,HEK,Torin,1
10,30,101,121,3,LC3-p62_HEK_WT_Torin_10Pos_1_AiryscanProcessing.czi,3,4,2,20,LC3-p62,WT,HEK,Torin,1
0,4,48,52,1,LC3-p62_HEK_WT_Torin_10Pos_1_AiryscanProcessing.czi,2,2,3,4,LC3-p62,WT,HEK,Torin,1
1,2,49,50,2,LC3-p62_HEK_WT_Torin_10Pos_1_AiryscanProcessing.czi,2,2,3,1,LC3-p62,WT,HEK,Torin,1
3,7,44,48,1,LC3-p62_HEK_WT_Torin_10Pos_1_AiryscanProcessing.czi,2,2,4,4,LC3-p62,WT,HEK,Torin,1
1,6,41,46,2,LC3-p62_HEK_WT_Torin_10Pos_1_AiryscanProcessing.czi,2,2,4,5,LC3-p62,WT,HEK,Torin,1
3,11,80,88,1,LC3-p62_HEK_WT_Torin_10Pos_1_AiryscanProcessing.czi,2,2,5,8,LC3-p62,WT,HEK,Torin,1
6,36,172,202,2,LC3-p62_HEK_WT_Torin_10Pos_1_AiryscanProcessing.czi,2,2,5,30,LC3-p62,WT,HEK,Torin,1
0,6,41,47,1,LC3-p62_HEK_WT_Torin_10Pos_1_AiryscanProcessing.czi,2,2,6,6,LC3-p62,WT,HEK,Torin,1
1,6,41,46,2,LC3-p62_HEK_WT_Torin_10Pos_1_AiryscanProcessing.czi,2,2,6,5,LC3-p62,WT,HEK,Torin,1
2,5,65,68,1,LC3-p62_HEK_WT_Torin_10Pos_1_AiryscanProcessing.czi,2,2,7,3,LC3-p62,WT,HEK,Torin,1
0,8,99,107,2,LC3-p62_HEK_WT_Torin_10Pos_1_AiryscanProcessing.czi,2,2,7,8,LC3-p62,WT,HEK,Torin,1
1,12,40,51,1,LC3-p62_HEK_WT_Torin_10Pos_1_AiryscanProcessing.czi,2,3,8,11,LC3-p62,WT,HEK,Torin,1
5,20,25,40,2,LC3-p62_HEK_WT_Torin_10Pos_1_AiryscanProcessing.czi,2,3,8,15,LC3-p62,WT,HEK,Torin,1
5,31,66,92,1,LC3-p62_HEK_WT_Torin_10Pos_1_AiryscanProcessing.czi,1,1,9,26,LC3-p62,WT,HEK,Torin,1
3,16,127,140,1,LC3-p62_HEK_WT_Torin_10Pos_1_AiryscanProcessing.czi,1,2,10,13,LC3-p62,WT,HEK,Torin,1
51,51,0,0,1,LC3-p62_HEK_dATG7_Torin_10Pos_4_AiryscanProcessing.czi,2,2,1,0,LC3-p62,dATG7,HEK,Torin,4
65,65,3,3,2,LC3-p62_HEK_dATG7_Torin_10Pos_4_AiryscanProcessing.czi,2,2,1,0,LC3-p62,dATG7,HEK,Torin,4
68,69,6,7,1,LC3-p62_HEK_dATG7_Torin_10Pos_4_AiryscanProcessing.czi,1,2,2,1,LC3-p62,dATG7,HEK,Torin,4
53,53,5,5,1,LC3-p62_HEK_dATG7_Torin_10Pos_4_AiryscanProcessing.czi,3,3,4,0,LC3-p62,dATG7,HEK,Torin,4
52,52,12,12,2,LC3-p62_HEK_dATG7_Torin_10Pos_4_AiryscanProcessing.czi,3,3,4,0,LC3-p62,dATG7,HEK,Torin,4
201,203,34,36,3,LC3-p62_HEK_dATG7_Torin_10Pos_4_AiryscanProcessing.czi,3,3,4,2,LC3-p62,dATG7,HEK,Torin,4
70,72,11,13,1,LC3-p62_HEK_dATG7_Torin_10Pos_4_AiryscanProcessing.czi,4,5,5,2,LC3-p62,dATG7,HEK,Torin,4
66,67,9,10,2,LC3-p62_HEK_dATG7_Torin_10Pos_4_AiryscanProcessing.czi,4,5,5,1,LC3-p62,dATG7,HEK,Torin,4
163,166,31,34,3,LC3-p62_HEK_dATG7_Torin_10Pos_4_AiryscanProcessing.czi,4,5,5,3,LC3-p62,dATG7,HEK,Torin,4
19,19,12,12,4,LC3-p62_HEK_dATG7_Torin_10Pos_4_AiryscanProcessing.czi,4,5,5,0,LC3-p62,dATG7,HEK,Torin,4
226,238,63,75,1,LC3-p62_HEK_dATG7_Torin_10Pos_4_AiryscanProcessing.czi,1,1,6,12,LC3-p62,dATG7,HEK,Torin,4
48,49,10,11,1,LC3-p62_HEK_dATG7_Torin_10Pos_4_AiryscanProcessing.czi,2,2,7,1,LC3-p62,dATG7,HEK,Torin,4
54,55,6,7,2,LC3-p62_HEK_dATG7_Torin_10Pos_4_AiryscanProcessing.czi,2,2,7,1,LC3-p62,dATG7,HEK,Torin,4
173,173,16,16,1,LC3-p62_HEK_dATG7_Torin_10Pos_4_AiryscanProcessing.czi,1,1,8,0,LC3-p62,dATG7,HEK,Torin,4
81,81,2,2,1,LC3-p62_HEK_dATG7_Torin_10Pos_4_AiryscanProcessing.czi,2,2,9,0,LC3-p62,dATG7,HEK,Torin,4
63,63,2,2,2,LC3-p62_HEK_dATG7_Torin_10Pos_4_AiryscanProcessing.czi,2,2,9,0,LC3-p62,dATG7,HEK,Torin,4
74,74,14,14,1,LC3-p62_HEK_dATG7_Torin_10Pos_4_AiryscanProcessing.czi,2,2,10,0,LC3-p62,dATG7,HEK,Torin,4
100,101,19,20,2,LC3-p62_HEK_dATG7_Torin_10Pos_4_AiryscanProcessing.czi,2,2,10,1,LC3-p62,dATG7,HEK,Torin,4
30,100,25,95,1,LC3-p62_HEK_dTMEM_No Torin_10Pos_1_AiryscanProcessing.czi,1,1,1,70,LC3-p62,dTMEM,HEK,No Torin,1
30,88,50,108,1,LC3-p62_HEK_dTMEM_No Torin_10Pos_1_AiryscanProcessing.czi,1,1,2,58,LC3-p62,dTMEM,HEK,No Torin,1
80,183,45,148,1,LC3-p62_HEK_dTMEM_No Torin_10Pos_1_AiryscanProcessing.czi,1,1,3,103,LC3-p62,dTMEM,HEK,No Torin,1
74,161,62,149,1,LC3-p62_HEK_dTMEM_No Torin_10Pos_1_AiryscanProcessing.czi,1,2,4,87,LC3-p62,dTMEM,HEK,No Torin,1
17,80,147,210,1,LC3-p62_HEK_dTMEM_No Torin_10Pos_1_AiryscanProcessing.czi,1,2,5,63,LC3-p62,dTMEM,HEK,No Torin,1
106,189,67,150,1,LC3-p62_HEK_dTMEM_No Torin_10Pos_1_AiryscanProcessing.czi,1,1,6,83,LC3-p62,dTMEM,HEK,No Torin,1
23,68,15,60,1,LC3-p62_HEK_dTMEM_No Torin_10Pos_1_AiryscanProcessing.czi,1,1,7,45,LC3-p62,dTMEM,HEK,No Torin,1
58,119,73,134,1,LC3-p62_HEK_dTMEM_No Torin_10Pos_1_AiryscanProcessing.czi,2,2,8,61,LC3-p62,dTMEM,HEK,No Torin,1
32,83,56,107,2,LC3-p62_HEK_dTMEM_No Torin_10Pos_1_AiryscanProcessing.czi,2,2,8,51,LC3-p62,dTMEM,HEK,No Torin,1
16,60,34,78,1,LC3-p62_HEK_dTMEM_No Torin_10Pos_1_AiryscanProcessing.czi,2,2,9,44,LC3-p62,dTMEM,HEK,No Torin,1
14,67,34,87,2,LC3-p62_HEK_dTMEM_No Torin_10Pos_1_AiryscanProcessing.czi,2,2,9,53,LC3-p62,dTMEM,HEK,No Torin,1
26,98,16,88,1,LC3-p62_HEK_dTMEM_No Torin_10Pos_1_AiryscanProcessing.czi,2,2,10,72,LC3-p62,dTMEM,HEK,No Torin,1
26,95,13,82,2,LC3-p62_HEK_dTMEM_No Torin_10Pos_1_AiryscanProcessing.czi,2,2,10,69,LC3-p62,dTMEM,HEK,No Torin,1
42,114,27,99,1,LC3-p62_HEK_dTMEM_Torin_10Pos_2_AiryscanProcessing.czi,2,2,1,72,LC3-p62,dTMEM,HEK,Torin,2
31,115,28,112,2,LC3-p62_HEK_dTMEM_Torin_10Pos_2_AiryscanProcessing.czi,2,2,1,84,LC3-p62,dTMEM,HEK,Torin,2
38,134,64,160,1,LC3-p62_HEK_dTMEM_Torin_10Pos_2_AiryscanProcessing.czi,2,2,2,96,LC3-p62,dTMEM,HEK,Torin,2
34,139,63,168,2,LC3-p62_HEK_dTMEM_Torin_10Pos_2_AiryscanProcessing.czi,2,2,2,105,LC3-p62,dTMEM,HEK,Torin,2
87,295,41,249,1,LC3-p62_HEK_dTMEM_Torin_10Pos_2_AiryscanProcessing.czi,1,1,3,208,LC3-p62,dTMEM,HEK,Torin,2
29,110,24,105,1,LC3-p62_HEK_dTMEM_Torin_10Pos_2_AiryscanProcessing.czi,3,3,4,81,LC3-p62,dTMEM,HEK,Torin,2
38,133,21,116,2,LC3-p62_HEK_dTMEM_Torin_10Pos_2_AiryscanProcessing.czi,3,3,4,95,LC3-p62,dTMEM,HEK,Torin,2
51,180,53,182,3,LC3-p62_HEK_dTMEM_Torin_10Pos_2_AiryscanProcessing.czi,3,3,4,129,LC3-p62,dTMEM,HEK,Torin,2
42,148,64,170,1,LC3-p62_HEK_dTMEM_Torin_10Pos_2_AiryscanProcessing.czi,2,2,5,106,LC3-p62,dTMEM,HEK,Torin,2
33,110,36,113,2,LC3-p62_HEK_dTMEM_Torin_10Pos_2_AiryscanProcessing.czi,2,2,5,77,LC3-p62,dTMEM,HEK,Torin,2
25,119,66,160,1,LC3-p62_HEK_dTMEM_Torin_10Pos_2_AiryscanProcessing.czi,1,1,6,94,LC3-p62,dTMEM,HEK,Torin,2
55,150,180,275,1,LC3-p62_HEK_dTMEM_Torin_10Pos_2_AiryscanProcessing.czi,1,1,7,95,LC3-p62,dTMEM,HEK,Torin,2
24,83,26,85,1,LC3-p62_HEK_dTMEM_Torin_10Pos_2_AiryscanProcessing.czi,2,2,8,59,LC3-p62,dTMEM,HEK,Torin,2
40,122,49,131,2,LC3-p62_HEK_dTMEM_Torin_10Pos_2_AiryscanProcessing.czi,2,2,8,82,LC3-p62,dTMEM,HEK,Torin,2
18,85,48,115,1,LC3-p62_HEK_dTMEM_Torin_10Pos_2_AiryscanProcessing.czi,1,1,9,67,LC3-p62,dTMEM,HEK,Torin,2
59,188,72,201,1,LC3-p62_HEK_dTMEM_Torin_10Pos_2_AiryscanProcessing.czi,1,1,10,129,LC3-p62,dTMEM,HEK,Torin,2
44,44,3,3,1,LC3-p62_HEK_dATG7_No Torin_10Pos_3_AiryscanProcessing.czi,2,2,1,0,LC3-p62,dATG7,HEK,No Torin,3
118,119,7,8,2,LC3-p62_HEK_dATG7_No Torin_10Pos_3_AiryscanProcessing.czi,2,2,1,1,LC3-p62,dATG7,HEK,No Torin,3
143,144,9,10,1,LC3-p62_HEK_dATG7_No Torin_10Pos_3_AiryscanProcessing.czi,1,1,2,1,LC3-p62,dATG7,HEK,No Torin,3
72,74,7,9,1,LC3-p62_HEK_dATG7_No Torin_10Pos_3_AiryscanProcessing.czi,1,1,3,2,LC3-p62,dATG7,HEK,No Torin,3
95,96,3,4,1,LC3-p62_HEK_dATG7_No Torin_10Pos_3_AiryscanProcessing.czi,1,1,4,1,LC3-p62,dATG7,HEK,No Torin,3
76,76,4,4,1,LC3-p62_HEK_dATG7_No Torin_10Pos_3_AiryscanProcessing.czi,1,1,5,0,LC3-p62,dATG7,HEK,No Torin,3
59,59,0,0,1,LC3-p62_HEK_dATG7_No Torin_10Pos_3_AiryscanProcessing.czi,2,2,6,0,LC3-p62,dATG7,HEK,No Torin,3
131,131,3,3,2,LC3-p62_HEK_dATG7_No Torin_10Pos_3_AiryscanProcessing.czi,2,2,6,0,LC3-p62,dATG7,HEK,No Torin,3
122,122,0,0,1,LC3-p62_HEK_dATG7_No Torin_10Pos_3_AiryscanProcessing.czi,2,2,7,0,LC3-p62,dATG7,HEK,No Torin,3
48,48,1,1,2,LC3-p62_HEK_dATG7_No Torin_10Pos_3_AiryscanProcessing.czi,2,2,7,0,LC3-p62,dATG7,HEK,No Torin,3
179,181,23,25,1,LC3-p62_HEK_dATG7_No Torin_10Pos_3_AiryscanProcessing.czi,1,1,8,2,LC3-p62,dATG7,HEK,No Torin,3
71,72,4,5,1,LC3-p62_HEK_dATG7_No Torin_10Pos_3_AiryscanProcessing.czi,2,4,9,1,LC3-p62,dATG7,HEK,No Torin,3
101,102,22,23,2,LC3-p62_HEK_dATG7_No Torin_10Pos_3_AiryscanProcessing.czi,2,4,9,1,LC3-p62,dATG7,HEK,No Torin,3
74,74,1,1,1,LC3-p62_HEK_dATG7_No Torin_10Pos_3_AiryscanProcessing.czi,3,3,10,0,LC3-p62,dATG7,HEK,No Torin,3
168,168,5,5,2,LC3-p62_HEK_dATG7_No Torin_10Pos_3_AiryscanProcessing.czi,3,3,10,0,LC3-p62,dATG7,HEK,No Torin,3
90,90,3,3,3,LC3-p62_HEK_dATG7_No Torin_10Pos_3_AiryscanProcessing.czi,3,3,10,0,LC3-p62,dATG7,HEK,No Torin,3
0,0,74,74,1,LC3-p62_HEK_dp62_Torin_10Pos_2_AiryscanProcessing.czi,2,3,1,0,LC3-p62,dp62,HEK,Torin,2
0,0,90,90,2,LC3-p62_HEK_dp62_Torin_10Pos_2_AiryscanProcessing.czi,2,3,1,0,LC3-p62,dp62,HEK,Torin,2
0,0,68,68,1,LC3-p62_HEK_dp62_Torin_10Pos_2_AiryscanProcessing.czi,2,4,2,0,LC3-p62,dp62,HEK,Torin,2
0,0,73,73,2,LC3-p62_HEK_dp62_Torin_10Pos_2_AiryscanProcessing.czi,2,4,2,0,LC3-p62,dp62,HEK,Torin,2
0,0,15,15,1,LC3-p62_HEK_dp62_Torin_10Pos_2_AiryscanProcessing.czi,4,5,3,0,LC3-p62,dp62,HEK,Torin,2
0,0,58,58,2,LC3-p62_HEK_dp62_Torin_10Pos_2_AiryscanProcessing.czi,4,5,3,0,LC3-p62,dp62,HEK,Torin,2
0,0,46,46,3,LC3-p62_HEK_dp62_Torin_10Pos_2_AiryscanProcessing.czi,4,5,3,0,LC3-p62,dp62,HEK,Torin,2
0,0,22,22,4,LC3-p62_HEK_dp62_Torin_10Pos_2_AiryscanProcessing.czi,4,5,3,0,LC3-p62,dp62,HEK,Torin,2
0,0,81,81,1,LC3-p62_HEK_dp62_Torin_10Pos_2_AiryscanProcessing.czi,3,3,4,0,LC3-p62,dp62,HEK,Torin,2
0,0,50,50,2,LC3-p62_HEK_dp62_Torin_10Pos_2_AiryscanProcessing.czi,3,3,4,0,LC3-p62,dp62,HEK,Torin,2
0,0,59,59,3,LC3-p62_HEK_dp62_Torin_10Pos_2_AiryscanProcessing.czi,3,3,4,0,LC3-p62,dp62,HEK,Torin,2
0,0,55,55,1,LC3-p62_HEK_dp62_Torin_10Pos_2_AiryscanProcessing.czi,2,2,5,0,LC3-p62,dp62,HEK,Torin,2
0,0,106,106,2,LC3-p62_HEK_dp62_Torin_10Pos_2_AiryscanProcessing.czi,2,2,5,0,LC3-p62,dp62,HEK,Torin,2
0,0,34,34,1,LC3-p62_HEK_dp62_Torin_10Pos_2_AiryscanProcessing.czi,3,4,6,0,LC3-p62,dp62,HEK,Torin,2
0,0,59,59,2,LC3-p62_HEK_dp62_Torin_10Pos_2_AiryscanProcessing.czi,3,4,6,0,LC3-p62,dp62,HEK,Torin,2
0,0,64,64,3,LC3-p62_HEK_dp62_Torin_10Pos_2_AiryscanProcessing.czi,3,4,6,0,LC3-p62,dp62,HEK,Torin,2
0,0,83,83,1,LC3-p62_HEK_dp62_Torin_10Pos_2_AiryscanProcessing.czi,2,2,7,0,LC3-p62,dp62,HEK,Torin,2
0,0,79,79,2,LC3-p62_HEK_dp62_Torin_10Pos_2_AiryscanProcessing.czi,2,2,7,0,LC3-p62,dp62,HEK,Torin,2
0,0,57,57,1,LC3-p62_HEK_dp62_Torin_10Pos_2_AiryscanProcessing.czi,5,5,8,0,LC3-p62,dp62,HEK,Torin,2
0,0,15,15,2,LC3-p62_HEK_dp62_Torin_10Pos_2_AiryscanProcessing.czi,5,5,8,0,LC3-p62,dp62,HEK,Torin,2
0,0,3,3,3,LC3-p62_HEK_dp62_Torin_10Pos_2_AiryscanProcessing.czi,5,5,8,0,LC3-p62,dp62,HEK,Torin,2
0,0,4,4,4,LC3-p62_HEK_dp62_Torin_10Pos_2_AiryscanProcessing.czi,5,5,8,0,LC3-p62,dp62,HEK,Torin,2
0,0,12,12,5,LC3-p62_HEK_dp62_Torin_10Pos_2_AiryscanProcessing.czi,5,5,8,0,LC3-p62,dp62,HEK,Torin,2
0,0,59,59,1,LC3-p62_HEK_dp62_Torin_10Pos_2_AiryscanProcessing.czi,2,2,9,0,LC3-p62,dp62,HEK,Torin,2
0,0,81,81,2,LC3-p62_HEK_dp62_Torin_10Pos_2_AiryscanProcessing.czi,2,2,9,0,LC3-p62,dp62,HEK,Torin,2
0,0,63,63,1,LC3-p62_HEK_dp62_Torin_10Pos_2_AiryscanProcessing.czi,2,2,10,0,LC3-p62,dp62,HEK,Torin,2
0,0,79,79,2,LC3-p62_HEK_dp62_Torin_10Pos_2_AiryscanProcessing.czi,2,2,10,0,LC3-p62,dp62,HEK,Torin,2
0,4,35,39,1,LC3-p62_HEK_WT_Torin_10Pos_4_AiryscanProcessing.czi,8,8,1,4,LC3-p62,WT,HEK,Torin,4
1,3,29,31,2,LC3-p62_HEK_WT_Torin_10Pos_4_AiryscanProcessing.czi,8,8,1,2,LC3-p62,WT,HEK,Torin,4
0,1,31,32,3,LC3-p62_HEK_WT_Torin_10Pos_4_AiryscanProcessing.czi,8,8,1,1,LC3-p62,WT,HEK,Torin,4
3,11,46,54,4,LC3-p62_HEK_WT_Torin_10Pos_4_AiryscanProcessing.czi,8,8,1,8,LC3-p62,WT,HEK,Torin,4
2,24,51,73,5,LC3-p62_HEK_WT_Torin_10Pos_4_AiryscanProcessing.czi,8,8,1,22,LC3-p62,WT,HEK,Torin,4
6,16,43,53,6,LC3-p62_HEK_WT_Torin_10Pos_4_AiryscanProcessing.czi,8,8,1,10,LC3-p62,WT,HEK,Torin,4
1,12,78,89,7,LC3-p62_HEK_WT_Torin_10Pos_4_AiryscanProcessing.czi,8,8,1,11,LC3-p62,WT,HEK,Torin,4
3,26,42,65,8,LC3-p62_HEK_WT_Torin_10Pos_4_AiryscanProcessing.czi,8,8,1,23,LC3-p62,WT,HEK,Torin,4
5,27,72,94,1,LC3-p62_HEK_WT_Torin_10Pos_4_AiryscanProcessing.czi,2,3,2,22,LC3-p62,WT,HEK,Torin,4
2,17,78,93,2,LC3-p62_HEK_WT_Torin_10Pos_4_AiryscanProcessing.czi,2,3,2,15,LC3-p62,WT,HEK,Torin,4
1,16,64,79,1,LC3-p62_HEK_WT_Torin_10Pos_4_AiryscanProcessing.czi,2,2,3,15,LC3-p62,WT,HEK,Torin,4
3,22,101,120,2,LC3-p62_HEK_WT_Torin_10Pos_4_AiryscanProcessing.czi,2,2,3,19,LC3-p62,WT,HEK,Torin,4
2,23,85,106,1,LC3-p62_HEK_WT_Torin_10Pos_4_AiryscanProcessing.czi,2,2,4,21,LC3-p62,WT,HEK,Torin,4
3,13,54,64,2,LC3-p62_HEK_WT_Torin_10Pos_4_AiryscanProcessing.czi,2,2,4,10,LC3-p62,WT,HEK,Torin,4
1,13,44,56,1,LC3-p62_HEK_WT_Torin_10Pos_4_AiryscanProcessing.czi,2,2,5,12,LC3-p62,WT,HEK,Torin,4
2,15,34,47,2,LC3-p62_HEK_WT_Torin_10Pos_4_AiryscanProcessing.czi,2,2,5,13,LC3-p62,WT,HEK,Torin,4
0,1,28,29,1,LC3-p62_HEK_WT_Torin_10Pos_4_AiryscanProcessing.czi,2,2,6,1,LC3-p62,WT,HEK,Torin,4
0,4,70,74,2,LC3-p62_HEK_WT_Torin_10Pos_4_AiryscanProcessing.czi,2,2,6,4,LC3-p62,WT,HEK,Torin,4
1,19,76,94,1,LC3-p62_HEK_WT_Torin_10Pos_4_AiryscanProcessing.czi,5,5,7,18,LC3-p62,WT,HEK,Torin,4
5,30,82,107,2,LC3-p62_HEK_WT_Torin_10Pos_4_AiryscanProcessing.czi,5,5,7,25,LC3-p62,WT,HEK,Torin,4
2,14,49,61,3,LC3-p62_HEK_WT_Torin_10Pos_4_AiryscanProcessing.czi,5,5,7,12,LC3-p62,WT,HEK,Torin,4
1,8,16,23,4,LC3-p62_HEK_WT_Torin_10Pos_4_AiryscanProcessing.czi,5,5,7,7,LC3-p62,WT,HEK,Torin,4
2,17,34,49,5,LC3-p62_HEK_WT_Torin_10Pos_4_AiryscanProcessing.czi,5,5,7,15,LC3-p62,WT,HEK,Torin,4
2,21,26,45,1,LC3-p62_HEK_WT_Torin_10Pos_4_AiryscanProcessing.czi,4,4,8,19,LC3-p62,WT,HEK,Torin,4
3,11,35,43,2,LC3-p62_HEK_WT_Torin_10Pos_4_AiryscanProcessing.czi,4,4,8,8,LC3-p62,WT,HEK,Torin,4
1,17,49,65,3,LC3-p62_HEK_WT_Torin_10Pos_4_AiryscanProcessing.czi,4,4,8,16,LC3-p62,WT,HEK,Torin,4
3,8,13,18,4,LC3-p62_HEK_WT_Torin_10Pos_4_AiryscanProcessing.czi,4,4,8,5,LC3-p62,WT,HEK,Torin,4
4,20,40,56,1,LC3-p62_HEK_WT_Torin_10Pos_4_AiryscanProcessing.czi,2,2,9,16,LC3-p62,WT,HEK,Torin,4
1,17,41,57,2,LC3-p62_HEK_WT_Torin_10Pos_4_AiryscanProcessing.czi,2,2,9,16,LC3-p62,WT,HEK,Torin,4
5,28,92,115,1,LC3-p62_HEK_WT_Torin_10Pos_4_AiryscanProcessing.czi,1,1,10,23,LC3-p62,WT,HEK,Torin,4
8,10,11,13,1,LC3-p62_HEK_dFIP200_Torin_10Pos_2_AiryscanProcessing.czi,2,2,1,2,LC3-p62,dFIP200,HEK,Torin,2
10,11,12,13,2,LC3-p62_HEK_dFIP200_Torin_10Pos_2_AiryscanProcessing.czi,2,2,1,1,LC3-p62,dFIP200,HEK,Torin,2
1,1,3,3,1,LC3-p62_HEK_dFIP200_Torin_10Pos_2_AiryscanProcessing.czi,3,4,2,0,LC3-p62,dFIP200,HEK,Torin,2
1,1,4,4,2,LC3-p62_HEK_dFIP200_Torin_10Pos_2_AiryscanProcessing.czi,3,4,2,0,LC3-p62,dFIP200,HEK,Torin,2
14,17,7,10,3,LC3-p62_HEK_dFIP200_Torin_10Pos_2_AiryscanProcessing.czi,3,4,2,3,LC3-p62,dFIP200,HEK,Torin,2
17,18,19,20,1,LC3-p62_HEK_dFIP200_Torin_10Pos_2_AiryscanProcessing.czi,3,5,3,1,LC3-p62,dFIP200,HEK,Torin,2
5,5,4,4,2,LC3-p62_HEK_dFIP200_Torin_10Pos_2_AiryscanProcessing.czi,3,5,3,0,LC3-p62,dFIP200,HEK,Torin,2
4,4,8,8,3,LC3-p62_HEK_dFIP200_Torin_10Pos_2_AiryscanProcessing.czi,3,5,3,0,LC3-p62,dFIP200,HEK,Torin,2
9,11,3,5,1,LC3-p62_HEK_dFIP200_Torin_10Pos_2_AiryscanProcessing.czi,1,3,4,2,LC3-p62,dFIP200,HEK,Torin,2
3,3,0,0,1,LC3-p62_HEK_dFIP200_Torin_10Pos_2_AiryscanProcessing.czi,4,4,5,0,LC3-p62,dFIP200,HEK,Torin,2
7,7,5,5,2,LC3-p62_HEK_dFIP200_Torin_10Pos_2_AiryscanProcessing.czi,4,4,5,0,LC3-p62,dFIP200,HEK,Torin,2
3,4,3,4,3,LC3-p62_HEK_dFIP200_Torin_10Pos_2_AiryscanProcessing.czi,4,4,5,1,LC3-p62,dFIP200,HEK,Torin,2
9,9,4,4,4,LC3-p62_HEK_dFIP200_Torin_10Pos_2_AiryscanProcessing.czi,4,4,5,0,LC3-p62,dFIP200,HEK,Torin,2
18,19,1,2,1,LC3-p62_HEK_dFIP200_Torin_10Pos_2_AiryscanProcessing.czi,2,2,6,1,LC3-p62,dFIP200,HEK,Torin,2
28,29,2,3,2,LC3-p62_HEK_dFIP200_Torin_10Pos_2_AiryscanProcessing.czi,2,2,6,1,LC3-p62,dFIP200,HEK,Torin,2
9,9,12,12,1,LC3-p62_HEK_dFIP200_Torin_10Pos_2_AiryscanProcessing.czi,1,1,7,0,LC3-p62,dFIP200,HEK,Torin,2
5,6,4,5,1,LC3-p62_HEK_dFIP200_Torin_10Pos_2_AiryscanProcessing.czi,1,1,8,1,LC3-p62,dFIP200,HEK,Torin,2
8,8,7,7,1,LC3-p62_HEK_dFIP200_Torin_10Pos_2_AiryscanProcessing.czi,2,2,9,0,LC3-p62,dFIP200,HEK,Torin,2
17,17,1,1,2,LC3-p62_HEK_dFIP200_Torin_10Pos_2_AiryscanProcessing.czi,2,2,9,0,LC3-p62,dFIP200,HEK,Torin,2
2,2,5,5,1,LC3-p62_HEK_dFIP200_Torin_10Pos_2_AiryscanProcessing.czi,4,5,10,0,LC3-p62,dFIP200,HEK,Torin,2
27,27,12,12,2,LC3-p62_HEK_dFIP200_Torin_10Pos_2_AiryscanProcessing.czi,4,5,10,0,LC3-p62,dFIP200,HEK,Torin,2
7,8,5,6,3,LC3-p62_HEK_dFIP200_Torin_10Pos_2_AiryscanProcessing.czi,4,5,10,1,LC3-p62,dFIP200,HEK,Torin,2
8,8,4,4,4,LC3-p62_HEK_dFIP200_Torin_10Pos_2_AiryscanProcessing.czi,4,5,10,0,LC3-p62,dFIP200,HEK,Torin,2
31,125,53,147,1,LC3-p62_HEK_dTMEM_No Torin_10Pos_3_AiryscanProcessing.czi,2,2,1,94,LC3-p62,dTMEM,HEK,No Torin,3
34,122,56,144,2,LC3-p62_HEK_dTMEM_No Torin_10Pos_3_AiryscanProcessing.czi,2,2,1,88,LC3-p62,dTMEM,HEK,No Torin,3
5,13,15,23,1,LC3-p62_HEK_dTMEM_No Torin_10Pos_3_AiryscanProcessing.czi,3,3,2,8,LC3-p62,dTMEM,HEK,No Torin,3
64,147,38,121,2,LC3-p62_HEK_dTMEM_No Torin_10Pos_3_AiryscanProcessing.czi,3,3,2,83,LC3-p62,dTMEM,HEK,No Torin,3
5,13,36,44,3,LC3-p62_HEK_dTMEM_No Torin_10Pos_3_AiryscanProcessing.czi,3,3,2,8,LC3-p62,dTMEM,HEK,No Torin,3
30,83,60,113,1,LC3-p62_HEK_dTMEM_No Torin_10Pos_3_AiryscanProcessing.czi,2,2,3,53,LC3-p62,dTMEM,HEK,No Torin,3
50,116,75,141,2,LC3-p62_HEK_dTMEM_No Torin_10Pos_3_AiryscanProcessing.czi,2,2,3,66,LC3-p62,dTMEM,HEK,No Torin,3
9,54,28,73,1,LC3-p62_HEK_dTMEM_No Torin_10Pos_3_AiryscanProcessing.czi,2,2,4,45,LC3-p62,dTMEM,HEK,No Torin,3
8,73,57,122,2,LC3-p62_HEK_dTMEM_No Torin_10Pos_3_AiryscanProcessing.czi,2,2,4,65,LC3-p62,dTMEM,HEK,No Torin,3
54,160,100,206,1,LC3-p62_HEK_dTMEM_No Torin_10Pos_3_AiryscanProcessing.czi,2,5,5,106,LC3-p62,dTMEM,HEK,No Torin,3
22,49,62,89,2,LC3-p62_HEK_dTMEM_No Torin_10Pos_3_AiryscanProcessing.czi,2,5,5,27,LC3-p62,dTMEM,HEK,No Torin,3
13,47,50,84,1,LC3-p62_HEK_dTMEM_No Torin_10Pos_3_AiryscanProcessing.czi,2,2,6,34,LC3-p62,dTMEM,HEK,No Torin,3
21,61,56,96,2,LC3-p62_HEK_dTMEM_No Torin_10Pos_3_AiryscanProcessing.czi,2,2,6,40,LC3-p62,dTMEM,HEK,No Torin,3
48,128,30,110,1,LC3-p62_HEK_dTMEM_No Torin_10Pos_3_AiryscanProcessing.czi,1,1,7,80,LC3-p62,dTMEM,HEK,No Torin,3
26,85,49,108,1,LC3-p62_HEK_dTMEM_No Torin_10Pos_3_AiryscanProcessing.czi,2,2,8,59,LC3-p62,dTMEM,HEK,No Torin,3
30,88,56,114,2,LC3-p62_HEK_dTMEM_No Torin_10Pos_3_AiryscanProcessing.czi,2,2,8,58,LC3-p62,dTMEM,HEK,No Torin,3
6,33,90,117,1,LC3-p62_HEK_dTMEM_No Torin_10Pos_3_AiryscanProcessing.czi,2,2,9,27,LC3-p62,dTMEM,HEK,No Torin,3
6,46,77,117,2,LC3-p62_HEK_dTMEM_No Torin_10Pos_3_AiryscanProcessing.czi,2,2,9,40,LC3-p62,dTMEM,HEK,No Torin,3
46,86,9,49,1,LC3-p62_HEK_dTMEM_No Torin_10Pos_3_AiryscanProcessing.czi,2,5,10,40,LC3-p62,dTMEM,HEK,No Torin,3
78,158,32,112,2,LC3-p62_HEK_dTMEM_No Torin_10Pos_3_AiryscanProcessing.czi,2,5,10,80,LC3-p62,dTMEM,HEK,No Torin,3
