Unnamed: 0,Unnamed: 0.1,channel,count,filename,im_number,intensity_mean,intensity_sd,overlap_count,parent_cell,vol_mean,vol_sd,vol_total,flagged_oof,flagged_z,n_cells,raw_cells,stains,cell_line,treatment,czi_id
0,0,488.0,24.0,WIPI-Atg16_HEK_dTMEM_1hrTor_1Pos_1_AiryscanProcessing.czi,0.0,10571.041666666666,3716.234378333818,0.0,1.0,24.375,13.223209174385968,585.0,0.0,1.0,1,1,WIPI-Atg16,dTMEM,1hrTor,1Pos_1
1,1,561.0,0.0,WIPI-Atg16_HEK_dTMEM_1hrTor_1Pos_1_AiryscanProcessing.czi,0.0,,,,1.0,,,,0.0,1.0,1,1,WIPI-Atg16,dTMEM,1hrTor,1Pos_1
0,0,488.0,31.0,WIPI-Atg16_HEK_dAtg7_0hrTor_5Pos1_AiryscanProcessing.czi,0.0,11918.483870967742,6153.713701882075,17.0,1.0,94.70967741935483,82.91690360370319,2936.0,0.0,0.0,2,2,WIPI-Atg16,dAtg7,0hrTor,5Pos1_AiryscanProcessing.czi
1,1,488.0,18.0,WIPI-Atg16_HEK_dAtg7_0hrTor_5Pos1_AiryscanProcessing.czi,0.0,12356.5,5431.522397893939,9.0,2.0,95.38888888888887,81.23614009488844,1717.0,0.0,0.0,2,2,WIPI-Atg16,dAtg7,0hrTor,5Pos1_AiryscanProcessing.czi
2,2,561.0,36.0,WIPI-Atg16_HEK_dAtg7_0hrTor_5Pos1_AiryscanProcessing.czi,0.0,13824.722222222224,6623.827959338969,18.0,1.0,143.58333333333334,145.85244500619697,5169.0,0.0,0.0,2,2,WIPI-Atg16,dAtg7,0hrTor,5Pos1_AiryscanProcessing.czi
3,3,561.0,19.0,WIPI-Atg16_HEK_dAtg7_0hrTor_5Pos1_AiryscanProcessing.czi,0.0,14234.894736842105,6088.714568725915,10.0,2.0,151.78947368421052,114.30980270367037,2884.0,0.0,0.0,2,2,WIPI-Atg16,dAtg7,0hrTor,5Pos1_AiryscanProcessing.czi
4,4,488.0,53.0,WIPI-Atg16_HEK_dAtg7_0hrTor_5Pos1_AiryscanProcessing.czi,1.0,12024.490566037737,4963.208951965536,35.0,1.0,80.24528301886792,56.88717094131876,4253.0,0.0,0.0,2,2,WIPI-Atg16,dAtg7,0hrTor,5Pos1_AiryscanProcessing.czi
5,5,488.0,53.0,WIPI-Atg16_HEK_dAtg7_0hrTor_5Pos1_AiryscanProcessing.czi,1.0,11929.094339622641,5072.449962842834,25.0,2.0,83.50943396226415,73.88546818751861,4426.0,0.0,0.0,2,2,WIPI-Atg16,dAtg7,0hrTor,5Pos1_AiryscanProcessing.czi
6,6,561.0,86.0,WIPI-Atg16_HEK_dAtg7_0hrTor_5Pos1_AiryscanProcessing.czi,1.0,13194.53488372093,6915.56543338827,32.0,1.0,109.88372093023256,88.63838215297972,9450.0,0.0,0.0,2,2,WIPI-Atg16,dAtg7,0hrTor,5Pos1_AiryscanProcessing.czi
7,7,561.0,71.0,WIPI-Atg16_HEK_dAtg7_0hrTor_5Pos1_AiryscanProcessing.czi,1.0,12884.0,7848.236389697458,26.0,2.0,114.12676056338027,125.70065684309178,8103.0,0.0,0.0,2,2,WIPI-Atg16,dAtg7,0hrTor,5Pos1_AiryscanProcessing.czi
8,8,488.0,32.0,WIPI-Atg16_HEK_dAtg7_0hrTor_5Pos1_AiryscanProcessing.czi,2.0,12686.46875,5632.306151092738,18.0,1.0,115.21875,113.89687876292082,3687.0,0.0,1.0,1,1,WIPI-Atg16,dAtg7,0hrTor,5Pos1_AiryscanProcessing.czi
9,9,561.0,40.0,WIPI-Atg16_HEK_dAtg7_0hrTor_5Pos1_AiryscanProcessing.czi,2.0,13648.725,7261.367000593462,20.0,1.0,122.8,113.06549043897137,4912.0,0.0,1.0,1,1,WIPI-Atg16,dAtg7,0hrTor,5Pos1_AiryscanProcessing.czi
10,10,488.0,30.0,WIPI-Atg16_HEK_dAtg7_0hrTor_5Pos1_AiryscanProcessing.czi,3.0,13958.6,5433.875797192124,14.0,1.0,107.63333333333334,75.89624648087056,3229.0,0.0,1.0,2,2,WIPI-Atg16,dAtg7,0hrTor,5Pos1_AiryscanProcessing.czi
11,11,561.0,15.0,WIPI-Atg16_HEK_dAtg7_0hrTor_5Pos1_AiryscanProcessing.czi,3.0,13008.733333333335,3093.4991622217494,14.0,1.0,225.86666666666667,169.85534461781913,3388.0,0.0,1.0,2,2,WIPI-Atg16,dAtg7,0hrTor,5Pos1_AiryscanProcessing.czi
12,12,561.0,70.0,WIPI-Atg16_HEK_dAtg7_0hrTor_5Pos1_AiryscanProcessing.czi,3.0,13040.15714285714,2392.992054927939,0.0,2.0,141.57142857142858,235.06629169381816,9910.0,0.0,1.0,2,2,WIPI-Atg16,dAtg7,0hrTor,5Pos1_AiryscanProcessing.czi
13,13,488.0,22.0,WIPI-Atg16_HEK_dAtg7_0hrTor_5Pos1_AiryscanProcessing.czi,4.0,11978.090909090908,5654.285849471396,13.0,1.0,81.95454545454545,57.7238724839685,1803.0,0.0,0.0,2,2,WIPI-Atg16,dAtg7,0hrTor,5Pos1_AiryscanProcessing.czi
14,14,488.0,38.0,WIPI-Atg16_HEK_dAtg7_0hrTor_5Pos1_AiryscanProcessing.czi,4.0,10877.657894736842,4949.8004888885025,17.0,2.0,68.97368421052633,55.79668053775885,2621.0,0.0,0.0,2,2,WIPI-Atg16,dAtg7,0hrTor,5Pos1_AiryscanProcessing.czi
15,15,561.0,22.0,WIPI-Atg16_HEK_dAtg7_0hrTor_5Pos1_AiryscanProcessing.czi,4.0,15813.863636363636,6518.611613025572,13.0,1.0,166.0,161.5189801614069,3652.0,0.0,0.0,2,2,WIPI-Atg16,dAtg7,0hrTor,5Pos1_AiryscanProcessing.czi
16,16,561.0,28.0,WIPI-Atg16_HEK_dAtg7_0hrTor_5Pos1_AiryscanProcessing.czi,4.0,14488.5,6502.605850876389,16.0,2.0,125.42857142857143,79.36620634120487,3512.0,0.0,0.0,2,2,WIPI-Atg16,dAtg7,0hrTor,5Pos1_AiryscanProcessing.czi
17,17,488.0,0.0,WIPI-Atg16_HEK_dAtg7_0hrTor_5Pos1_AiryscanProcessing.czi,3.0,,,,2.0,,,,0.0,1.0,2,2,WIPI-Atg16,dAtg7,0hrTor,5Pos1_AiryscanProcessing.czi
0,0,488.0,61.0,WIPI-Atg16_HEK_dTMEM_0hrTor_5Pos_1_AiryscanProcessing.czi,0.0,10682.524590163934,2646.036952416181,0.0,1.0,104.21311475409836,65.89261839136418,6357.0,0.0,0.0,2,2,WIPI-Atg16,dTMEM,0hrTor,5Pos_1
1,1,488.0,54.0,WIPI-Atg16_HEK_dTMEM_0hrTor_5Pos_1_AiryscanProcessing.czi,0.0,11113.12962962963,3255.255362248121,0.0,2.0,87.18518518518519,44.17165234310096,4708.0,0.0,0.0,2,2,WIPI-Atg16,dTMEM,0hrTor,5Pos_1
2,2,488.0,99.0,WIPI-Atg16_HEK_dTMEM_0hrTor_5Pos_1_AiryscanProcessing.czi,1.0,14302.333333333336,3587.521579256724,1.0,1.0,149.56565656565655,86.86644236120813,14807.0,0.0,1.0,2,2,WIPI-Atg16,dTMEM,0hrTor,5Pos_1
3,3,488.0,86.0,WIPI-Atg16_HEK_dTMEM_0hrTor_5Pos_1_AiryscanProcessing.czi,1.0,14432.744186046511,3214.376745685093,0.0,2.0,161.6511627906977,86.08460509246777,13902.0,0.0,1.0,2,2,WIPI-Atg16,dTMEM,0hrTor,5Pos_1
4,4,561.0,2.0,WIPI-Atg16_HEK_dTMEM_0hrTor_5Pos_1_AiryscanProcessing.czi,1.0,9425.5,864.7915933911478,1.0,1.0,64.5,23.33452377915607,129.0,0.0,1.0,2,2,WIPI-Atg16,dTMEM,0hrTor,5Pos_1
5,5,488.0,93.0,WIPI-Atg16_HEK_dTMEM_0hrTor_5Pos_1_AiryscanProcessing.czi,2.0,14731.655913978497,3317.891680933068,0.0,1.0,135.16129032258064,42.76332498221299,12570.0,0.0,0.0,2,2,WIPI-Atg16,dTMEM,0hrTor,5Pos_1
6,6,488.0,103.0,WIPI-Atg16_HEK_dTMEM_0hrTor_5Pos_1_AiryscanProcessing.czi,2.0,16001.679611650483,5039.320466977068,0.0,2.0,164.54368932038838,112.08721890187763,16948.0,0.0,0.0,2,2,WIPI-Atg16,dTMEM,0hrTor,5Pos_1
7,7,488.0,84.0,WIPI-Atg16_HEK_dTMEM_0hrTor_5Pos_1_AiryscanProcessing.czi,3.0,11899.416666666664,3275.251150889901,0.0,1.0,109.63095238095238,53.26966626195771,9209.0,0.0,1.0,2,2,WIPI-Atg16,dTMEM,0hrTor,5Pos_1
8,8,488.0,80.0,WIPI-Atg16_HEK_dTMEM_0hrTor_5Pos_1_AiryscanProcessing.czi,3.0,11695.4125,3018.5811181630324,0.0,2.0,102.4,56.4044167406073,8192.0,0.0,1.0,2,2,WIPI-Atg16,dTMEM,0hrTor,5Pos_1
9,9,488.0,117.0,WIPI-Atg16_HEK_dTMEM_0hrTor_5Pos_1_AiryscanProcessing.czi,4.0,16111.28205128205,3531.9145483233065,0.0,1.0,148.6239316239316,64.75067919970316,17389.0,0.0,1.0,2,2,WIPI-Atg16,dTMEM,0hrTor,5Pos_1
10,10,488.0,156.0,WIPI-Atg16_HEK_dTMEM_0hrTor_5Pos_1_AiryscanProcessing.czi,4.0,15594.26923076923,4195.3233615172385,0.0,2.0,139.15384615384616,64.43122403208676,21708.0,0.0,1.0,2,2,WIPI-Atg16,dTMEM,0hrTor,5Pos_1
11,11,561.0,0.0,WIPI-Atg16_HEK_dTMEM_0hrTor_5Pos_1_AiryscanProcessing.czi,0.0,,,,1.0,,,,0.0,0.0,2,2,WIPI-Atg16,dTMEM,0hrTor,5Pos_1
12,12,561.0,0.0,WIPI-Atg16_HEK_dTMEM_0hrTor_5Pos_1_AiryscanProcessing.czi,0.0,,,,2.0,,,,0.0,0.0,2,2,WIPI-Atg16,dTMEM,0hrTor,5Pos_1
13,13,561.0,0.0,WIPI-Atg16_HEK_dTMEM_0hrTor_5Pos_1_AiryscanProcessing.czi,1.0,,,,2.0,,,,0.0,1.0,2,2,WIPI-Atg16,dTMEM,0hrTor,5Pos_1
14,14,561.0,0.0,WIPI-Atg16_HEK_dTMEM_0hrTor_5Pos_1_AiryscanProcessing.czi,2.0,,,,1.0,,,,0.0,0.0,2,2,WIPI-Atg16,dTMEM,0hrTor,5Pos_1
15,15,561.0,0.0,WIPI-Atg16_HEK_dTMEM_0hrTor_5Pos_1_AiryscanProcessing.czi,2.0,,,,2.0,,,,0.0,0.0,2,2,WIPI-Atg16,dTMEM,0hrTor,5Pos_1
16,16,561.0,0.0,WIPI-Atg16_HEK_dTMEM_0hrTor_5Pos_1_AiryscanProcessing.czi,3.0,,,,1.0,,,,0.0,1.0,2,2,WIPI-Atg16,dTMEM,0hrTor,5Pos_1
17,17,561.0,0.0,WIPI-Atg16_HEK_dTMEM_0hrTor_5Pos_1_AiryscanProcessing.czi,3.0,,,,2.0,,,,0.0,1.0,2,2,WIPI-Atg16,dTMEM,0hrTor,5Pos_1
18,18,561.0,0.0,WIPI-Atg16_HEK_dTMEM_0hrTor_5Pos_1_AiryscanProcessing.czi,4.0,,,,1.0,,,,0.0,1.0,2,2,WIPI-Atg16,dTMEM,0hrTor,5Pos_1
19,19,561.0,0.0,WIPI-Atg16_HEK_dTMEM_0hrTor_5Pos_1_AiryscanProcessing.czi,4.0,,,,2.0,,,,0.0,1.0,2,2,WIPI-Atg16,dTMEM,0hrTor,5Pos_1
0,0,488.0,16.0,WIPI-Atg16_HEK_dFIP200_0hrTor_5Pos_1_AiryscanProcessing.czi,0.0,8137.875,1121.3844939775709,0.0,1.0,30.1875,21.97337403920178,483.0,0.0,0.0,2,2,WIPI-Atg16,dFIP200,0hrTor,5Pos_1
1,1,488.0,15.0,WIPI-Atg16_HEK_dFIP200_0hrTor_5Pos_1_AiryscanProcessing.czi,0.0,8437.066666666668,1335.758450504895,0.0,2.0,35.06666666666667,34.05345937255267,526.0,0.0,0.0,2,2,WIPI-Atg16,dFIP200,0hrTor,5Pos_1
2,2,488.0,9.0,WIPI-Atg16_HEK_dFIP200_0hrTor_5Pos_1_AiryscanProcessing.czi,1.0,8571.666666666666,1686.7118900393154,0.0,1.0,40.55555555555557,42.813873660038965,365.0,0.0,0.0,1,1,WIPI-Atg16,dFIP200,0hrTor,5Pos_1
3,3,561.0,1.0,WIPI-Atg16_HEK_dFIP200_0hrTor_5Pos_1_AiryscanProcessing.czi,1.0,9482.0,,0.0,1.0,30.0,,30.0,0.0,0.0,1,1,WIPI-Atg16,dFIP200,0hrTor,5Pos_1
4,4,488.0,8.0,WIPI-Atg16_HEK_dFIP200_0hrTor_5Pos_1_AiryscanProcessing.czi,2.0,9081.625,1179.0321621082753,0.0,1.0,36.125,34.572646082457396,289.0,0.0,1.0,1,1,WIPI-Atg16,dFIP200,0hrTor,5Pos_1
5,5,561.0,1.0,WIPI-Atg16_HEK_dFIP200_0hrTor_5Pos_1_AiryscanProcessing.czi,2.0,10589.0,,0.0,1.0,5.0,,5.0,0.0,1.0,1,1,WIPI-Atg16,dFIP200,0hrTor,5Pos_1
6,6,488.0,19.0,WIPI-Atg16_HEK_dFIP200_0hrTor_5Pos_1_AiryscanProcessing.czi,3.0,8675.210526315792,2078.2918888930394,0.0,1.0,39.05263157894737,30.50587135510971,742.0,0.0,1.0,2,2,WIPI-Atg16,dFIP200,0hrTor,5Pos_1
7,7,488.0,13.0,WIPI-Atg16_HEK_dFIP200_0hrTor_5Pos_1_AiryscanProcessing.czi,3.0,10715.76923076923,6570.9019821463135,0.0,2.0,37.0,42.51862337062824,481.0,0.0,1.0,2,2,WIPI-Atg16,dFIP200,0hrTor,5Pos_1
8,8,561.0,1.0,WIPI-Atg16_HEK_dFIP200_0hrTor_5Pos_1_AiryscanProcessing.czi,3.0,7208.0,,0.0,1.0,24.0,,24.0,0.0,1.0,2,2,WIPI-Atg16,dFIP200,0hrTor,5Pos_1
9,9,561.0,1.0,WIPI-Atg16_HEK_dFIP200_0hrTor_5Pos_1_AiryscanProcessing.czi,3.0,5839.0,,0.0,2.0,48.0,,48.0,0.0,1.0,2,2,WIPI-Atg16,dFIP200,0hrTor,5Pos_1
10,10,488.0,1.0,WIPI-Atg16_HEK_dFIP200_0hrTor_5Pos_1_AiryscanProcessing.czi,4.0,9406.0,,0.0,1.0,77.0,,77.0,0.0,1.0,2,2,WIPI-Atg16,dFIP200,0hrTor,5Pos_1
11,11,488.0,2.0,WIPI-Atg16_HEK_dFIP200_0hrTor_5Pos_1_AiryscanProcessing.czi,4.0,7982.5,1233.9013331705255,0.0,2.0,37.5,23.33452377915607,75.0,0.0,1.0,2,2,WIPI-Atg16,dFIP200,0hrTor,5Pos_1
12,12,561.0,0.0,WIPI-Atg16_HEK_dFIP200_0hrTor_5Pos_1_AiryscanProcessing.czi,0.0,,,,1.0,,,,0.0,0.0,2,2,WIPI-Atg16,dFIP200,0hrTor,5Pos_1
13,13,561.0,0.0,WIPI-Atg16_HEK_dFIP200_0hrTor_5Pos_1_AiryscanProcessing.czi,0.0,,,,2.0,,,,0.0,0.0,2,2,WIPI-Atg16,dFIP200,0hrTor,5Pos_1
14,14,561.0,0.0,WIPI-Atg16_HEK_dFIP200_0hrTor_5Pos_1_AiryscanProcessing.czi,4.0,,,,1.0,,,,0.0,1.0,2,2,WIPI-Atg16,dFIP200,0hrTor,5Pos_1
15,15,561.0,0.0,WIPI-Atg16_HEK_dFIP200_0hrTor_5Pos_1_AiryscanProcessing.czi,4.0,,,,2.0,,,,0.0,1.0,2,2,WIPI-Atg16,dFIP200,0hrTor,5Pos_1
0,0,488.0,3.0,WIPI-Atg16_HEK_WT_0hrTor_5Pos1_AiryscanProcessing.czi,0.0,7564.333333333332,1034.5967008130913,0.0,1.0,37.333333333333336,27.537852736430512,112.0,0.0,0.0,2,2,WIPI-Atg16,WT,0hrTor,5Pos1_AiryscanProcessing.czi
1,1,488.0,8.0,WIPI-Atg16_HEK_WT_0hrTor_5Pos1_AiryscanProcessing.czi,0.0,8052.125,2034.5042525321564,0.0,2.0,54.25,51.126593583267145,434.0,0.0,0.0,2,2,WIPI-Atg16,WT,0hrTor,5Pos1_AiryscanProcessing.czi
2,2,488.0,10.0,WIPI-Atg16_HEK_WT_0hrTor_5Pos1_AiryscanProcessing.czi,1.0,10483.1,3792.320733329981,1.0,1.0,72.3,46.65249784904937,723.0,0.0,0.0,2,2,WIPI-Atg16,WT,0hrTor,5Pos1_AiryscanProcessing.czi
3,3,488.0,8.0,WIPI-Atg16_HEK_WT_0hrTor_5Pos1_AiryscanProcessing.czi,1.0,11895.25,7783.650516123065,0.0,2.0,74.75,57.7080088524486,598.0,0.0,0.0,2,2,WIPI-Atg16,WT,0hrTor,5Pos1_AiryscanProcessing.czi
4,4,561.0,2.0,WIPI-Atg16_HEK_WT_0hrTor_5Pos1_AiryscanProcessing.czi,1.0,8713.5,28.991378028648448,2.0,1.0,37.0,0.0,74.0,0.0,0.0,2,2,WIPI-Atg16,WT,0hrTor,5Pos1_AiryscanProcessing.czi
5,5,488.0,9.0,WIPI-Atg16_HEK_WT_0hrTor_5Pos1_AiryscanProcessing.czi,2.0,8247.444444444445,1378.2820022686856,0.0,1.0,50.55555555555557,24.840043836067963,455.0,0.0,0.0,2,2,WIPI-Atg16,WT,0hrTor,5Pos1_AiryscanProcessing.czi
6,6,488.0,6.0,WIPI-Atg16_HEK_WT_0hrTor_5Pos1_AiryscanProcessing.czi,2.0,9177.5,1707.38522308236,0.0,2.0,54.33333333333334,27.789686336241125,326.0,0.0,0.0,2,2,WIPI-Atg16,WT,0hrTor,5Pos1_AiryscanProcessing.czi
7,7,488.0,4.0,WIPI-Atg16_HEK_WT_0hrTor_5Pos1_AiryscanProcessing.czi,3.0,7516.0,1208.8573116790915,0.0,1.0,34.25,30.1482448355898,137.0,0.0,0.0,2,2,WIPI-Atg16,WT,0hrTor,5Pos1_AiryscanProcessing.czi
8,8,488.0,8.0,WIPI-Atg16_HEK_WT_0hrTor_5Pos1_AiryscanProcessing.czi,3.0,7131.875,1132.9213107840153,0.0,2.0,13.5,9.196272536817759,108.0,0.0,0.0,2,2,WIPI-Atg16,WT,0hrTor,5Pos1_AiryscanProcessing.czi
9,9,488.0,4.0,WIPI-Atg16_HEK_WT_0hrTor_5Pos1_AiryscanProcessing.czi,4.0,7821.0,2044.5385787507169,0.0,1.0,58.25,46.628853728137045,233.0,0.0,1.0,2,2,WIPI-Atg16,WT,0hrTor,5Pos1_AiryscanProcessing.czi
10,10,488.0,7.0,WIPI-Atg16_HEK_WT_0hrTor_5Pos1_AiryscanProcessing.czi,4.0,11010.857142857143,3497.082995324886,0.0,2.0,86.2857142857143,53.69579215579276,604.0,0.0,1.0,2,2,WIPI-Atg16,WT,0hrTor,5Pos1_AiryscanProcessing.czi
11,11,561.0,0.0,WIPI-Atg16_HEK_WT_0hrTor_5Pos1_AiryscanProcessing.czi,0.0,,,,1.0,,,,0.0,0.0,2,2,WIPI-Atg16,WT,0hrTor,5Pos1_AiryscanProcessing.czi
12,12,561.0,0.0,WIPI-Atg16_HEK_WT_0hrTor_5Pos1_AiryscanProcessing.czi,0.0,,,,2.0,,,,0.0,0.0,2,2,WIPI-Atg16,WT,0hrTor,5Pos1_AiryscanProcessing.czi
13,13,561.0,0.0,WIPI-Atg16_HEK_WT_0hrTor_5Pos1_AiryscanProcessing.czi,1.0,,,,2.0,,,,0.0,0.0,2,2,WIPI-Atg16,WT,0hrTor,5Pos1_AiryscanProcessing.czi
14,14,561.0,0.0,WIPI-Atg16_HEK_WT_0hrTor_5Pos1_AiryscanProcessing.czi,2.0,,,,1.0,,,,0.0,0.0,2,2,WIPI-Atg16,WT,0hrTor,5Pos1_AiryscanProcessing.czi
15,15,561.0,0.0,WIPI-Atg16_HEK_WT_0hrTor_5Pos1_AiryscanProcessing.czi,2.0,,,,2.0,,,,0.0,0.0,2,2,WIPI-Atg16,WT,0hrTor,5Pos1_AiryscanProcessing.czi
16,16,561.0,0.0,WIPI-Atg16_HEK_WT_0hrTor_5Pos1_AiryscanProcessing.czi,3.0,,,,1.0,,,,0.0,0.0,2,2,WIPI-Atg16,WT,0hrTor,5Pos1_AiryscanProcessing.czi
17,17,561.0,0.0,WIPI-Atg16_HEK_WT_0hrTor_5Pos1_AiryscanProcessing.czi,3.0,,,,2.0,,,,0.0,0.0,2,2,WIPI-Atg16,WT,0hrTor,5Pos1_AiryscanProcessing.czi
18,18,561.0,0.0,WIPI-Atg16_HEK_WT_0hrTor_5Pos1_AiryscanProcessing.czi,4.0,,,,1.0,,,,0.0,1.0,2,2,WIPI-Atg16,WT,0hrTor,5Pos1_AiryscanProcessing.czi
19,19,561.0,0.0,WIPI-Atg16_HEK_WT_0hrTor_5Pos1_AiryscanProcessing.czi,4.0,,,,2.0,,,,0.0,1.0,2,2,WIPI-Atg16,WT,0hrTor,5Pos1_AiryscanProcessing.czi
0,0,488.0,3.0,WIPI-Atg16_HEK_dFIP200_1hrTor_10Pos_1_AiryscanProcessing.czi,0.0,7330.333333333332,1756.2842404728608,0.0,1.0,31.66666666666667,31.18225991382493,95.0,0.0,0.0,2,2,WIPI-Atg16,dFIP200,1hrTor,10Pos_1
1,1,488.0,1.0,WIPI-Atg16_HEK_dFIP200_1hrTor_10Pos_1_AiryscanProcessing.czi,1.0,7923.0,,0.0,1.0,70.0,,70.0,0.0,0.0,2,2,WIPI-Atg16,dFIP200,1hrTor,10Pos_1
2,2,488.0,1.0,WIPI-Atg16_HEK_dFIP200_1hrTor_10Pos_1_AiryscanProcessing.czi,1.0,7429.0,,0.0,2.0,75.0,,75.0,0.0,0.0,2,2,WIPI-Atg16,dFIP200,1hrTor,10Pos_1
3,3,488.0,2.0,WIPI-Atg16_HEK_dFIP200_1hrTor_10Pos_1_AiryscanProcessing.czi,2.0,7297.5,461.7407281148155,0.0,2.0,33.0,12.727922061357855,66.0,0.0,0.0,2,2,WIPI-Atg16,dFIP200,1hrTor,10Pos_1
4,4,488.0,2.0,WIPI-Atg16_HEK_dFIP200_1hrTor_10Pos_1_AiryscanProcessing.czi,4.0,11446.0,6816.509370638318,0.0,1.0,287.0,376.1808075912433,574.0,0.0,0.0,2,2,WIPI-Atg16,dFIP200,1hrTor,10Pos_1
5,5,488.0,8.0,WIPI-Atg16_HEK_dFIP200_1hrTor_10Pos_1_AiryscanProcessing.czi,6.0,8495.75,1169.3742832325818,0.0,1.0,38.625,24.48286572862161,309.0,0.0,0.0,2,2,WIPI-Atg16,dFIP200,1hrTor,10Pos_1
6,6,488.0,13.0,WIPI-Atg16_HEK_dFIP200_1hrTor_10Pos_1_AiryscanProcessing.czi,6.0,7951.0,1327.1282907089274,0.0,2.0,48.615384615384606,20.686301673404,632.0,0.0,0.0,2,2,WIPI-Atg16,dFIP200,1hrTor,10Pos_1
7,7,488.0,1.0,WIPI-Atg16_HEK_dFIP200_1hrTor_10Pos_1_AiryscanProcessing.czi,7.0,8206.0,,0.0,1.0,48.0,,48.0,0.0,0.0,2,2,WIPI-Atg16,dFIP200,1hrTor,10Pos_1
8,8,488.0,5.0,WIPI-Atg16_HEK_dFIP200_1hrTor_10Pos_1_AiryscanProcessing.czi,8.0,8652.0,1512.9991738266085,0.0,1.0,57.0,46.72793596982429,285.0,0.0,0.0,2,2,WIPI-Atg16,dFIP200,1hrTor,10Pos_1
9,9,488.0,10.0,WIPI-Atg16_HEK_dFIP200_1hrTor_10Pos_1_AiryscanProcessing.czi,8.0,8277.9,1613.9131499419525,0.0,2.0,34.2,35.652021915547316,342.0,0.0,0.0,2,2,WIPI-Atg16,dFIP200,1hrTor,10Pos_1
10,10,488.0,1.0,WIPI-Atg16_HEK_dFIP200_1hrTor_10Pos_1_AiryscanProcessing.czi,9.0,6141.0,,0.0,1.0,21.0,,21.0,0.0,1.0,2,2,WIPI-Atg16,dFIP200,1hrTor,10Pos_1
11,11,488.0,2.0,WIPI-Atg16_HEK_dFIP200_1hrTor_10Pos_1_AiryscanProcessing.czi,9.0,8861.5,2645.2864684188744,0.0,2.0,83.5,98.28784258493008,167.0,0.0,1.0,2,2,WIPI-Atg16,dFIP200,1hrTor,10Pos_1
12,12,561.0,0.0,WIPI-Atg16_HEK_dFIP200_1hrTor_10Pos_1_AiryscanProcessing.czi,0.0,,,,1.0,,,,0.0,0.0,2,2,WIPI-Atg16,dFIP200,1hrTor,10Pos_1
13,13,488.0,0.0,WIPI-Atg16_HEK_dFIP200_1hrTor_10Pos_1_AiryscanProcessing.czi,0.0,,,,2.0,,,,0.0,0.0,2,2,WIPI-Atg16,dFIP200,1hrTor,10Pos_1
14,14,561.0,0.0,WIPI-Atg16_HEK_dFIP200_1hrTor_10Pos_1_AiryscanProcessing.czi,0.0,,,,2.0,,,,0.0,0.0,2,2,WIPI-Atg16,dFIP200,1hrTor,10Pos_1
15,15,561.0,0.0,WIPI-Atg16_HEK_dFIP200_1hrTor_10Pos_1_AiryscanProcessing.czi,1.0,,,,1.0,,,,0.0,0.0,2,2,WIPI-Atg16,dFIP200,1hrTor,10Pos_1
16,16,561.0,0.0,WIPI-Atg16_HEK_dFIP200_1hrTor_10Pos_1_AiryscanProcessing.czi,1.0,,,,2.0,,,,0.0,0.0,2,2,WIPI-Atg16,dFIP200,1hrTor,10Pos_1
17,17,488.0,0.0,WIPI-Atg16_HEK_dFIP200_1hrTor_10Pos_1_AiryscanProcessing.czi,2.0,,,,1.0,,,,0.0,0.0,2,2,WIPI-Atg16,dFIP200,1hrTor,10Pos_1
18,18,561.0,0.0,WIPI-Atg16_HEK_dFIP200_1hrTor_10Pos_1_AiryscanProcessing.czi,2.0,,,,1.0,,,,0.0,0.0,2,2,WIPI-Atg16,dFIP200,1hrTor,10Pos_1
19,19,561.0,0.0,WIPI-Atg16_HEK_dFIP200_1hrTor_10Pos_1_AiryscanProcessing.czi,2.0,,,,2.0,,,,0.0,0.0,2,2,WIPI-Atg16,dFIP200,1hrTor,10Pos_1
20,20,488.0,0.0,WIPI-Atg16_HEK_dFIP200_1hrTor_10Pos_1_AiryscanProcessing.czi,3.0,,,,1.0,,,,0.0,1.0,2,2,WIPI-Atg16,dFIP200,1hrTor,10Pos_1
21,21,561.0,0.0,WIPI-Atg16_HEK_dFIP200_1hrTor_10Pos_1_AiryscanProcessing.czi,3.0,,,,1.0,,,,0.0,1.0,2,2,WIPI-Atg16,dFIP200,1hrTor,10Pos_1
22,22,488.0,0.0,WIPI-Atg16_HEK_dFIP200_1hrTor_10Pos_1_AiryscanProcessing.czi,3.0,,,,2.0,,,,0.0,1.0,2,2,WIPI-Atg16,dFIP200,1hrTor,10Pos_1
23,23,561.0,0.0,WIPI-Atg16_HEK_dFIP200_1hrTor_10Pos_1_AiryscanProcessing.czi,3.0,,,,2.0,,,,0.0,1.0,2,2,WIPI-Atg16,dFIP200,1hrTor,10Pos_1
24,24,561.0,0.0,WIPI-Atg16_HEK_dFIP200_1hrTor_10Pos_1_AiryscanProcessing.czi,4.0,,,,1.0,,,,0.0,0.0,2,2,WIPI-Atg16,dFIP200,1hrTor,10Pos_1
25,25,488.0,0.0,WIPI-Atg16_HEK_dFIP200_1hrTor_10Pos_1_AiryscanProcessing.czi,4.0,,,,2.0,,,,0.0,0.0,2,2,WIPI-Atg16,dFIP200,1hrTor,10Pos_1
26,26,561.0,0.0,WIPI-Atg16_HEK_dFIP200_1hrTor_10Pos_1_AiryscanProcessing.czi,4.0,,,,2.0,,,,0.0,0.0,2,2,WIPI-Atg16,dFIP200,1hrTor,10Pos_1
27,27,488.0,0.0,WIPI-Atg16_HEK_dFIP200_1hrTor_10Pos_1_AiryscanProcessing.czi,5.0,,,,1.0,,,,0.0,1.0,2,2,WIPI-Atg16,dFIP200,1hrTor,10Pos_1
28,28,561.0,0.0,WIPI-Atg16_HEK_dFIP200_1hrTor_10Pos_1_AiryscanProcessing.czi,5.0,,,,1.0,,,,0.0,1.0,2,2,WIPI-Atg16,dFIP200,1hrTor,10Pos_1
29,29,488.0,0.0,WIPI-Atg16_HEK_dFIP200_1hrTor_10Pos_1_AiryscanProcessing.czi,5.0,,,,2.0,,,,0.0,1.0,2,2,WIPI-Atg16,dFIP200,1hrTor,10Pos_1
30,30,561.0,0.0,WIPI-Atg16_HEK_dFIP200_1hrTor_10Pos_1_AiryscanProcessing.czi,5.0,,,,2.0,,,,0.0,1.0,2,2,WIPI-Atg16,dFIP200,1hrTor,10Pos_1
31,31,561.0,0.0,WIPI-Atg16_HEK_dFIP200_1hrTor_10Pos_1_AiryscanProcessing.czi,6.0,,,,1.0,,,,0.0,0.0,2,2,WIPI-Atg16,dFIP200,1hrTor,10Pos_1
32,32,561.0,0.0,WIPI-Atg16_HEK_dFIP200_1hrTor_10Pos_1_AiryscanProcessing.czi,6.0,,,,2.0,,,,0.0,0.0,2,2,WIPI-Atg16,dFIP200,1hrTor,10Pos_1
33,33,561.0,0.0,WIPI-Atg16_HEK_dFIP200_1hrTor_10Pos_1_AiryscanProcessing.czi,7.0,,,,1.0,,,,0.0,0.0,2,2,WIPI-Atg16,dFIP200,1hrTor,10Pos_1
34,34,488.0,0.0,WIPI-Atg16_HEK_dFIP200_1hrTor_10Pos_1_AiryscanProcessing.czi,7.0,,,,2.0,,,,0.0,0.0,2,2,WIPI-Atg16,dFIP200,1hrTor,10Pos_1
35,35,561.0,0.0,WIPI-Atg16_HEK_dFIP200_1hrTor_10Pos_1_AiryscanProcessing.czi,7.0,,,,2.0,,,,0.0,0.0,2,2,WIPI-Atg16,dFIP200,1hrTor,10Pos_1
36,36,561.0,0.0,WIPI-Atg16_HEK_dFIP200_1hrTor_10Pos_1_AiryscanProcessing.czi,8.0,,,,1.0,,,,0.0,0.0,2,2,WIPI-Atg16,dFIP200,1hrTor,10Pos_1
37,37,561.0,0.0,WIPI-Atg16_HEK_dFIP200_1hrTor_10Pos_1_AiryscanProcessing.czi,8.0,,,,2.0,,,,0.0,0.0,2,2,WIPI-Atg16,dFIP200,1hrTor,10Pos_1
38,38,561.0,0.0,WIPI-Atg16_HEK_dFIP200_1hrTor_10Pos_1_AiryscanProcessing.czi,9.0,,,,1.0,,,,0.0,1.0,2,2,WIPI-Atg16,dFIP200,1hrTor,10Pos_1
39,39,561.0,0.0,WIPI-Atg16_HEK_dFIP200_1hrTor_10Pos_1_AiryscanProcessing.czi,9.0,,,,2.0,,,,0.0,1.0,2,2,WIPI-Atg16,dFIP200,1hrTor,10Pos_1
0,0,488.0,8.0,WIPI-Atg16_HEK_dFIP200_1hrTor_10Pos_2_AiryscanProcessing.czi,0.0,8705.25,3305.528993757494,0.0,1.0,42.125,35.01606774039598,337.0,0.0,0.0,2,2,WIPI-Atg16,dFIP200,1hrTor,10Pos_2
1,1,488.0,4.0,WIPI-Atg16_HEK_dFIP200_1hrTor_10Pos_2_AiryscanProcessing.czi,0.0,13606.75,3605.722246189613,0.0,2.0,98.5,28.101008285587664,394.0,0.0,0.0,2,2,WIPI-Atg16,dFIP200,1hrTor,10Pos_2
2,2,561.0,1.0,WIPI-Atg16_HEK_dFIP200_1hrTor_10Pos_2_AiryscanProcessing.czi,0.0,12969.0,,0.0,1.0,347.0,,347.0,0.0,0.0,2,2,WIPI-Atg16,dFIP200,1hrTor,10Pos_2
3,3,488.0,1.0,WIPI-Atg16_HEK_dFIP200_1hrTor_10Pos_2_AiryscanProcessing.czi,1.0,8746.0,,0.0,1.0,45.0,,45.0,0.0,1.0,2,2,WIPI-Atg16,dFIP200,1hrTor,10Pos_2
4,4,488.0,1.0,WIPI-Atg16_HEK_dFIP200_1hrTor_10Pos_2_AiryscanProcessing.czi,1.0,9939.0,,0.0,2.0,91.0,,91.0,0.0,1.0,2,2,WIPI-Atg16,dFIP200,1hrTor,10Pos_2
5,5,488.0,8.0,WIPI-Atg16_HEK_dFIP200_1hrTor_10Pos_2_AiryscanProcessing.czi,2.0,8723.25,2295.067677184519,0.0,1.0,22.75,31.5538089165612,182.0,0.0,0.0,4,4,WIPI-Atg16,dFIP200,1hrTor,10Pos_2
6,6,488.0,7.0,WIPI-Atg16_HEK_dFIP200_1hrTor_10Pos_2_AiryscanProcessing.czi,2.0,8676.714285714286,2647.618408701533,0.0,2.0,40.285714285714285,48.924139528165725,282.0,0.0,0.0,4,4,WIPI-Atg16,dFIP200,1hrTor,10Pos_2
7,7,488.0,10.0,WIPI-Atg16_HEK_dFIP200_1hrTor_10Pos_2_AiryscanProcessing.czi,2.0,7617.5,1254.915689952472,0.0,3.0,30.0,23.418890760333728,300.0,0.0,0.0,4,4,WIPI-Atg16,dFIP200,1hrTor,10Pos_2
8,8,488.0,10.0,WIPI-Atg16_HEK_dFIP200_1hrTor_10Pos_2_AiryscanProcessing.czi,2.0,8073.0,1633.5762404409945,0.0,4.0,34.4,26.086181953074107,344.0,0.0,0.0,4,4,WIPI-Atg16,dFIP200,1hrTor,10Pos_2
9,9,561.0,2.0,WIPI-Atg16_HEK_dFIP200_1hrTor_10Pos_2_AiryscanProcessing.czi,2.0,7266.5,211.42492757477768,0.0,2.0,11.0,1.4142135623730951,22.0,0.0,0.0,4,4,WIPI-Atg16,dFIP200,1hrTor,10Pos_2
10,10,488.0,3.0,WIPI-Atg16_HEK_dFIP200_1hrTor_10Pos_2_AiryscanProcessing.czi,3.0,11773.333333333336,3559.98122654226,0.0,1.0,75.33333333333333,44.992591982829055,226.0,0.0,0.0,2,2,WIPI-Atg16,dFIP200,1hrTor,10Pos_2
11,11,488.0,3.0,WIPI-Atg16_HEK_dFIP200_1hrTor_10Pos_2_AiryscanProcessing.czi,3.0,7034.333333333332,391.9085777746302,0.0,2.0,28.33333333333333,11.930353445448857,85.0,0.0,0.0,2,2,WIPI-Atg16,dFIP200,1hrTor,10Pos_2
12,12,488.0,4.0,WIPI-Atg16_HEK_dFIP200_1hrTor_10Pos_2_AiryscanProcessing.czi,4.0,7171.25,279.9683017771833,0.0,1.0,28.0,20.736441353327717,112.0,0.0,0.0,2,2,WIPI-Atg16,dFIP200,1hrTor,10Pos_2
13,13,488.0,71.0,WIPI-Atg16_HEK_dFIP200_1hrTor_10Pos_2_AiryscanProcessing.czi,5.0,7327.816901408451,1119.0459113504958,0.0,1.0,26.183098591549296,19.45860798071855,1859.0,0.0,1.0,2,2,WIPI-Atg16,dFIP200,1hrTor,10Pos_2
14,14,488.0,43.0,WIPI-Atg16_HEK_dFIP200_1hrTor_10Pos_2_AiryscanProcessing.czi,5.0,7525.0465116279065,1165.0578966502333,0.0,2.0,26.27906976744186,18.563052885972112,1130.0,0.0,1.0,2,2,WIPI-Atg16,dFIP200,1hrTor,10Pos_2
15,15,561.0,2.0,WIPI-Atg16_HEK_dFIP200_1hrTor_10Pos_2_AiryscanProcessing.czi,5.0,7094.5,395.27269068328,0.0,2.0,4.0,1.4142135623730951,8.0,0.0,1.0,2,2,WIPI-Atg16,dFIP200,1hrTor,10Pos_2
16,16,488.0,6.0,WIPI-Atg16_HEK_dFIP200_1hrTor_10Pos_2_AiryscanProcessing.czi,6.0,7179.833333333332,550.2440973483193,0.0,2.0,16.166666666666668,11.839200423452027,97.0,0.0,0.0,2,3,WIPI-Atg16,dFIP200,1hrTor,10Pos_2
17,17,488.0,6.0,WIPI-Atg16_HEK_dFIP200_1hrTor_10Pos_2_AiryscanProcessing.czi,6.0,9183.166666666666,1439.8446328221203,0.0,3.0,47.16666666666666,25.87985059204683,283.0,0.0,0.0,2,3,WIPI-Atg16,dFIP200,1hrTor,10Pos_2
18,18,488.0,13.0,WIPI-Atg16_HEK_dFIP200_1hrTor_10Pos_2_AiryscanProcessing.czi,7.0,7567.384615384615,2550.819232405593,0.0,1.0,22.84615384615385,18.827489449588303,297.0,0.0,0.0,2,2,WIPI-Atg16,dFIP200,1hrTor,10Pos_2
19,19,488.0,4.0,WIPI-Atg16_HEK_dFIP200_1hrTor_10Pos_2_AiryscanProcessing.czi,7.0,8763.0,3497.539039572444,0.0,2.0,65.25,35.453020557727754,261.0,0.0,0.0,2,2,WIPI-Atg16,dFIP200,1hrTor,10Pos_2
20,20,561.0,1.0,WIPI-Atg16_HEK_dFIP200_1hrTor_10Pos_2_AiryscanProcessing.czi,7.0,6916.0,,0.0,1.0,20.0,,20.0,0.0,0.0,2,2,WIPI-Atg16,dFIP200,1hrTor,10Pos_2
21,21,488.0,8.0,WIPI-Atg16_HEK_dFIP200_1hrTor_10Pos_2_AiryscanProcessing.czi,8.0,7105.375,1089.3642887351452,0.0,1.0,35.5,23.151673805580447,284.0,0.0,0.0,2,2,WIPI-Atg16,dFIP200,1hrTor,10Pos_2
22,22,488.0,6.0,WIPI-Atg16_HEK_dFIP200_1hrTor_10Pos_2_AiryscanProcessing.czi,8.0,7485.0,1173.5643143858795,0.0,2.0,39.16666666666666,28.7500724636768,235.0,0.0,0.0,2,2,WIPI-Atg16,dFIP200,1hrTor,10Pos_2
23,23,488.0,5.0,WIPI-Atg16_HEK_dFIP200_1hrTor_10Pos_2_AiryscanProcessing.czi,9.0,10321.2,7169.065015746474,0.0,1.0,54.8,74.10600515477813,274.0,0.0,1.0,2,2,WIPI-Atg16,dFIP200,1hrTor,10Pos_2
24,24,488.0,12.0,WIPI-Atg16_HEK_dFIP200_1hrTor_10Pos_2_AiryscanProcessing.czi,9.0,9858.666666666666,5764.725071633092,0.0,2.0,34.75,27.657400784994568,417.0,0.0,1.0,2,2,WIPI-Atg16,dFIP200,1hrTor,10Pos_2
25,25,561.0,2.0,WIPI-Atg16_HEK_dFIP200_1hrTor_10Pos_2_AiryscanProcessing.czi,9.0,8522.5,468.811795926681,0.0,2.0,37.5,23.33452377915607,75.0,0.0,1.0,2,2,WIPI-Atg16,dFIP200,1hrTor,10Pos_2
26,26,561.0,0.0,WIPI-Atg16_HEK_dFIP200_1hrTor_10Pos_2_AiryscanProcessing.czi,0.0,,,,2.0,,,,0.0,0.0,2,2,WIPI-Atg16,dFIP200,1hrTor,10Pos_2
27,27,561.0,0.0,WIPI-Atg16_HEK_dFIP200_1hrTor_10Pos_2_AiryscanProcessing.czi,1.0,,,,1.0,,,,0.0,1.0,2,2,WIPI-Atg16,dFIP200,1hrTor,10Pos_2
28,28,561.0,0.0,WIPI-Atg16_HEK_dFIP200_1hrTor_10Pos_2_AiryscanProcessing.czi,1.0,,,,2.0,,,,0.0,1.0,2,2,WIPI-Atg16,dFIP200,1hrTor,10Pos_2
29,29,561.0,0.0,WIPI-Atg16_HEK_dFIP200_1hrTor_10Pos_2_AiryscanProcessing.czi,2.0,,,,1.0,,,,0.0,0.0,4,4,WIPI-Atg16,dFIP200,1hrTor,10Pos_2
30,30,561.0,0.0,WIPI-Atg16_HEK_dFIP200_1hrTor_10Pos_2_AiryscanProcessing.czi,2.0,,,,3.0,,,,0.0,0.0,4,4,WIPI-Atg16,dFIP200,1hrTor,10Pos_2
31,31,561.0,0.0,WIPI-Atg16_HEK_dFIP200_1hrTor_10Pos_2_AiryscanProcessing.czi,2.0,,,,4.0,,,,0.0,0.0,4,4,WIPI-Atg16,dFIP200,1hrTor,10Pos_2
32,32,561.0,0.0,WIPI-Atg16_HEK_dFIP200_1hrTor_10Pos_2_AiryscanProcessing.czi,3.0,,,,1.0,,,,0.0,0.0,2,2,WIPI-Atg16,dFIP200,1hrTor,10Pos_2
33,33,561.0,0.0,WIPI-Atg16_HEK_dFIP200_1hrTor_10Pos_2_AiryscanProcessing.czi,3.0,,,,2.0,,,,0.0,0.0,2,2,WIPI-Atg16,dFIP200,1hrTor,10Pos_2
34,34,561.0,0.0,WIPI-Atg16_HEK_dFIP200_1hrTor_10Pos_2_AiryscanProcessing.czi,4.0,,,,1.0,,,,0.0,0.0,2,2,WIPI-Atg16,dFIP200,1hrTor,10Pos_2
35,35,488.0,0.0,WIPI-Atg16_HEK_dFIP200_1hrTor_10Pos_2_AiryscanProcessing.czi,4.0,,,,2.0,,,,0.0,0.0,2,2,WIPI-Atg16,dFIP200,1hrTor,10Pos_2
36,36,561.0,0.0,WIPI-Atg16_HEK_dFIP200_1hrTor_10Pos_2_AiryscanProcessing.czi,4.0,,,,2.0,,,,0.0,0.0,2,2,WIPI-Atg16,dFIP200,1hrTor,10Pos_2
37,37,561.0,0.0,WIPI-Atg16_HEK_dFIP200_1hrTor_10Pos_2_AiryscanProcessing.czi,5.0,,,,1.0,,,,0.0,1.0,2,2,WIPI-Atg16,dFIP200,1hrTor,10Pos_2
38,38,561.0,0.0,WIPI-Atg16_HEK_dFIP200_1hrTor_10Pos_2_AiryscanProcessing.czi,6.0,,,,2.0,,,,0.0,0.0,2,3,WIPI-Atg16,dFIP200,1hrTor,10Pos_2
39,39,561.0,0.0,WIPI-Atg16_HEK_dFIP200_1hrTor_10Pos_2_AiryscanProcessing.czi,6.0,,,,3.0,,,,0.0,0.0,2,3,WIPI-Atg16,dFIP200,1hrTor,10Pos_2
40,40,561.0,0.0,WIPI-Atg16_HEK_dFIP200_1hrTor_10Pos_2_AiryscanProcessing.czi,7.0,,,,2.0,,,,0.0,0.0,2,2,WIPI-Atg16,dFIP200,1hrTor,10Pos_2
41,41,561.0,0.0,WIPI-Atg16_HEK_dFIP200_1hrTor_10Pos_2_AiryscanProcessing.czi,8.0,,,,1.0,,,,0.0,0.0,2,2,WIPI-Atg16,dFIP200,1hrTor,10Pos_2
42,42,561.0,0.0,WIPI-Atg16_HEK_dFIP200_1hrTor_10Pos_2_AiryscanProcessing.czi,8.0,,,,2.0,,,,0.0,0.0,2,2,WIPI-Atg16,dFIP200,1hrTor,10Pos_2
43,43,561.0,0.0,WIPI-Atg16_HEK_dFIP200_1hrTor_10Pos_2_AiryscanProcessing.czi,9.0,,,,1.0,,,,0.0,1.0,2,2,WIPI-Atg16,dFIP200,1hrTor,10Pos_2
0,0,488.0,3.0,WIPI-Atg16_HEK_dTMEM_1hrTor_20Pos_2_AiryscanProcessing.czi,0.0,10745.666666666666,4107.149416971987,1.0,1.0,68.0,59.80802621722272,204.0,1.0,1.0,2,3,WIPI-Atg16,dTMEM,1hrTor,20Pos_2
1,1,488.0,141.0,WIPI-Atg16_HEK_dTMEM_1hrTor_20Pos_2_AiryscanProcessing.czi,0.0,19802.574468085106,5486.081824859865,3.0,2.0,162.47517730496457,90.23371096058467,22909.0,1.0,1.0,2,3,WIPI-Atg16,dTMEM,1hrTor,20Pos_2
2,2,561.0,4.0,WIPI-Atg16_HEK_dTMEM_1hrTor_20Pos_2_AiryscanProcessing.czi,0.0,12590.5,390.21233535943816,1.0,1.0,44.5,17.540429489230494,178.0,1.0,1.0,2,3,WIPI-Atg16,dTMEM,1hrTor,20Pos_2
3,3,561.0,7.0,WIPI-Atg16_HEK_dTMEM_1hrTor_20Pos_2_AiryscanProcessing.czi,0.0,8404.42857142857,2102.215010977933,3.0,2.0,32.57142857142857,34.80831865544568,228.0,1.0,1.0,2,3,WIPI-Atg16,dTMEM,1hrTor,20Pos_2
4,4,488.0,88.0,WIPI-Atg16_HEK_dTMEM_1hrTor_20Pos_2_AiryscanProcessing.czi,1.0,11525.136363636364,2825.4704833807036,1.0,1.0,96.36363636363636,60.10320277926975,8480.0,0.0,1.0,2,2,WIPI-Atg16,dTMEM,1hrTor,20Pos_2
5,5,488.0,54.0,WIPI-Atg16_HEK_dTMEM_1hrTor_20Pos_2_AiryscanProcessing.czi,1.0,12594.851851851852,4240.210351703629,0.0,2.0,144.72222222222226,141.3630968719655,7815.0,0.0,1.0,2,2,WIPI-Atg16,dTMEM,1hrTor,20Pos_2
6,6,561.0,1.0,WIPI-Atg16_HEK_dTMEM_1hrTor_20Pos_2_AiryscanProcessing.czi,1.0,8160.0,,1.0,1.0,25.0,,25.0,0.0,1.0,2,2,WIPI-Atg16,dTMEM,1hrTor,20Pos_2
7,7,488.0,74.0,WIPI-Atg16_HEK_dTMEM_1hrTor_20Pos_2_AiryscanProcessing.czi,2.0,12150.04054054054,3189.388709580521,0.0,2.0,112.77027027027029,69.23130721397719,8345.0,0.0,0.0,2,3,WIPI-Atg16,dTMEM,1hrTor,20Pos_2
8,8,488.0,56.0,WIPI-Atg16_HEK_dTMEM_1hrTor_20Pos_2_AiryscanProcessing.czi,2.0,11579.660714285714,3027.967036429112,0.0,3.0,86.55357142857143,43.9772336319837,4847.0,0.0,0.0,2,3,WIPI-Atg16,dTMEM,1hrTor,20Pos_2
9,9,488.0,103.0,WIPI-Atg16_HEK_dTMEM_1hrTor_20Pos_2_AiryscanProcessing.czi,3.0,12037.737864077671,3114.2460169582764,0.0,1.0,100.58252427184463,51.60455297435711,10360.0,0.0,0.0,2,2,WIPI-Atg16,dTMEM,1hrTor,20Pos_2
10,10,488.0,107.0,WIPI-Atg16_HEK_dTMEM_1hrTor_20Pos_2_AiryscanProcessing.czi,3.0,12570.121495327105,3255.202963588635,0.0,2.0,104.4859813084112,55.344608996888894,11180.0,0.0,0.0,2,2,WIPI-Atg16,dTMEM,1hrTor,20Pos_2
11,11,488.0,65.0,WIPI-Atg16_HEK_dTMEM_1hrTor_20Pos_2_AiryscanProcessing.czi,4.0,10854.723076923075,2394.384977841989,0.0,1.0,90.26153846153844,40.20077615974789,5867.0,0.0,1.0,4,4,WIPI-Atg16,dTMEM,1hrTor,20Pos_2
12,12,488.0,61.0,WIPI-Atg16_HEK_dTMEM_1hrTor_20Pos_2_AiryscanProcessing.czi,4.0,11255.426229508195,2711.4932507077865,0.0,2.0,101.80327868852459,73.62400416352698,6210.0,0.0,1.0,4,4,WIPI-Atg16,dTMEM,1hrTor,20Pos_2
13,13,488.0,100.0,WIPI-Atg16_HEK_dTMEM_1hrTor_20Pos_2_AiryscanProcessing.czi,4.0,11913.34,3322.468986470845,0.0,3.0,110.94,75.53510388681491,11094.0,0.0,1.0,4,4,WIPI-Atg16,dTMEM,1hrTor,20Pos_2
14,14,488.0,66.0,WIPI-Atg16_HEK_dTMEM_1hrTor_20Pos_2_AiryscanProcessing.czi,4.0,10693.39393939394,2295.910631326844,0.0,4.0,87.03030303030305,41.32161650608542,5744.0,0.0,1.0,4,4,WIPI-Atg16,dTMEM,1hrTor,20Pos_2
15,15,488.0,87.0,WIPI-Atg16_HEK_dTMEM_1hrTor_20Pos_2_AiryscanProcessing.czi,5.0,12722.413793103447,3315.165124624785,0.0,1.0,116.87356321839079,64.49568303521637,10168.0,0.0,0.0,2,2,WIPI-Atg16,dTMEM,1hrTor,20Pos_2
16,16,488.0,70.0,WIPI-Atg16_HEK_dTMEM_1hrTor_20Pos_2_AiryscanProcessing.czi,5.0,12012.271428571428,3168.4988029647784,0.0,2.0,100.68571428571428,56.61759414593406,7048.0,0.0,0.0,2,2,WIPI-Atg16,dTMEM,1hrTor,20Pos_2
17,17,488.0,69.0,WIPI-Atg16_HEK_dTMEM_1hrTor_20Pos_2_AiryscanProcessing.czi,6.0,14364.260869565218,2980.641510363035,4.0,1.0,130.3913043478261,59.85281392748684,8997.0,0.0,0.0,2,2,WIPI-Atg16,dTMEM,1hrTor,20Pos_2
18,18,488.0,98.0,WIPI-Atg16_HEK_dTMEM_1hrTor_20Pos_2_AiryscanProcessing.czi,6.0,13721.418367346938,3444.002777647351,0.0,2.0,118.78571428571428,69.13817779538292,11641.0,0.0,0.0,2,2,WIPI-Atg16,dTMEM,1hrTor,20Pos_2
19,19,561.0,6.0,WIPI-Atg16_HEK_dTMEM_1hrTor_20Pos_2_AiryscanProcessing.czi,6.0,7861.833333333332,564.4194952928775,6.0,1.0,20.83333333333333,14.14802695313614,125.0,0.0,0.0,2,2,WIPI-Atg16,dTMEM,1hrTor,20Pos_2
20,20,488.0,85.0,WIPI-Atg16_HEK_dTMEM_1hrTor_20Pos_2_AiryscanProcessing.czi,7.0,11322.658823529411,2580.385277401794,0.0,1.0,90.35294117647058,50.24883459495614,7680.0,0.0,1.0,5,4,WIPI-Atg16,dTMEM,1hrTor,20Pos_2
21,21,488.0,7.0,WIPI-Atg16_HEK_dTMEM_1hrTor_20Pos_2_AiryscanProcessing.czi,7.0,9942.0,1177.9983022059073,0.0,2.0,64.85714285714286,17.072673793995786,454.0,0.0,1.0,5,4,WIPI-Atg16,dTMEM,1hrTor,20Pos_2
22,22,488.0,55.0,WIPI-Atg16_HEK_dTMEM_1hrTor_20Pos_2_AiryscanProcessing.czi,7.0,10164.309090909092,2636.301469811569,0.0,3.0,74.54545454545455,49.15275440901828,4100.0,0.0,1.0,5,4,WIPI-Atg16,dTMEM,1hrTor,20Pos_2
23,23,488.0,9.0,WIPI-Atg16_HEK_dTMEM_1hrTor_20Pos_2_AiryscanProcessing.czi,7.0,9449.777777777776,1510.6802091920194,0.0,4.0,51.88888888888889,34.22150071389493,467.0,0.0,1.0,5,4,WIPI-Atg16,dTMEM,1hrTor,20Pos_2
24,24,488.0,22.0,WIPI-Atg16_HEK_dTMEM_1hrTor_20Pos_2_AiryscanProcessing.czi,7.0,10458.318181818182,2180.4548539536127,0.0,5.0,72.54545454545455,58.5049670440995,1596.0,0.0,1.0,5,4,WIPI-Atg16,dTMEM,1hrTor,20Pos_2
25,25,488.0,90.0,WIPI-Atg16_HEK_dTMEM_1hrTor_20Pos_2_AiryscanProcessing.czi,8.0,12937.822222222225,3556.5390245586354,0.0,1.0,121.53333333333332,67.60330422082218,10938.0,0.0,1.0,2,3,WIPI-Atg16,dTMEM,1hrTor,20Pos_2
26,26,488.0,116.0,WIPI-Atg16_HEK_dTMEM_1hrTor_20Pos_2_AiryscanProcessing.czi,8.0,12603.974137931034,3253.993456772253,0.0,2.0,112.31896551724138,73.15874331983792,13029.0,0.0,1.0,2,3,WIPI-Atg16,dTMEM,1hrTor,20Pos_2
27,27,488.0,72.0,WIPI-Atg16_HEK_dTMEM_1hrTor_20Pos_2_AiryscanProcessing.czi,9.0,12355.875,2824.913160512482,0.0,1.0,118.5,66.13728785693003,8532.0,0.0,1.0,2,2,WIPI-Atg16,dTMEM,1hrTor,20Pos_2
28,28,488.0,79.0,WIPI-Atg16_HEK_dTMEM_1hrTor_20Pos_2_AiryscanProcessing.czi,9.0,12919.151898734175,3998.9451977464864,0.0,2.0,118.15189873417721,74.6559782770438,9334.0,0.0,1.0,2,2,WIPI-Atg16,dTMEM,1hrTor,20Pos_2
29,29,488.0,113.0,WIPI-Atg16_HEK_dTMEM_1hrTor_20Pos_2_AiryscanProcessing.czi,10.0,10947.646017699117,2189.59109816175,0.0,1.0,92.2566371681416,53.89188561387478,10425.0,0.0,1.0,3,3,WIPI-Atg16,dTMEM,1hrTor,20Pos_2
30,30,488.0,110.0,WIPI-Atg16_HEK_dTMEM_1hrTor_20Pos_2_AiryscanProcessing.czi,10.0,10954.718181818182,2440.6147786636725,0.0,2.0,108.7,57.063709767916976,11957.0,0.0,1.0,3,3,WIPI-Atg16,dTMEM,1hrTor,20Pos_2
31,31,488.0,49.0,WIPI-Atg16_HEK_dTMEM_1hrTor_20Pos_2_AiryscanProcessing.czi,10.0,10543.204081632653,2506.365504234433,0.0,3.0,95.04081632653065,74.2619123956087,4657.0,0.0,1.0,3,3,WIPI-Atg16,dTMEM,1hrTor,20Pos_2
32,32,488.0,107.0,WIPI-Atg16_HEK_dTMEM_1hrTor_20Pos_2_AiryscanProcessing.czi,11.0,12724.018691588784,3198.441138528027,0.0,1.0,113.0,80.4255192768029,12091.0,0.0,0.0,3,3,WIPI-Atg16,dTMEM,1hrTor,20Pos_2
33,33,488.0,88.0,WIPI-Atg16_HEK_dTMEM_1hrTor_20Pos_2_AiryscanProcessing.czi,11.0,13101.943181818182,3116.361171423745,1.0,2.0,115.9431818181818,67.29030569357208,10203.0,0.0,0.0,3,3,WIPI-Atg16,dTMEM,1hrTor,20Pos_2
34,34,488.0,62.0,WIPI-Atg16_HEK_dTMEM_1hrTor_20Pos_2_AiryscanProcessing.czi,11.0,12769.532258064517,3595.9112377935444,0.0,3.0,129.0483870967742,86.45882700943669,8001.0,0.0,0.0,3,3,WIPI-Atg16,dTMEM,1hrTor,20Pos_2
35,35,561.0,1.0,WIPI-Atg16_HEK_dTMEM_1hrTor_20Pos_2_AiryscanProcessing.czi,11.0,8663.0,,1.0,2.0,62.0,,62.0,0.0,0.0,3,3,WIPI-Atg16,dTMEM,1hrTor,20Pos_2
36,36,488.0,49.0,WIPI-Atg16_HEK_dTMEM_1hrTor_20Pos_2_AiryscanProcessing.czi,12.0,13808.469387755102,3925.1137303164055,0.0,1.0,109.85714285714286,48.775420722600295,5383.0,0.0,1.0,2,2,WIPI-Atg16,dTMEM,1hrTor,20Pos_2
37,37,488.0,76.0,WIPI-Atg16_HEK_dTMEM_1hrTor_20Pos_2_AiryscanProcessing.czi,12.0,13259.381578947368,4146.267249682475,0.0,2.0,99.05263157894736,55.51934071098518,7528.0,0.0,1.0,2,2,WIPI-Atg16,dTMEM,1hrTor,20Pos_2
38,38,488.0,119.0,WIPI-Atg16_HEK_dTMEM_1hrTor_20Pos_2_AiryscanProcessing.czi,13.0,11529.798319327727,2656.9283991673988,1.0,1.0,97.77310924369749,55.87553313358666,11635.0,1.0,1.0,2,2,WIPI-Atg16,dTMEM,1hrTor,20Pos_2
39,39,488.0,89.0,WIPI-Atg16_HEK_dTMEM_1hrTor_20Pos_2_AiryscanProcessing.czi,13.0,12562.786516853934,3662.60388767308,1.0,2.0,105.6067415730337,71.35484598080093,9399.0,1.0,1.0,2,2,WIPI-Atg16,dTMEM,1hrTor,20Pos_2
40,40,561.0,1.0,WIPI-Atg16_HEK_dTMEM_1hrTor_20Pos_2_AiryscanProcessing.czi,13.0,7258.0,,1.0,1.0,25.0,,25.0,1.0,1.0,2,2,WIPI-Atg16,dTMEM,1hrTor,20Pos_2
41,41,561.0,1.0,WIPI-Atg16_HEK_dTMEM_1hrTor_20Pos_2_AiryscanProcessing.czi,13.0,8265.0,,1.0,2.0,44.0,,44.0,1.0,1.0,2,2,WIPI-Atg16,dTMEM,1hrTor,20Pos_2
42,42,488.0,87.0,WIPI-Atg16_HEK_dTMEM_1hrTor_20Pos_2_AiryscanProcessing.czi,14.0,13207.81609195402,3685.933192648541,0.0,1.0,113.60919540229885,62.825405230434846,9884.0,0.0,1.0,2,2,WIPI-Atg16,dTMEM,1hrTor,20Pos_2
43,43,488.0,112.0,WIPI-Atg16_HEK_dTMEM_1hrTor_20Pos_2_AiryscanProcessing.czi,14.0,13883.375,3571.5982697456957,0.0,2.0,116.20535714285714,51.155678027623615,13015.0,0.0,1.0,2,2,WIPI-Atg16,dTMEM,1hrTor,20Pos_2
44,44,561.0,2.0,WIPI-Atg16_HEK_dTMEM_1hrTor_20Pos_2_AiryscanProcessing.czi,14.0,7775.0,591.1412690719537,0.0,1.0,50.0,11.31370849898476,100.0,0.0,1.0,2,2,WIPI-Atg16,dTMEM,1hrTor,20Pos_2
45,45,488.0,108.0,WIPI-Atg16_HEK_dTMEM_1hrTor_20Pos_2_AiryscanProcessing.czi,15.0,11891.777777777776,2672.5269372879284,0.0,1.0,101.75,53.057740545331384,10989.0,0.0,1.0,1,1,WIPI-Atg16,dTMEM,1hrTor,20Pos_2
46,46,488.0,44.0,WIPI-Atg16_HEK_dTMEM_1hrTor_20Pos_2_AiryscanProcessing.czi,16.0,12104.568181818182,2968.849040141669,0.0,1.0,113.27272727272728,53.546052179567006,4984.0,0.0,1.0,2,2,WIPI-Atg16,dTMEM,1hrTor,20Pos_2
47,47,488.0,67.0,WIPI-Atg16_HEK_dTMEM_1hrTor_20Pos_2_AiryscanProcessing.czi,16.0,11418.417910447759,2922.7720504802105,0.0,2.0,89.88059701492539,41.434330074578035,6022.0,0.0,1.0,2,2,WIPI-Atg16,dTMEM,1hrTor,20Pos_2
48,48,488.0,125.0,WIPI-Atg16_HEK_dTMEM_1hrTor_20Pos_2_AiryscanProcessing.czi,17.0,12750.656,3485.9994357706873,0.0,1.0,118.624,68.07001424055733,14828.0,0.0,1.0,1,1,WIPI-Atg16,dTMEM,1hrTor,20Pos_2
49,49,488.0,126.0,WIPI-Atg16_HEK_dTMEM_1hrTor_20Pos_2_AiryscanProcessing.czi,18.0,13262.484126984129,3604.2197285606812,0.0,1.0,101.8095238095238,53.25902203919472,12828.0,0.0,1.0,2,2,WIPI-Atg16,dTMEM,1hrTor,20Pos_2
50,50,488.0,125.0,WIPI-Atg16_HEK_dTMEM_1hrTor_20Pos_2_AiryscanProcessing.czi,18.0,13082.072,3276.2043788309306,1.0,2.0,103.672,62.08640908885282,12959.0,0.0,1.0,2,2,WIPI-Atg16,dTMEM,1hrTor,20Pos_2
51,51,561.0,1.0,WIPI-Atg16_HEK_dTMEM_1hrTor_20Pos_2_AiryscanProcessing.czi,18.0,7870.0,,1.0,2.0,24.0,,24.0,0.0,1.0,2,2,WIPI-Atg16,dTMEM,1hrTor,20Pos_2
52,52,488.0,86.0,WIPI-Atg16_HEK_dTMEM_1hrTor_20Pos_2_AiryscanProcessing.czi,19.0,13933.267441860466,3442.3106139521306,0.0,1.0,109.34883720930232,46.49042088351243,9404.0,0.0,1.0,2,2,WIPI-Atg16,dTMEM,1hrTor,20Pos_2
53,53,488.0,98.0,WIPI-Atg16_HEK_dTMEM_1hrTor_20Pos_2_AiryscanProcessing.czi,19.0,14900.0,3845.9995818389207,0.0,2.0,124.79591836734691,60.97421445602518,12230.0,0.0,1.0,2,2,WIPI-Atg16,dTMEM,1hrTor,20Pos_2
54,54,561.0,0.0,WIPI-Atg16_HEK_dTMEM_1hrTor_20Pos_2_AiryscanProcessing.czi,1.0,,,,2.0,,,,0.0,1.0,2,2,WIPI-Atg16,dTMEM,1hrTor,20Pos_2
55,55,561.0,0.0,WIPI-Atg16_HEK_dTMEM_1hrTor_20Pos_2_AiryscanProcessing.czi,2.0,,,,2.0,,,,0.0,0.0,2,3,WIPI-Atg16,dTMEM,1hrTor,20Pos_2
56,56,561.0,0.0,WIPI-Atg16_HEK_dTMEM_1hrTor_20Pos_2_AiryscanProcessing.czi,2.0,,,,3.0,,,,0.0,0.0,2,3,WIPI-Atg16,dTMEM,1hrTor,20Pos_2
57,57,561.0,0.0,WIPI-Atg16_HEK_dTMEM_1hrTor_20Pos_2_AiryscanProcessing.czi,3.0,,,,1.0,,,,0.0,0.0,2,2,WIPI-Atg16,dTMEM,1hrTor,20Pos_2
58,58,561.0,0.0,WIPI-Atg16_HEK_dTMEM_1hrTor_20Pos_2_AiryscanProcessing.czi,3.0,,,,2.0,,,,0.0,0.0,2,2,WIPI-Atg16,dTMEM,1hrTor,20Pos_2
59,59,561.0,0.0,WIPI-Atg16_HEK_dTMEM_1hrTor_20Pos_2_AiryscanProcessing.czi,4.0,,,,1.0,,,,0.0,1.0,4,4,WIPI-Atg16,dTMEM,1hrTor,20Pos_2
60,60,561.0,0.0,WIPI-Atg16_HEK_dTMEM_1hrTor_20Pos_2_AiryscanProcessing.czi,4.0,,,,2.0,,,,0.0,1.0,4,4,WIPI-Atg16,dTMEM,1hrTor,20Pos_2
61,61,561.0,0.0,WIPI-Atg16_HEK_dTMEM_1hrTor_20Pos_2_AiryscanProcessing.czi,4.0,,,,3.0,,,,0.0,1.0,4,4,WIPI-Atg16,dTMEM,1hrTor,20Pos_2
62,62,561.0,0.0,WIPI-Atg16_HEK_dTMEM_1hrTor_20Pos_2_AiryscanProcessing.czi,4.0,,,,4.0,,,,0.0,1.0,4,4,WIPI-Atg16,dTMEM,1hrTor,20Pos_2
63,63,561.0,0.0,WIPI-Atg16_HEK_dTMEM_1hrTor_20Pos_2_AiryscanProcessing.czi,5.0,,,,1.0,,,,0.0,0.0,2,2,WIPI-Atg16,dTMEM,1hrTor,20Pos_2
64,64,561.0,0.0,WIPI-Atg16_HEK_dTMEM_1hrTor_20Pos_2_AiryscanProcessing.czi,5.0,,,,2.0,,,,0.0,0.0,2,2,WIPI-Atg16,dTMEM,1hrTor,20Pos_2
65,65,561.0,0.0,WIPI-Atg16_HEK_dTMEM_1hrTor_20Pos_2_AiryscanProcessing.czi,6.0,,,,2.0,,,,0.0,0.0,2,2,WIPI-Atg16,dTMEM,1hrTor,20Pos_2
66,66,561.0,0.0,WIPI-Atg16_HEK_dTMEM_1hrTor_20Pos_2_AiryscanProcessing.czi,7.0,,,,1.0,,,,0.0,1.0,5,4,WIPI-Atg16,dTMEM,1hrTor,20Pos_2
67,67,561.0,0.0,WIPI-Atg16_HEK_dTMEM_1hrTor_20Pos_2_AiryscanProcessing.czi,7.0,,,,2.0,,,,0.0,1.0,5,4,WIPI-Atg16,dTMEM,1hrTor,20Pos_2
68,68,561.0,0.0,WIPI-Atg16_HEK_dTMEM_1hrTor_20Pos_2_AiryscanProcessing.czi,7.0,,,,3.0,,,,0.0,1.0,5,4,WIPI-Atg16,dTMEM,1hrTor,20Pos_2
69,69,561.0,0.0,WIPI-Atg16_HEK_dTMEM_1hrTor_20Pos_2_AiryscanProcessing.czi,7.0,,,,4.0,,,,0.0,1.0,5,4,WIPI-Atg16,dTMEM,1hrTor,20Pos_2
70,70,561.0,0.0,WIPI-Atg16_HEK_dTMEM_1hrTor_20Pos_2_AiryscanProcessing.czi,7.0,,,,5.0,,,,0.0,1.0,5,4,WIPI-Atg16,dTMEM,1hrTor,20Pos_2
71,71,561.0,0.0,WIPI-Atg16_HEK_dTMEM_1hrTor_20Pos_2_AiryscanProcessing.czi,8.0,,,,1.0,,,,0.0,1.0,2,3,WIPI-Atg16,dTMEM,1hrTor,20Pos_2
72,72,561.0,0.0,WIPI-Atg16_HEK_dTMEM_1hrTor_20Pos_2_AiryscanProcessing.czi,8.0,,,,2.0,,,,0.0,1.0,2,3,WIPI-Atg16,dTMEM,1hrTor,20Pos_2
73,73,561.0,0.0,WIPI-Atg16_HEK_dTMEM_1hrTor_20Pos_2_AiryscanProcessing.czi,9.0,,,,1.0,,,,0.0,1.0,2,2,WIPI-Atg16,dTMEM,1hrTor,20Pos_2
74,74,561.0,0.0,WIPI-Atg16_HEK_dTMEM_1hrTor_20Pos_2_AiryscanProcessing.czi,9.0,,,,2.0,,,,0.0,1.0,2,2,WIPI-Atg16,dTMEM,1hrTor,20Pos_2
75,75,561.0,0.0,WIPI-Atg16_HEK_dTMEM_1hrTor_20Pos_2_AiryscanProcessing.czi,10.0,,,,1.0,,,,0.0,1.0,3,3,WIPI-Atg16,dTMEM,1hrTor,20Pos_2
76,76,561.0,0.0,WIPI-Atg16_HEK_dTMEM_1hrTor_20Pos_2_AiryscanProcessing.czi,10.0,,,,2.0,,,,0.0,1.0,3,3,WIPI-Atg16,dTMEM,1hrTor,20Pos_2
77,77,561.0,0.0,WIPI-Atg16_HEK_dTMEM_1hrTor_20Pos_2_AiryscanProcessing.czi,10.0,,,,3.0,,,,0.0,1.0,3,3,WIPI-Atg16,dTMEM,1hrTor,20Pos_2
78,78,561.0,0.0,WIPI-Atg16_HEK_dTMEM_1hrTor_20Pos_2_AiryscanProcessing.czi,11.0,,,,1.0,,,,0.0,0.0,3,3,WIPI-Atg16,dTMEM,1hrTor,20Pos_2
79,79,561.0,0.0,WIPI-Atg16_HEK_dTMEM_1hrTor_20Pos_2_AiryscanProcessing.czi,11.0,,,,3.0,,,,0.0,0.0,3,3,WIPI-Atg16,dTMEM,1hrTor,20Pos_2
80,80,561.0,0.0,WIPI-Atg16_HEK_dTMEM_1hrTor_20Pos_2_AiryscanProcessing.czi,12.0,,,,1.0,,,,0.0,1.0,2,2,WIPI-Atg16,dTMEM,1hrTor,20Pos_2
81,81,561.0,0.0,WIPI-Atg16_HEK_dTMEM_1hrTor_20Pos_2_AiryscanProcessing.czi,12.0,,,,2.0,,,,0.0,1.0,2,2,WIPI-Atg16,dTMEM,1hrTor,20Pos_2
82,82,561.0,0.0,WIPI-Atg16_HEK_dTMEM_1hrTor_20Pos_2_AiryscanProcessing.czi,14.0,,,,2.0,,,,0.0,1.0,2,2,WIPI-Atg16,dTMEM,1hrTor,20Pos_2
83,83,561.0,0.0,WIPI-Atg16_HEK_dTMEM_1hrTor_20Pos_2_AiryscanProcessing.czi,15.0,,,,1.0,,,,0.0,1.0,1,1,WIPI-Atg16,dTMEM,1hrTor,20Pos_2
84,84,561.0,0.0,WIPI-Atg16_HEK_dTMEM_1hrTor_20Pos_2_AiryscanProcessing.czi,16.0,,,,1.0,,,,0.0,1.0,2,2,WIPI-Atg16,dTMEM,1hrTor,20Pos_2
85,85,561.0,0.0,WIPI-Atg16_HEK_dTMEM_1hrTor_20Pos_2_AiryscanProcessing.czi,16.0,,,,2.0,,,,0.0,1.0,2,2,WIPI-Atg16,dTMEM,1hrTor,20Pos_2
86,86,561.0,0.0,WIPI-Atg16_HEK_dTMEM_1hrTor_20Pos_2_AiryscanProcessing.czi,17.0,,,,1.0,,,,0.0,1.0,1,1,WIPI-Atg16,dTMEM,1hrTor,20Pos_2
87,87,561.0,0.0,WIPI-Atg16_HEK_dTMEM_1hrTor_20Pos_2_AiryscanProcessing.czi,18.0,,,,1.0,,,,0.0,1.0,2,2,WIPI-Atg16,dTMEM,1hrTor,20Pos_2
88,88,561.0,0.0,WIPI-Atg16_HEK_dTMEM_1hrTor_20Pos_2_AiryscanProcessing.czi,19.0,,,,1.0,,,,0.0,1.0,2,2,WIPI-Atg16,dTMEM,1hrTor,20Pos_2
89,89,561.0,0.0,WIPI-Atg16_HEK_dTMEM_1hrTor_20Pos_2_AiryscanProcessing.czi,19.0,,,,2.0,,,,0.0,1.0,2,2,WIPI-Atg16,dTMEM,1hrTor,20Pos_2
0,0,488.0,20.0,WIPI-Atg16_HEK_dVPS_0hrTor_20Pos_1_AiryscanProcessing.czi,0.0,12672.0,5870.708502028479,3.0,1.0,111.9,107.70471328200031,2238.0,0.0,0.0,2,2,WIPI-Atg16,dVPS,0hrTor,20Pos_1
1,1,488.0,26.0,WIPI-Atg16_HEK_dVPS_0hrTor_20Pos_1_AiryscanProcessing.czi,0.0,10392.423076923076,5106.725723381485,1.0,2.0,59.84615384615386,63.09402019696783,1556.0,0.0,0.0,2,2,WIPI-Atg16,dVPS,0hrTor,20Pos_1
2,2,561.0,3.0,WIPI-Atg16_HEK_dVPS_0hrTor_20Pos_1_AiryscanProcessing.czi,0.0,7734.333333333332,397.3667491541452,3.0,1.0,58.33333333333334,17.7857620959388,175.0,0.0,0.0,2,2,WIPI-Atg16,dVPS,0hrTor,20Pos_1
3,3,561.0,1.0,WIPI-Atg16_HEK_dVPS_0hrTor_20Pos_1_AiryscanProcessing.czi,0.0,8627.0,,1.0,2.0,54.0,,54.0,0.0,0.0,2,2,WIPI-Atg16,dVPS,0hrTor,20Pos_1
4,4,488.0,7.0,WIPI-Atg16_HEK_dVPS_0hrTor_20Pos_1_AiryscanProcessing.czi,1.0,11116.428571428567,3937.203443102853,0.0,1.0,76.57142857142857,65.74155748803325,536.0,0.0,1.0,2,2,WIPI-Atg16,dVPS,0hrTor,20Pos_1
5,5,488.0,20.0,WIPI-Atg16_HEK_dVPS_0hrTor_20Pos_1_AiryscanProcessing.czi,1.0,12208.45,5884.15858560307,1.0,2.0,92.0,87.28115489611719,1840.0,0.0,1.0,2,2,WIPI-Atg16,dVPS,0hrTor,20Pos_1
6,6,561.0,1.0,WIPI-Atg16_HEK_dVPS_0hrTor_20Pos_1_AiryscanProcessing.czi,1.0,10545.0,,1.0,2.0,95.0,,95.0,0.0,1.0,2,2,WIPI-Atg16,dVPS,0hrTor,20Pos_1
7,7,488.0,24.0,WIPI-Atg16_HEK_dVPS_0hrTor_20Pos_1_AiryscanProcessing.czi,2.0,10864.625,4382.4413467391305,1.0,1.0,79.0,61.39607691758135,1896.0,0.0,0.0,2,2,WIPI-Atg16,dVPS,0hrTor,20Pos_1
8,8,488.0,33.0,WIPI-Atg16_HEK_dVPS_0hrTor_20Pos_1_AiryscanProcessing.czi,2.0,12406.818181818182,5504.365037486984,7.0,2.0,98.9090909090909,91.29121111735088,3264.0,0.0,0.0,2,2,WIPI-Atg16,dVPS,0hrTor,20Pos_1
9,9,561.0,2.0,WIPI-Atg16_HEK_dVPS_0hrTor_20Pos_1_AiryscanProcessing.czi,2.0,9402.0,601.0407640085654,1.0,1.0,28.0,1.4142135623730951,56.0,0.0,0.0,2,2,WIPI-Atg16,dVPS,0hrTor,20Pos_1
10,10,561.0,7.0,WIPI-Atg16_HEK_dVPS_0hrTor_20Pos_1_AiryscanProcessing.czi,2.0,9702.42857142857,1923.0913357701672,7.0,2.0,108.0,47.19816380609172,756.0,0.0,0.0,2,2,WIPI-Atg16,dVPS,0hrTor,20Pos_1
11,11,488.0,20.0,WIPI-Atg16_HEK_dVPS_0hrTor_20Pos_1_AiryscanProcessing.czi,3.0,10633.8,3960.8832428080855,3.0,1.0,90.6,120.34791669418951,1812.0,0.0,0.0,2,2,WIPI-Atg16,dVPS,0hrTor,20Pos_1
12,12,488.0,9.0,WIPI-Atg16_HEK_dVPS_0hrTor_20Pos_1_AiryscanProcessing.czi,3.0,10316.888888888889,2672.287804693033,0.0,2.0,74.33333333333333,55.554027756770246,669.0,0.0,0.0,2,2,WIPI-Atg16,dVPS,0hrTor,20Pos_1
13,13,561.0,3.0,WIPI-Atg16_HEK_dVPS_0hrTor_20Pos_1_AiryscanProcessing.czi,3.0,7484.666666666668,488.1662968019539,3.0,1.0,33.666666666666664,14.224392195567914,101.0,0.0,0.0,2,2,WIPI-Atg16,dVPS,0hrTor,20Pos_1
14,14,488.0,17.0,WIPI-Atg16_HEK_dVPS_0hrTor_20Pos_1_AiryscanProcessing.czi,4.0,11536.235294117649,5305.854532134901,1.0,1.0,85.41176470588233,68.5420115910029,1452.0,0.0,0.0,2,2,WIPI-Atg16,dVPS,0hrTor,20Pos_1
15,15,488.0,6.0,WIPI-Atg16_HEK_dVPS_0hrTor_20Pos_1_AiryscanProcessing.czi,4.0,13591.666666666664,4606.713911962263,1.0,2.0,123.66666666666669,48.68949236402725,742.0,0.0,0.0,2,2,WIPI-Atg16,dVPS,0hrTor,20Pos_1
16,16,561.0,1.0,WIPI-Atg16_HEK_dVPS_0hrTor_20Pos_1_AiryscanProcessing.czi,4.0,9625.0,,1.0,1.0,83.0,,83.0,0.0,0.0,2,2,WIPI-Atg16,dVPS,0hrTor,20Pos_1
17,17,561.0,1.0,WIPI-Atg16_HEK_dVPS_0hrTor_20Pos_1_AiryscanProcessing.czi,4.0,7369.0,,1.0,2.0,21.0,,21.0,0.0,0.0,2,2,WIPI-Atg16,dVPS,0hrTor,20Pos_1
18,18,488.0,17.0,WIPI-Atg16_HEK_dVPS_0hrTor_20Pos_1_AiryscanProcessing.czi,5.0,12031.235294117649,6159.1015733771155,2.0,1.0,78.0,70.44856279584417,1326.0,0.0,0.0,2,2,WIPI-Atg16,dVPS,0hrTor,20Pos_1
19,19,488.0,25.0,WIPI-Atg16_HEK_dVPS_0hrTor_20Pos_1_AiryscanProcessing.czi,5.0,11362.2,5031.8027170521445,3.0,2.0,92.36,87.57514868195581,2309.0,0.0,0.0,2,2,WIPI-Atg16,dVPS,0hrTor,20Pos_1
20,20,561.0,2.0,WIPI-Atg16_HEK_dVPS_0hrTor_20Pos_1_AiryscanProcessing.czi,5.0,9242.5,1149.0485194281398,2.0,1.0,48.0,29.698484809834994,96.0,0.0,0.0,2,2,WIPI-Atg16,dVPS,0hrTor,20Pos_1
21,21,561.0,3.0,WIPI-Atg16_HEK_dVPS_0hrTor_20Pos_1_AiryscanProcessing.czi,5.0,8557.666666666666,842.3635398884102,3.0,2.0,55.66666666666666,4.041451884327381,167.0,0.0,0.0,2,2,WIPI-Atg16,dVPS,0hrTor,20Pos_1
22,22,488.0,26.0,WIPI-Atg16_HEK_dVPS_0hrTor_20Pos_1_AiryscanProcessing.czi,6.0,10426.384615384615,3396.992458948628,3.0,1.0,72.53846153846153,67.47457640873681,1886.0,0.0,0.0,2,2,WIPI-Atg16,dVPS,0hrTor,20Pos_1
23,23,488.0,33.0,WIPI-Atg16_HEK_dVPS_0hrTor_20Pos_1_AiryscanProcessing.czi,6.0,11053.545454545454,4483.096468199387,1.0,2.0,74.72727272727273,82.10598057056833,2466.0,0.0,0.0,2,2,WIPI-Atg16,dVPS,0hrTor,20Pos_1
24,24,561.0,3.0,WIPI-Atg16_HEK_dVPS_0hrTor_20Pos_1_AiryscanProcessing.czi,6.0,9122.333333333334,629.3205330619154,3.0,1.0,58.33333333333334,16.19670748434179,175.0,0.0,0.0,2,2,WIPI-Atg16,dVPS,0hrTor,20Pos_1
25,25,561.0,1.0,WIPI-Atg16_HEK_dVPS_0hrTor_20Pos_1_AiryscanProcessing.czi,6.0,10227.0,,1.0,2.0,193.0,,193.0,0.0,0.0,2,2,WIPI-Atg16,dVPS,0hrTor,20Pos_1
26,26,488.0,28.0,WIPI-Atg16_HEK_dVPS_0hrTor_20Pos_1_AiryscanProcessing.czi,7.0,13080.892857142857,7019.4566811973655,5.0,1.0,86.14285714285714,79.56814656060519,2412.0,0.0,0.0,2,2,WIPI-Atg16,dVPS,0hrTor,20Pos_1
27,27,488.0,36.0,WIPI-Atg16_HEK_dVPS_0hrTor_20Pos_1_AiryscanProcessing.czi,7.0,11025.777777777776,4985.840024429821,4.0,2.0,74.3611111111111,62.93722622140608,2677.0,0.0,0.0,2,2,WIPI-Atg16,dVPS,0hrTor,20Pos_1
28,28,561.0,5.0,WIPI-Atg16_HEK_dVPS_0hrTor_20Pos_1_AiryscanProcessing.czi,7.0,8827.6,1019.4958558032497,5.0,1.0,80.2,42.186490728668105,401.0,0.0,0.0,2,2,WIPI-Atg16,dVPS,0hrTor,20Pos_1
29,29,561.0,5.0,WIPI-Atg16_HEK_dVPS_0hrTor_20Pos_1_AiryscanProcessing.czi,7.0,9446.4,940.9637612575737,5.0,2.0,25.6,16.45600194457937,128.0,0.0,0.0,2,2,WIPI-Atg16,dVPS,0hrTor,20Pos_1
30,30,488.0,30.0,WIPI-Atg16_HEK_dVPS_0hrTor_20Pos_1_AiryscanProcessing.czi,8.0,11907.1,4967.234930192464,1.0,1.0,97.5,53.518768863732795,2925.0,0.0,0.0,2,2,WIPI-Atg16,dVPS,0hrTor,20Pos_1
31,31,488.0,27.0,WIPI-Atg16_HEK_dVPS_0hrTor_20Pos_1_AiryscanProcessing.czi,8.0,10493.037037037036,3999.943917698015,1.0,2.0,70.92592592592592,47.5199763062667,1915.0,0.0,0.0,2,2,WIPI-Atg16,dVPS,0hrTor,20Pos_1
32,32,561.0,1.0,WIPI-Atg16_HEK_dVPS_0hrTor_20Pos_1_AiryscanProcessing.czi,8.0,7211.0,,1.0,1.0,61.0,,61.0,0.0,0.0,2,2,WIPI-Atg16,dVPS,0hrTor,20Pos_1
33,33,561.0,1.0,WIPI-Atg16_HEK_dVPS_0hrTor_20Pos_1_AiryscanProcessing.czi,8.0,8758.0,,1.0,2.0,62.0,,62.0,0.0,0.0,2,2,WIPI-Atg16,dVPS,0hrTor,20Pos_1
34,34,488.0,8.0,WIPI-Atg16_HEK_dVPS_0hrTor_20Pos_1_AiryscanProcessing.czi,9.0,11936.875,3900.3053886843268,1.0,1.0,68.5,56.644253270490104,548.0,0.0,0.0,2,3,WIPI-Atg16,dVPS,0hrTor,20Pos_1
35,35,488.0,9.0,WIPI-Atg16_HEK_dVPS_0hrTor_20Pos_1_AiryscanProcessing.czi,9.0,9966.444444444445,3940.3787924231074,2.0,2.0,77.44444444444444,92.50285280886088,697.0,0.0,0.0,2,3,WIPI-Atg16,dVPS,0hrTor,20Pos_1
36,36,561.0,1.0,WIPI-Atg16_HEK_dVPS_0hrTor_20Pos_1_AiryscanProcessing.czi,9.0,8024.0,,1.0,1.0,34.0,,34.0,0.0,0.0,2,3,WIPI-Atg16,dVPS,0hrTor,20Pos_1
37,37,561.0,3.0,WIPI-Atg16_HEK_dVPS_0hrTor_20Pos_1_AiryscanProcessing.czi,9.0,8164.333333333332,1660.0787129932526,3.0,2.0,75.66666666666667,86.02519010925423,227.0,0.0,0.0,2,3,WIPI-Atg16,dVPS,0hrTor,20Pos_1
38,38,488.0,29.0,WIPI-Atg16_HEK_dVPS_0hrTor_20Pos_1_AiryscanProcessing.czi,10.0,11334.965517241379,7356.214804420033,1.0,1.0,84.72413793103449,99.84341188356758,2457.0,0.0,0.0,2,2,WIPI-Atg16,dVPS,0hrTor,20Pos_1
39,39,488.0,18.0,WIPI-Atg16_HEK_dVPS_0hrTor_20Pos_1_AiryscanProcessing.czi,10.0,11841.277777777776,6759.0640563838915,1.0,2.0,69.33333333333333,69.85952290973988,1248.0,0.0,0.0,2,2,WIPI-Atg16,dVPS,0hrTor,20Pos_1
40,40,561.0,1.0,WIPI-Atg16_HEK_dVPS_0hrTor_20Pos_1_AiryscanProcessing.czi,10.0,6837.0,,1.0,1.0,5.0,,5.0,0.0,0.0,2,2,WIPI-Atg16,dVPS,0hrTor,20Pos_1
41,41,561.0,1.0,WIPI-Atg16_HEK_dVPS_0hrTor_20Pos_1_AiryscanProcessing.czi,10.0,8593.0,,1.0,2.0,70.0,,70.0,0.0,0.0,2,2,WIPI-Atg16,dVPS,0hrTor,20Pos_1
42,42,488.0,28.0,WIPI-Atg16_HEK_dVPS_0hrTor_20Pos_1_AiryscanProcessing.czi,11.0,9937.607142857143,4148.747551653933,2.0,1.0,54.10714285714285,51.23536053656858,1515.0,0.0,0.0,2,2,WIPI-Atg16,dVPS,0hrTor,20Pos_1
43,43,488.0,27.0,WIPI-Atg16_HEK_dVPS_0hrTor_20Pos_1_AiryscanProcessing.czi,11.0,10413.703703703704,4763.206570358757,0.0,2.0,74.18518518518519,72.56775986676021,2003.0,0.0,0.0,2,2,WIPI-Atg16,dVPS,0hrTor,20Pos_1
44,44,561.0,3.0,WIPI-Atg16_HEK_dVPS_0hrTor_20Pos_1_AiryscanProcessing.czi,11.0,9900.666666666666,362.23242998568384,3.0,1.0,53.66666666666666,47.92007234273893,161.0,0.0,0.0,2,2,WIPI-Atg16,dVPS,0hrTor,20Pos_1
45,45,488.0,15.0,WIPI-Atg16_HEK_dVPS_0hrTor_20Pos_1_AiryscanProcessing.czi,12.0,11163.066666666668,5309.958830438554,4.0,1.0,84.8,83.63116302295113,1272.0,0.0,1.0,2,2,WIPI-Atg16,dVPS,0hrTor,20Pos_1
46,46,488.0,18.0,WIPI-Atg16_HEK_dVPS_0hrTor_20Pos_1_AiryscanProcessing.czi,12.0,10637.166666666666,5898.8194855860265,2.0,2.0,66.16666666666667,49.136364873087395,1191.0,0.0,1.0,2,2,WIPI-Atg16,dVPS,0hrTor,20Pos_1
47,47,561.0,6.0,WIPI-Atg16_HEK_dVPS_0hrTor_20Pos_1_AiryscanProcessing.czi,12.0,9176.5,1548.2632528094186,4.0,1.0,74.5,48.52525115854631,447.0,0.0,1.0,2,2,WIPI-Atg16,dVPS,0hrTor,20Pos_1
48,48,561.0,2.0,WIPI-Atg16_HEK_dVPS_0hrTor_20Pos_1_AiryscanProcessing.czi,12.0,8518.0,1117.228714274745,2.0,2.0,103.5,21.92031021678297,207.0,0.0,1.0,2,2,WIPI-Atg16,dVPS,0hrTor,20Pos_1
49,49,488.0,10.0,WIPI-Atg16_HEK_dVPS_0hrTor_20Pos_1_AiryscanProcessing.czi,13.0,9630.4,3027.7878319914616,1.0,1.0,84.8,73.45414291318843,848.0,0.0,0.0,2,2,WIPI-Atg16,dVPS,0hrTor,20Pos_1
50,50,488.0,15.0,WIPI-Atg16_HEK_dVPS_0hrTor_20Pos_1_AiryscanProcessing.czi,13.0,9971.266666666666,4153.899036992089,0.0,2.0,51.26666666666666,47.899398544787395,769.0,0.0,0.0,2,2,WIPI-Atg16,dVPS,0hrTor,20Pos_1
51,51,561.0,1.0,WIPI-Atg16_HEK_dVPS_0hrTor_20Pos_1_AiryscanProcessing.czi,13.0,7708.0,,1.0,1.0,29.0,,29.0,0.0,0.0,2,2,WIPI-Atg16,dVPS,0hrTor,20Pos_1
52,52,488.0,18.0,WIPI-Atg16_HEK_dVPS_0hrTor_20Pos_1_AiryscanProcessing.czi,14.0,15110.444444444443,6908.249128841821,4.0,1.0,143.0,100.2496882788171,2574.0,0.0,1.0,2,2,WIPI-Atg16,dVPS,0hrTor,20Pos_1
53,53,488.0,28.0,WIPI-Atg16_HEK_dVPS_0hrTor_20Pos_1_AiryscanProcessing.czi,14.0,11338.428571428567,5494.74289782766,0.0,2.0,76.5,76.92685318366235,2142.0,0.0,1.0,2,2,WIPI-Atg16,dVPS,0hrTor,20Pos_1
54,54,561.0,4.0,WIPI-Atg16_HEK_dVPS_0hrTor_20Pos_1_AiryscanProcessing.czi,14.0,8613.0,995.4606973657976,4.0,1.0,59.75,39.33086150425217,239.0,0.0,1.0,2,2,WIPI-Atg16,dVPS,0hrTor,20Pos_1
55,55,488.0,46.0,WIPI-Atg16_HEK_dVPS_0hrTor_20Pos_1_AiryscanProcessing.czi,15.0,11377.04347826087,4615.642745449781,2.0,1.0,85.3913043478261,70.9577270902643,3928.0,0.0,0.0,2,2,WIPI-Atg16,dVPS,0hrTor,20Pos_1
56,56,488.0,28.0,WIPI-Atg16_HEK_dVPS_0hrTor_20Pos_1_AiryscanProcessing.czi,15.0,9771.892857142857,2004.4781594716721,2.0,2.0,68.57142857142857,40.60781586092398,1920.0,0.0,0.0,2,2,WIPI-Atg16,dVPS,0hrTor,20Pos_1
57,57,561.0,4.0,WIPI-Atg16_HEK_dVPS_0hrTor_20Pos_1_AiryscanProcessing.czi,15.0,9052.0,1216.3976871621112,2.0,1.0,43.5,22.037846234754127,174.0,0.0,0.0,2,2,WIPI-Atg16,dVPS,0hrTor,20Pos_1
58,58,561.0,2.0,WIPI-Atg16_HEK_dVPS_0hrTor_20Pos_1_AiryscanProcessing.czi,15.0,9198.0,1732.4116139070413,2.0,2.0,72.5,14.849242404917495,145.0,0.0,0.0,2,2,WIPI-Atg16,dVPS,0hrTor,20Pos_1
59,59,488.0,25.0,WIPI-Atg16_HEK_dVPS_0hrTor_20Pos_1_AiryscanProcessing.czi,16.0,10027.68,2576.4665842971845,2.0,1.0,57.24,47.77750516718093,1431.0,0.0,0.0,2,2,WIPI-Atg16,dVPS,0hrTor,20Pos_1
60,60,488.0,23.0,WIPI-Atg16_HEK_dVPS_0hrTor_20Pos_1_AiryscanProcessing.czi,16.0,11454.217391304348,5938.9466081308765,4.0,2.0,77.78260869565217,78.64532380581656,1789.0,0.0,0.0,2,2,WIPI-Atg16,dVPS,0hrTor,20Pos_1
61,61,561.0,2.0,WIPI-Atg16_HEK_dVPS_0hrTor_20Pos_1_AiryscanProcessing.czi,16.0,7677.5,696.5001794687494,2.0,1.0,28.5,2.1213203435596424,57.0,0.0,0.0,2,2,WIPI-Atg16,dVPS,0hrTor,20Pos_1
62,62,561.0,4.0,WIPI-Atg16_HEK_dVPS_0hrTor_20Pos_1_AiryscanProcessing.czi,16.0,9061.75,1499.640262418513,4.0,2.0,67.75,34.84609016805185,271.0,0.0,0.0,2,2,WIPI-Atg16,dVPS,0hrTor,20Pos_1
63,63,488.0,24.0,WIPI-Atg16_HEK_dVPS_0hrTor_20Pos_1_AiryscanProcessing.czi,17.0,12129.083333333336,6132.008706399749,2.0,1.0,75.5,51.31657923466671,1812.0,0.0,0.0,2,3,WIPI-Atg16,dVPS,0hrTor,20Pos_1
64,64,488.0,33.0,WIPI-Atg16_HEK_dVPS_0hrTor_20Pos_1_AiryscanProcessing.czi,17.0,10294.454545454546,3715.105660433067,3.0,2.0,62.42424242424242,53.756412584354926,2060.0,0.0,0.0,2,3,WIPI-Atg16,dVPS,0hrTor,20Pos_1
65,65,561.0,3.0,WIPI-Atg16_HEK_dVPS_0hrTor_20Pos_1_AiryscanProcessing.czi,17.0,7463.0,615.5785896211789,2.0,1.0,49.66666666666666,14.294521094927713,149.0,0.0,0.0,2,3,WIPI-Atg16,dVPS,0hrTor,20Pos_1
66,66,561.0,4.0,WIPI-Atg16_HEK_dVPS_0hrTor_20Pos_1_AiryscanProcessing.czi,17.0,8945.5,1143.4691367355165,3.0,2.0,73.75,65.61186376461704,295.0,0.0,0.0,2,3,WIPI-Atg16,dVPS,0hrTor,20Pos_1
67,67,488.0,21.0,WIPI-Atg16_HEK_dVPS_0hrTor_20Pos_1_AiryscanProcessing.czi,18.0,11406.619047619048,3013.274655191433,2.0,1.0,82.85714285714286,49.99828568489696,1740.0,0.0,0.0,2,2,WIPI-Atg16,dVPS,0hrTor,20Pos_1
68,68,488.0,21.0,WIPI-Atg16_HEK_dVPS_0hrTor_20Pos_1_AiryscanProcessing.czi,18.0,9642.42857142857,3959.5835206676543,0.0,2.0,45.80952380952381,48.06414364952219,962.0,0.0,0.0,2,2,WIPI-Atg16,dVPS,0hrTor,20Pos_1
69,69,561.0,2.0,WIPI-Atg16_HEK_dVPS_0hrTor_20Pos_1_AiryscanProcessing.czi,18.0,9462.5,1560.5846660787106,2.0,1.0,125.0,52.32590180780453,250.0,0.0,0.0,2,2,WIPI-Atg16,dVPS,0hrTor,20Pos_1
70,70,488.0,24.0,WIPI-Atg16_HEK_dVPS_0hrTor_20Pos_1_AiryscanProcessing.czi,19.0,12829.375,6309.345840910719,3.0,1.0,96.95833333333331,64.50040725632579,2327.0,0.0,0.0,2,2,WIPI-Atg16,dVPS,0hrTor,20Pos_1
71,71,488.0,20.0,WIPI-Atg16_HEK_dVPS_0hrTor_20Pos_1_AiryscanProcessing.czi,19.0,11342.0,4587.094390501292,1.0,2.0,81.9,67.11176851852595,1638.0,0.0,0.0,2,2,WIPI-Atg16,dVPS,0hrTor,20Pos_1
72,72,561.0,5.0,WIPI-Atg16_HEK_dVPS_0hrTor_20Pos_1_AiryscanProcessing.czi,19.0,7942.0,763.7443944147807,5.0,1.0,30.2,39.606817594954535,151.0,0.0,0.0,2,2,WIPI-Atg16,dVPS,0hrTor,20Pos_1
73,73,561.0,1.0,WIPI-Atg16_HEK_dVPS_0hrTor_20Pos_1_AiryscanProcessing.czi,19.0,8647.0,,1.0,2.0,80.0,,80.0,0.0,0.0,2,2,WIPI-Atg16,dVPS,0hrTor,20Pos_1
74,74,561.0,0.0,WIPI-Atg16_HEK_dVPS_0hrTor_20Pos_1_AiryscanProcessing.czi,1.0,,,,1.0,,,,0.0,1.0,2,2,WIPI-Atg16,dVPS,0hrTor,20Pos_1
75,75,561.0,0.0,WIPI-Atg16_HEK_dVPS_0hrTor_20Pos_1_AiryscanProcessing.czi,3.0,,,,2.0,,,,0.0,0.0,2,2,WIPI-Atg16,dVPS,0hrTor,20Pos_1
76,76,561.0,0.0,WIPI-Atg16_HEK_dVPS_0hrTor_20Pos_1_AiryscanProcessing.czi,11.0,,,,2.0,,,,0.0,0.0,2,2,WIPI-Atg16,dVPS,0hrTor,20Pos_1
77,77,561.0,0.0,WIPI-Atg16_HEK_dVPS_0hrTor_20Pos_1_AiryscanProcessing.czi,13.0,,,,2.0,,,,0.0,0.0,2,2,WIPI-Atg16,dVPS,0hrTor,20Pos_1
78,78,561.0,0.0,WIPI-Atg16_HEK_dVPS_0hrTor_20Pos_1_AiryscanProcessing.czi,14.0,,,,2.0,,,,0.0,1.0,2,2,WIPI-Atg16,dVPS,0hrTor,20Pos_1
79,79,561.0,0.0,WIPI-Atg16_HEK_dVPS_0hrTor_20Pos_1_AiryscanProcessing.czi,18.0,,,,2.0,,,,0.0,0.0,2,2,WIPI-Atg16,dVPS,0hrTor,20Pos_1
0,0,488.0,54.0,WIPI-Atg16_HEK_dAtg7_0hrTor_15Pos1_2_AiryscanProcessing.czi,0.0,10613.166666666666,4513.856719162903,29.0,1.0,67.96296296296296,59.80407096730751,3670.0,0.0,1.0,2,2,WIPI-Atg16,dAtg7,0hrTor,15Pos1_2
1,1,488.0,46.0,WIPI-Atg16_HEK_dAtg7_0hrTor_15Pos1_2_AiryscanProcessing.czi,0.0,12313.978260869566,5358.376115906471,28.0,2.0,89.80434782608695,138.9285379155161,4131.0,0.0,1.0,2,2,WIPI-Atg16,dAtg7,0hrTor,15Pos1_2
2,2,561.0,107.0,WIPI-Atg16_HEK_dAtg7_0hrTor_15Pos1_2_AiryscanProcessing.czi,0.0,11256.757009345794,6677.370457254666,28.0,1.0,89.7196261682243,83.89726358824096,9600.0,0.0,1.0,2,2,WIPI-Atg16,dAtg7,0hrTor,15Pos1_2
3,3,561.0,77.0,WIPI-Atg16_HEK_dAtg7_0hrTor_15Pos1_2_AiryscanProcessing.czi,0.0,12338.324675324675,7333.210803995103,26.0,2.0,90.07792207792208,83.73010623642054,6936.0,0.0,1.0,2,2,WIPI-Atg16,dAtg7,0hrTor,15Pos1_2
4,4,488.0,39.0,WIPI-Atg16_HEK_dAtg7_0hrTor_15Pos1_2_AiryscanProcessing.czi,1.0,13937.256410256408,7298.190488484651,16.0,1.0,97.53846153846152,88.80073676610138,3804.0,0.0,0.0,4,4,WIPI-Atg16,dAtg7,0hrTor,15Pos1_2
5,5,488.0,43.0,WIPI-Atg16_HEK_dAtg7_0hrTor_15Pos1_2_AiryscanProcessing.czi,1.0,14682.441860465116,6692.318419196763,29.0,2.0,100.02325581395347,75.06520605830545,4301.0,0.0,0.0,4,4,WIPI-Atg16,dAtg7,0hrTor,15Pos1_2
6,6,488.0,54.0,WIPI-Atg16_HEK_dAtg7_0hrTor_15Pos1_2_AiryscanProcessing.czi,1.0,12373.407407407407,5718.043838614868,24.0,3.0,78.51851851851852,78.28364988471881,4240.0,0.0,0.0,4,4,WIPI-Atg16,dAtg7,0hrTor,15Pos1_2
7,7,488.0,34.0,WIPI-Atg16_HEK_dAtg7_0hrTor_15Pos1_2_AiryscanProcessing.czi,1.0,16461.70588235294,6627.385112246379,23.0,4.0,123.52941176470587,75.10002836383987,4200.0,0.0,0.0,4,4,WIPI-Atg16,dAtg7,0hrTor,15Pos1_2
8,8,561.0,55.0,WIPI-Atg16_HEK_dAtg7_0hrTor_15Pos1_2_AiryscanProcessing.czi,1.0,13312.472727272727,9266.456004509042,17.0,1.0,107.25454545454544,131.88058826942486,5899.0,0.0,0.0,4,4,WIPI-Atg16,dAtg7,0hrTor,15Pos1_2
9,9,561.0,94.0,WIPI-Atg16_HEK_dAtg7_0hrTor_15Pos1_2_AiryscanProcessing.czi,1.0,12013.531914893618,6150.411268182616,28.0,2.0,98.60638297872343,73.25639435338189,9269.0,0.0,0.0,4,4,WIPI-Atg16,dAtg7,0hrTor,15Pos1_2
10,10,561.0,76.0,WIPI-Atg16_HEK_dAtg7_0hrTor_15Pos1_2_AiryscanProcessing.czi,1.0,13026.039473684208,7930.2967938420215,24.0,3.0,98.19736842105264,117.1671193622559,7463.0,0.0,0.0,4,4,WIPI-Atg16,dAtg7,0hrTor,15Pos1_2
11,11,561.0,47.0,WIPI-Atg16_HEK_dAtg7_0hrTor_15Pos1_2_AiryscanProcessing.czi,1.0,15549.425531914894,8210.756345886039,21.0,4.0,136.93617021276594,151.5068378791674,6436.0,0.0,0.0,4,4,WIPI-Atg16,dAtg7,0hrTor,15Pos1_2
12,12,488.0,43.0,WIPI-Atg16_HEK_dAtg7_0hrTor_15Pos1_2_AiryscanProcessing.czi,2.0,13675.67441860465,7539.128295957129,19.0,1.0,86.86046511627907,82.2966704746133,3735.0,0.0,0.0,4,4,WIPI-Atg16,dAtg7,0hrTor,15Pos1_2
13,13,488.0,42.0,WIPI-Atg16_HEK_dAtg7_0hrTor_15Pos1_2_AiryscanProcessing.czi,2.0,14886.166666666664,6708.838741855973,29.0,2.0,107.0,74.78978670327889,4494.0,0.0,0.0,4,4,WIPI-Atg16,dAtg7,0hrTor,15Pos1_2
14,14,488.0,48.0,WIPI-Atg16_HEK_dAtg7_0hrTor_15Pos1_2_AiryscanProcessing.czi,2.0,12587.020833333336,5589.211962455786,21.0,3.0,84.29166666666667,84.89241209440142,4046.0,0.0,0.0,4,4,WIPI-Atg16,dAtg7,0hrTor,15Pos1_2
15,15,488.0,38.0,WIPI-Atg16_HEK_dAtg7_0hrTor_15Pos1_2_AiryscanProcessing.czi,2.0,15712.736842105263,7430.638813192274,24.0,4.0,115.42105263157896,81.4953593701017,4386.0,0.0,0.0,4,4,WIPI-Atg16,dAtg7,0hrTor,15Pos1_2
16,16,561.0,53.0,WIPI-Atg16_HEK_dAtg7_0hrTor_15Pos1_2_AiryscanProcessing.czi,2.0,13079.207547169812,9135.343821912635,18.0,1.0,113.811320754717,151.5100982422489,6032.0,0.0,0.0,4,4,WIPI-Atg16,dAtg7,0hrTor,15Pos1_2
17,17,561.0,97.0,WIPI-Atg16_HEK_dAtg7_0hrTor_15Pos1_2_AiryscanProcessing.czi,2.0,12243.0,6271.586903780148,31.0,2.0,95.36082474226805,64.88743226526522,9250.0,0.0,0.0,4,4,WIPI-Atg16,dAtg7,0hrTor,15Pos1_2
18,18,561.0,70.0,WIPI-Atg16_HEK_dAtg7_0hrTor_15Pos1_2_AiryscanProcessing.czi,2.0,13059.857142857143,7726.312308749857,19.0,3.0,114.21428571428572,153.21736883200037,7995.0,0.0,0.0,4,4,WIPI-Atg16,dAtg7,0hrTor,15Pos1_2
19,19,561.0,48.0,WIPI-Atg16_HEK_dAtg7_0hrTor_15Pos1_2_AiryscanProcessing.czi,2.0,15807.979166666664,8667.653356109968,23.0,4.0,133.35416666666666,108.12256433529366,6401.0,0.0,0.0,4,4,WIPI-Atg16,dAtg7,0hrTor,15Pos1_2
20,20,488.0,135.0,WIPI-Atg16_HEK_dAtg7_0hrTor_15Pos1_2_AiryscanProcessing.czi,3.0,10714.88148148148,4609.000228384842,33.0,1.0,59.422222222222224,65.86037545236414,8022.0,0.0,0.0,2,2,WIPI-Atg16,dAtg7,0hrTor,15Pos1_2
21,21,488.0,137.0,WIPI-Atg16_HEK_dAtg7_0hrTor_15Pos1_2_AiryscanProcessing.czi,3.0,10801.547445255474,4586.842283305975,35.0,2.0,63.48175182481752,59.12997923192065,8697.0,0.0,0.0,2,2,WIPI-Atg16,dAtg7,0hrTor,15Pos1_2
22,22,561.0,246.0,WIPI-Atg16_HEK_dAtg7_0hrTor_15Pos1_2_AiryscanProcessing.czi,3.0,9431.256097560976,5315.608018619858,32.0,1.0,56.9390243902439,60.8236690423966,14007.0,0.0,0.0,2,2,WIPI-Atg16,dAtg7,0hrTor,15Pos1_2
23,23,561.0,202.0,WIPI-Atg16_HEK_dAtg7_0hrTor_15Pos1_2_AiryscanProcessing.czi,3.0,10757.470297029702,7049.224363783162,35.0,2.0,79.34158415841584,78.8354742073507,16027.0,0.0,0.0,2,2,WIPI-Atg16,dAtg7,0hrTor,15Pos1_2
24,24,488.0,43.0,WIPI-Atg16_HEK_dAtg7_0hrTor_15Pos1_2_AiryscanProcessing.czi,4.0,14917.39534883721,7512.4255265765405,30.0,1.0,124.48837209302326,110.90050712517125,5353.0,0.0,1.0,2,2,WIPI-Atg16,dAtg7,0hrTor,15Pos1_2
25,25,488.0,49.0,WIPI-Atg16_HEK_dAtg7_0hrTor_15Pos1_2_AiryscanProcessing.czi,4.0,11238.040816326533,4440.060866508399,25.0,2.0,86.3061224489796,66.61118652349639,4229.0,0.0,1.0,2,2,WIPI-Atg16,dAtg7,0hrTor,15Pos1_2
26,26,561.0,66.0,WIPI-Atg16_HEK_dAtg7_0hrTor_15Pos1_2_AiryscanProcessing.czi,4.0,16507.18181818182,8793.414556725593,29.0,1.0,129.6060606060606,145.3485866976754,8554.0,0.0,1.0,2,2,WIPI-Atg16,dAtg7,0hrTor,15Pos1_2
27,27,561.0,73.0,WIPI-Atg16_HEK_dAtg7_0hrTor_15Pos1_2_AiryscanProcessing.czi,4.0,13939.09589041096,7693.846831080131,26.0,2.0,104.93150684931507,82.56804075816693,7660.0,0.0,1.0,2,2,WIPI-Atg16,dAtg7,0hrTor,15Pos1_2
28,28,488.0,39.0,WIPI-Atg16_HEK_dAtg7_0hrTor_15Pos1_2_AiryscanProcessing.czi,5.0,11917.974358974361,6303.838703049283,18.0,1.0,84.56410256410257,68.24175094617466,3298.0,0.0,1.0,2,2,WIPI-Atg16,dAtg7,0hrTor,15Pos1_2
29,29,488.0,24.0,WIPI-Atg16_HEK_dAtg7_0hrTor_15Pos1_2_AiryscanProcessing.czi,5.0,14197.25,8090.344842706832,17.0,2.0,104.79166666666669,88.79579855251998,2515.0,0.0,1.0,2,2,WIPI-Atg16,dAtg7,0hrTor,15Pos1_2
30,30,561.0,55.0,WIPI-Atg16_HEK_dAtg7_0hrTor_15Pos1_2_AiryscanProcessing.czi,5.0,12052.981818181817,6278.713643588296,19.0,1.0,84.98181818181818,87.79763999804089,4674.0,0.0,1.0,2,2,WIPI-Atg16,dAtg7,0hrTor,15Pos1_2
31,31,561.0,35.0,WIPI-Atg16_HEK_dAtg7_0hrTor_15Pos1_2_AiryscanProcessing.czi,5.0,11827.34285714286,8399.366302927638,15.0,2.0,112.22857142857143,176.28938203558204,3928.0,0.0,1.0,2,2,WIPI-Atg16,dAtg7,0hrTor,15Pos1_2
32,32,488.0,41.0,WIPI-Atg16_HEK_dAtg7_0hrTor_15Pos1_2_AiryscanProcessing.czi,6.0,12912.609756097561,6121.400374416171,23.0,1.0,79.70731707317074,56.64152359463816,3268.0,0.0,1.0,3,3,WIPI-Atg16,dAtg7,0hrTor,15Pos1_2
33,33,488.0,43.0,WIPI-Atg16_HEK_dAtg7_0hrTor_15Pos1_2_AiryscanProcessing.czi,6.0,14651.651162790698,7180.7567179289645,34.0,2.0,97.44186046511628,93.8827288557839,4190.0,0.0,1.0,3,3,WIPI-Atg16,dAtg7,0hrTor,15Pos1_2
34,34,488.0,41.0,WIPI-Atg16_HEK_dAtg7_0hrTor_15Pos1_2_AiryscanProcessing.czi,6.0,14133.390243902439,7322.6309509562525,24.0,3.0,89.02439024390246,72.76520040681467,3650.0,0.0,1.0,3,3,WIPI-Atg16,dAtg7,0hrTor,15Pos1_2
35,35,561.0,59.0,WIPI-Atg16_HEK_dAtg7_0hrTor_15Pos1_2_AiryscanProcessing.czi,6.0,13503.338983050848,7556.718266024929,25.0,1.0,96.35593220338984,85.88861325353909,5685.0,0.0,1.0,3,3,WIPI-Atg16,dAtg7,0hrTor,15Pos1_2
36,36,561.0,69.0,WIPI-Atg16_HEK_dAtg7_0hrTor_15Pos1_2_AiryscanProcessing.czi,6.0,14256.478260869566,7351.949576590303,32.0,2.0,100.0,96.48635990158829,6900.0,0.0,1.0,3,3,WIPI-Atg16,dAtg7,0hrTor,15Pos1_2
37,37,561.0,58.0,WIPI-Atg16_HEK_dAtg7_0hrTor_15Pos1_2_AiryscanProcessing.czi,6.0,13551.396551724138,7149.634317577063,24.0,3.0,104.91379310344827,127.16907994529129,6085.0,0.0,1.0,3,3,WIPI-Atg16,dAtg7,0hrTor,15Pos1_2
38,38,488.0,30.0,WIPI-Atg16_HEK_dAtg7_0hrTor_15Pos1_2_AiryscanProcessing.czi,7.0,14184.866666666667,6712.676159549819,16.0,1.0,94.03333333333332,60.899285615725795,2821.0,0.0,1.0,2,2,WIPI-Atg16,dAtg7,0hrTor,15Pos1_2
39,39,488.0,52.0,WIPI-Atg16_HEK_dAtg7_0hrTor_15Pos1_2_AiryscanProcessing.czi,7.0,13419.596153846154,6232.082421173411,27.0,2.0,83.61538461538461,67.56874606611558,4348.0,0.0,1.0,2,2,WIPI-Atg16,dAtg7,0hrTor,15Pos1_2
40,40,561.0,63.0,WIPI-Atg16_HEK_dAtg7_0hrTor_15Pos1_2_AiryscanProcessing.czi,7.0,11770.15873015873,7230.861264023785,17.0,1.0,82.73015873015873,70.02769183807179,5212.0,0.0,1.0,2,2,WIPI-Atg16,dAtg7,0hrTor,15Pos1_2
41,41,561.0,65.0,WIPI-Atg16_HEK_dAtg7_0hrTor_15Pos1_2_AiryscanProcessing.czi,7.0,12795.53846153846,7060.70571029581,29.0,2.0,96.18461538461538,88.8486937698883,6252.0,0.0,1.0,2,2,WIPI-Atg16,dAtg7,0hrTor,15Pos1_2
42,42,488.0,53.0,WIPI-Atg16_HEK_dAtg7_0hrTor_15Pos1_2_AiryscanProcessing.czi,8.0,13111.490566037737,7067.978406497644,37.0,1.0,85.15094339622641,68.25134437290062,4513.0,0.0,1.0,2,2,WIPI-Atg16,dAtg7,0hrTor,15Pos1_2
43,43,488.0,45.0,WIPI-Atg16_HEK_dAtg7_0hrTor_15Pos1_2_AiryscanProcessing.czi,8.0,10635.68888888889,4432.709769543919,25.0,2.0,57.62222222222222,45.58572787461648,2593.0,0.0,1.0,2,2,WIPI-Atg16,dAtg7,0hrTor,15Pos1_2
44,44,561.0,78.0,WIPI-Atg16_HEK_dAtg7_0hrTor_15Pos1_2_AiryscanProcessing.czi,8.0,15409.333333333336,8377.03337233487,36.0,1.0,133.80769230769232,129.00055951678792,10437.0,0.0,1.0,2,2,WIPI-Atg16,dAtg7,0hrTor,15Pos1_2
45,45,561.0,70.0,WIPI-Atg16_HEK_dAtg7_0hrTor_15Pos1_2_AiryscanProcessing.czi,8.0,13273.785714285714,7282.782896773188,26.0,2.0,96.38571428571429,94.13346874458729,6747.0,0.0,1.0,2,2,WIPI-Atg16,dAtg7,0hrTor,15Pos1_2
46,46,488.0,19.0,WIPI-Atg16_HEK_dAtg7_0hrTor_15Pos1_2_AiryscanProcessing.czi,9.0,14413.789473684208,7128.883063355306,19.0,1.0,137.42105263157896,115.20624780003791,2611.0,0.0,1.0,2,2,WIPI-Atg16,dAtg7,0hrTor,15Pos1_2
47,47,488.0,26.0,WIPI-Atg16_HEK_dAtg7_0hrTor_15Pos1_2_AiryscanProcessing.czi,9.0,16767.884615384617,7241.643191027423,21.0,2.0,132.38461538461542,97.80800659376592,3442.0,0.0,1.0,2,2,WIPI-Atg16,dAtg7,0hrTor,15Pos1_2
48,48,561.0,53.0,WIPI-Atg16_HEK_dAtg7_0hrTor_15Pos1_2_AiryscanProcessing.czi,9.0,15097.641509433965,7674.755744282529,18.0,1.0,121.43396226415095,117.21257963368592,6436.0,0.0,1.0,2,2,WIPI-Atg16,dAtg7,0hrTor,15Pos1_2
49,49,561.0,44.0,WIPI-Atg16_HEK_dAtg7_0hrTor_15Pos1_2_AiryscanProcessing.czi,9.0,16552.363636363636,9117.5462608194,23.0,2.0,120.47727272727272,131.40961853514298,5301.0,0.0,1.0,2,2,WIPI-Atg16,dAtg7,0hrTor,15Pos1_2
50,50,488.0,17.0,WIPI-Atg16_HEK_dAtg7_0hrTor_15Pos1_2_AiryscanProcessing.czi,10.0,12015.705882352939,3656.8009886495374,3.0,1.0,73.82352941176471,66.48518189615417,1255.0,0.0,1.0,2,2,WIPI-Atg16,dAtg7,0hrTor,15Pos1_2
51,51,488.0,16.0,WIPI-Atg16_HEK_dAtg7_0hrTor_15Pos1_2_AiryscanProcessing.czi,10.0,16266.75,6997.121536746378,14.0,2.0,145.8125,81.8936047564155,2333.0,0.0,1.0,2,2,WIPI-Atg16,dAtg7,0hrTor,15Pos1_2
52,52,561.0,18.0,WIPI-Atg16_HEK_dAtg7_0hrTor_15Pos1_2_AiryscanProcessing.czi,10.0,11210.333333333336,6051.540785812564,3.0,1.0,67.6111111111111,66.35035253143536,1217.0,0.0,1.0,2,2,WIPI-Atg16,dAtg7,0hrTor,15Pos1_2
53,53,561.0,30.0,WIPI-Atg16_HEK_dAtg7_0hrTor_15Pos1_2_AiryscanProcessing.czi,10.0,14330.9,7821.348240552903,14.0,2.0,107.66666666666669,96.8394808818762,3230.0,0.0,1.0,2,2,WIPI-Atg16,dAtg7,0hrTor,15Pos1_2
54,54,488.0,30.0,WIPI-Atg16_HEK_dAtg7_0hrTor_15Pos1_2_AiryscanProcessing.czi,11.0,12070.066666666668,5589.355856621944,15.0,1.0,74.3,57.47632196136855,2229.0,0.0,1.0,2,2,WIPI-Atg16,dAtg7,0hrTor,15Pos1_2
55,55,488.0,24.0,WIPI-Atg16_HEK_dAtg7_0hrTor_15Pos1_2_AiryscanProcessing.czi,11.0,10760.666666666666,5022.180131711956,18.0,2.0,67.20833333333333,41.7487090835744,1613.0,0.0,1.0,2,2,WIPI-Atg16,dAtg7,0hrTor,15Pos1_2
56,56,561.0,28.0,WIPI-Atg16_HEK_dAtg7_0hrTor_15Pos1_2_AiryscanProcessing.czi,11.0,14657.0,7140.1469795018165,16.0,1.0,97.71428571428572,74.09696207240745,2736.0,0.0,1.0,2,2,WIPI-Atg16,dAtg7,0hrTor,15Pos1_2
57,57,561.0,34.0,WIPI-Atg16_HEK_dAtg7_0hrTor_15Pos1_2_AiryscanProcessing.czi,11.0,13066.911764705883,7162.009669578095,18.0,2.0,78.11764705882355,59.44019898100915,2656.0,0.0,1.0,2,2,WIPI-Atg16,dAtg7,0hrTor,15Pos1_2
58,58,488.0,54.0,WIPI-Atg16_HEK_dAtg7_0hrTor_15Pos1_2_AiryscanProcessing.czi,12.0,12440.277777777776,6834.281829785103,33.0,1.0,72.92592592592592,70.3926593117176,3938.0,0.0,1.0,1,1,WIPI-Atg16,dAtg7,0hrTor,15Pos1_2
59,59,561.0,95.0,WIPI-Atg16_HEK_dAtg7_0hrTor_15Pos1_2_AiryscanProcessing.czi,12.0,14662.410526315789,8146.742979911609,35.0,1.0,93.69473684210527,96.43552290721223,8901.0,0.0,1.0,1,1,WIPI-Atg16,dAtg7,0hrTor,15Pos1_2
60,60,488.0,22.0,WIPI-Atg16_HEK_dAtg7_0hrTor_15Pos1_2_AiryscanProcessing.czi,13.0,10617.5,6909.089684025295,9.0,1.0,46.27272727272727,41.20816125614626,1018.0,1.0,1.0,2,3,WIPI-Atg16,dAtg7,0hrTor,15Pos1_2
61,61,488.0,25.0,WIPI-Atg16_HEK_dAtg7_0hrTor_15Pos1_2_AiryscanProcessing.czi,13.0,9975.28,5182.4434674517515,6.0,2.0,36.04,44.187554809018344,901.0,1.0,1.0,2,3,WIPI-Atg16,dAtg7,0hrTor,15Pos1_2
62,62,561.0,57.0,WIPI-Atg16_HEK_dAtg7_0hrTor_15Pos1_2_AiryscanProcessing.czi,13.0,9978.122807017544,5780.2664578663525,8.0,1.0,46.526315789473685,44.649070244342276,2652.0,1.0,1.0,2,3,WIPI-Atg16,dAtg7,0hrTor,15Pos1_2
63,63,561.0,77.0,WIPI-Atg16_HEK_dAtg7_0hrTor_15Pos1_2_AiryscanProcessing.czi,13.0,9664.584415584417,5294.686535502136,7.0,2.0,41.415584415584405,43.039562781894006,3189.0,1.0,1.0,2,3,WIPI-Atg16,dAtg7,0hrTor,15Pos1_2
64,64,488.0,50.0,WIPI-Atg16_HEK_dAtg7_0hrTor_15Pos1_2_AiryscanProcessing.czi,14.0,8958.9,3606.3750370924076,9.0,1.0,36.24,42.20869433601353,1812.0,0.0,1.0,1,1,WIPI-Atg16,dAtg7,0hrTor,15Pos1_2
65,65,561.0,30.0,WIPI-Atg16_HEK_dAtg7_0hrTor_15Pos1_2_AiryscanProcessing.czi,14.0,12353.333333333336,7344.689403697178,8.0,1.0,88.6,93.02561753216897,2658.0,0.0,1.0,1,1,WIPI-Atg16,dAtg7,0hrTor,15Pos1_2
0,0,488.0,60.0,WIPI-Atg16_HEK_WT_1hrTor_20Pos_2_AiryscanProcessing.czi,1.0,9679.616666666667,1059.0826713728536,0.0,1.0,33.65,47.6654389237801,2019.0,0.0,1.0,3,3,WIPI-Atg16,WT,1hrTor,20Pos_2
1,1,488.0,11.0,WIPI-Atg16_HEK_WT_1hrTor_20Pos_2_AiryscanProcessing.czi,1.0,12654.090909090908,4423.94361298933,5.0,2.0,91.63636363636364,45.8961277827939,1008.0,0.0,1.0,3,3,WIPI-Atg16,WT,1hrTor,20Pos_2
2,2,488.0,13.0,WIPI-Atg16_HEK_WT_1hrTor_20Pos_2_AiryscanProcessing.czi,1.0,12372.153846153846,4049.720522170921,5.0,3.0,72.69230769230771,53.65225160758962,945.0,0.0,1.0,3,3,WIPI-Atg16,WT,1hrTor,20Pos_2
3,3,561.0,6.0,WIPI-Atg16_HEK_WT_1hrTor_20Pos_2_AiryscanProcessing.czi,1.0,10277.833333333334,2398.132391396828,6.0,2.0,89.33333333333331,65.30441536884521,536.0,0.0,1.0,3,3,WIPI-Atg16,WT,1hrTor,20Pos_2
4,4,561.0,5.0,WIPI-Atg16_HEK_WT_1hrTor_20Pos_2_AiryscanProcessing.czi,1.0,9664.4,1710.346105324884,5.0,3.0,83.6,24.88573888796553,418.0,0.0,1.0,3,3,WIPI-Atg16,WT,1hrTor,20Pos_2
5,5,488.0,53.0,WIPI-Atg16_HEK_WT_1hrTor_20Pos_2_AiryscanProcessing.czi,2.0,12350.283018867925,5397.379379695291,19.0,1.0,82.20754716981132,65.05392984362047,4357.0,1.0,0.0,2,2,WIPI-Atg16,WT,1hrTor,20Pos_2
6,6,488.0,33.0,WIPI-Atg16_HEK_WT_1hrTor_20Pos_2_AiryscanProcessing.czi,2.0,12814.030303030306,5666.402912589523,16.0,2.0,84.0909090909091,65.78105903124947,2775.0,1.0,0.0,2,2,WIPI-Atg16,WT,1hrTor,20Pos_2
7,7,561.0,23.0,WIPI-Atg16_HEK_WT_1hrTor_20Pos_2_AiryscanProcessing.czi,2.0,11682.347826086956,3605.2414949839563,21.0,1.0,93.2608695652174,56.32149387167176,2145.0,1.0,0.0,2,2,WIPI-Atg16,WT,1hrTor,20Pos_2
8,8,561.0,18.0,WIPI-Atg16_HEK_WT_1hrTor_20Pos_2_AiryscanProcessing.czi,2.0,11961.722222222224,4803.659264567519,15.0,2.0,93.88888888888887,49.8112778263398,1690.0,1.0,0.0,2,2,WIPI-Atg16,WT,1hrTor,20Pos_2
9,9,488.0,19.0,WIPI-Atg16_HEK_WT_1hrTor_20Pos_2_AiryscanProcessing.czi,3.0,14102.842105263158,6698.051418660321,9.0,1.0,116.42105263157896,72.42031313371936,2212.0,0.0,1.0,1,1,WIPI-Atg16,WT,1hrTor,20Pos_2
10,10,561.0,10.0,WIPI-Atg16_HEK_WT_1hrTor_20Pos_2_AiryscanProcessing.czi,3.0,10242.7,1829.0025241462445,9.0,1.0,82.2,54.5808269144639,822.0,0.0,1.0,1,1,WIPI-Atg16,WT,1hrTor,20Pos_2
11,11,488.0,25.0,WIPI-Atg16_HEK_WT_1hrTor_20Pos_2_AiryscanProcessing.czi,4.0,9988.36,2778.81058008638,3.0,1.0,44.28,38.55787857234887,1107.0,0.0,0.0,3,4,WIPI-Atg16,WT,1hrTor,20Pos_2
12,12,488.0,66.0,WIPI-Atg16_HEK_WT_1hrTor_20Pos_2_AiryscanProcessing.czi,4.0,11788.151515151516,4715.941671990129,13.0,2.0,59.74242424242424,55.847955848841714,3943.0,0.0,0.0,3,4,WIPI-Atg16,WT,1hrTor,20Pos_2
13,13,488.0,25.0,WIPI-Atg16_HEK_WT_1hrTor_20Pos_2_AiryscanProcessing.czi,4.0,11452.76,4807.440815028303,4.0,3.0,67.32,45.91724440047914,1683.0,0.0,0.0,3,4,WIPI-Atg16,WT,1hrTor,20Pos_2
14,14,561.0,6.0,WIPI-Atg16_HEK_WT_1hrTor_20Pos_2_AiryscanProcessing.czi,4.0,9132.666666666666,2552.612517924855,3.0,1.0,49.83333333333334,44.03369921624422,299.0,0.0,0.0,3,4,WIPI-Atg16,WT,1hrTor,20Pos_2
15,15,561.0,12.0,WIPI-Atg16_HEK_WT_1hrTor_20Pos_2_AiryscanProcessing.czi,4.0,12326.0,2660.411588115985,11.0,2.0,123.41666666666669,49.44686465532899,1481.0,0.0,0.0,3,4,WIPI-Atg16,WT,1hrTor,20Pos_2
16,16,561.0,6.0,WIPI-Atg16_HEK_WT_1hrTor_20Pos_2_AiryscanProcessing.czi,4.0,9838.0,1264.011234127292,5.0,3.0,45.16666666666666,33.85508332092341,271.0,0.0,0.0,3,4,WIPI-Atg16,WT,1hrTor,20Pos_2
17,17,488.0,22.0,WIPI-Atg16_HEK_WT_1hrTor_20Pos_2_AiryscanProcessing.czi,5.0,9902.318181818182,1789.0478017080866,5.0,1.0,41.59090909090909,33.31188704024163,915.0,0.0,0.0,2,2,WIPI-Atg16,WT,1hrTor,20Pos_2
18,18,488.0,29.0,WIPI-Atg16_HEK_WT_1hrTor_20Pos_2_AiryscanProcessing.czi,5.0,11902.0,4697.388347338794,11.0,2.0,62.0,57.28313139884326,1798.0,0.0,0.0,2,2,WIPI-Atg16,WT,1hrTor,20Pos_2
19,19,561.0,5.0,WIPI-Atg16_HEK_WT_1hrTor_20Pos_2_AiryscanProcessing.czi,5.0,10774.4,2201.211666332885,5.0,1.0,86.2,33.184333653096004,431.0,0.0,0.0,2,2,WIPI-Atg16,WT,1hrTor,20Pos_2
20,20,561.0,13.0,WIPI-Atg16_HEK_WT_1hrTor_20Pos_2_AiryscanProcessing.czi,5.0,12289.0,3164.88896593019,11.0,2.0,84.92307692307692,47.39455232137538,1104.0,0.0,0.0,2,2,WIPI-Atg16,WT,1hrTor,20Pos_2
21,21,488.0,23.0,WIPI-Atg16_HEK_WT_1hrTor_20Pos_2_AiryscanProcessing.czi,6.0,11865.869565217392,5902.332237840378,6.0,1.0,67.1304347826087,45.977567996722925,1544.0,0.0,0.0,2,2,WIPI-Atg16,WT,1hrTor,20Pos_2
22,22,488.0,25.0,WIPI-Atg16_HEK_WT_1hrTor_20Pos_2_AiryscanProcessing.czi,6.0,11533.44,4928.935872985162,5.0,2.0,53.36,59.084600362531006,1334.0,0.0,0.0,2,2,WIPI-Atg16,WT,1hrTor,20Pos_2
23,23,561.0,9.0,WIPI-Atg16_HEK_WT_1hrTor_20Pos_2_AiryscanProcessing.czi,6.0,12581.111111111111,3281.4592197848674,6.0,1.0,81.55555555555556,68.10490274405933,734.0,0.0,0.0,2,2,WIPI-Atg16,WT,1hrTor,20Pos_2
24,24,561.0,6.0,WIPI-Atg16_HEK_WT_1hrTor_20Pos_2_AiryscanProcessing.czi,6.0,14540.666666666664,5431.37023840823,5.0,2.0,114.33333333333331,64.68899958004195,686.0,0.0,0.0,2,2,WIPI-Atg16,WT,1hrTor,20Pos_2
25,25,488.0,34.0,WIPI-Atg16_HEK_WT_1hrTor_20Pos_2_AiryscanProcessing.czi,7.0,14361.382352941177,6025.739733362586,19.0,1.0,90.38235294117644,62.81334287220151,3073.0,0.0,0.0,2,2,WIPI-Atg16,WT,1hrTor,20Pos_2
26,26,488.0,37.0,WIPI-Atg16_HEK_WT_1hrTor_20Pos_2_AiryscanProcessing.czi,7.0,12933.270270270272,5307.091485553649,12.0,2.0,89.08108108108108,85.07492723031412,3296.0,0.0,0.0,2,2,WIPI-Atg16,WT,1hrTor,20Pos_2
27,27,561.0,20.0,WIPI-Atg16_HEK_WT_1hrTor_20Pos_2_AiryscanProcessing.czi,7.0,11480.5,2745.9346505813205,18.0,1.0,91.3,48.14572178621678,1826.0,0.0,0.0,2,2,WIPI-Atg16,WT,1hrTor,20Pos_2
28,28,561.0,12.0,WIPI-Atg16_HEK_WT_1hrTor_20Pos_2_AiryscanProcessing.czi,7.0,11230.666666666664,1971.9475068309928,12.0,2.0,81.5,33.24427496850876,978.0,0.0,0.0,2,2,WIPI-Atg16,WT,1hrTor,20Pos_2
29,29,488.0,15.0,WIPI-Atg16_HEK_WT_1hrTor_20Pos_2_AiryscanProcessing.czi,8.0,11607.466666666667,3571.7197911743683,3.0,1.0,69.73333333333333,50.749337316808756,1046.0,0.0,0.0,2,2,WIPI-Atg16,WT,1hrTor,20Pos_2
30,30,488.0,16.0,WIPI-Atg16_HEK_WT_1hrTor_20Pos_2_AiryscanProcessing.czi,8.0,11155.3125,4973.7740294301,3.0,2.0,69.9375,73.57940721877736,1119.0,0.0,0.0,2,2,WIPI-Atg16,WT,1hrTor,20Pos_2
31,31,561.0,3.0,WIPI-Atg16_HEK_WT_1hrTor_20Pos_2_AiryscanProcessing.czi,8.0,9436.666666666666,1399.2359820035122,3.0,1.0,89.33333333333331,60.28543218169157,268.0,0.0,0.0,2,2,WIPI-Atg16,WT,1hrTor,20Pos_2
32,32,561.0,4.0,WIPI-Atg16_HEK_WT_1hrTor_20Pos_2_AiryscanProcessing.czi,8.0,9205.0,1733.5929933714738,3.0,2.0,50.25,34.072227204376695,201.0,0.0,0.0,2,2,WIPI-Atg16,WT,1hrTor,20Pos_2
33,33,488.0,14.0,WIPI-Atg16_HEK_WT_1hrTor_20Pos_2_AiryscanProcessing.czi,9.0,10463.642857142857,2551.856175328155,3.0,1.0,77.28571428571429,41.921957843718964,1082.0,0.0,1.0,2,2,WIPI-Atg16,WT,1hrTor,20Pos_2
34,34,488.0,13.0,WIPI-Atg16_HEK_WT_1hrTor_20Pos_2_AiryscanProcessing.czi,9.0,12819.0,6473.4611813670945,3.0,2.0,82.84615384615384,51.15800060245734,1077.0,0.0,1.0,2,2,WIPI-Atg16,WT,1hrTor,20Pos_2
35,35,561.0,3.0,WIPI-Atg16_HEK_WT_1hrTor_20Pos_2_AiryscanProcessing.czi,9.0,10120.666666666666,2143.9151879991273,3.0,1.0,83.0,80.72793816269557,249.0,0.0,1.0,2,2,WIPI-Atg16,WT,1hrTor,20Pos_2
36,36,561.0,3.0,WIPI-Atg16_HEK_WT_1hrTor_20Pos_2_AiryscanProcessing.czi,9.0,8047.333333333332,989.9526924723897,3.0,2.0,42.333333333333336,16.072751268321593,127.0,0.0,1.0,2,2,WIPI-Atg16,WT,1hrTor,20Pos_2
37,37,488.0,50.0,WIPI-Atg16_HEK_WT_1hrTor_20Pos_2_AiryscanProcessing.czi,10.0,11468.84,3770.3672010853807,8.0,1.0,74.18,60.63665288807907,3709.0,0.0,0.0,2,2,WIPI-Atg16,WT,1hrTor,20Pos_2
38,38,488.0,20.0,WIPI-Atg16_HEK_WT_1hrTor_20Pos_2_AiryscanProcessing.czi,10.0,14300.35,3683.9144837637327,11.0,2.0,106.55,50.625014619880936,2131.0,0.0,0.0,2,2,WIPI-Atg16,WT,1hrTor,20Pos_2
39,39,561.0,14.0,WIPI-Atg16_HEK_WT_1hrTor_20Pos_2_AiryscanProcessing.czi,10.0,11608.214285714286,3631.5002023654383,8.0,1.0,97.42857142857143,66.00782504395193,1364.0,0.0,0.0,2,2,WIPI-Atg16,WT,1hrTor,20Pos_2
40,40,561.0,17.0,WIPI-Atg16_HEK_WT_1hrTor_20Pos_2_AiryscanProcessing.czi,10.0,12197.764705882351,5037.4556143132895,11.0,2.0,83.29411764705883,82.42175433849546,1416.0,0.0,0.0,2,2,WIPI-Atg16,WT,1hrTor,20Pos_2
41,41,488.0,44.0,WIPI-Atg16_HEK_WT_1hrTor_20Pos_2_AiryscanProcessing.czi,11.0,12408.522727272728,4298.861690806156,10.0,1.0,64.61363636363636,59.21863939323179,2843.0,0.0,0.0,2,3,WIPI-Atg16,WT,1hrTor,20Pos_2
42,42,488.0,29.0,WIPI-Atg16_HEK_WT_1hrTor_20Pos_2_AiryscanProcessing.czi,11.0,14322.172413793103,6385.408411084971,10.0,2.0,91.17241379310344,66.34975991210585,2644.0,0.0,0.0,2,3,WIPI-Atg16,WT,1hrTor,20Pos_2
43,43,561.0,14.0,WIPI-Atg16_HEK_WT_1hrTor_20Pos_2_AiryscanProcessing.czi,11.0,12418.142857142857,4692.924442623791,9.0,1.0,85.42857142857143,65.31310892770453,1196.0,0.0,0.0,2,3,WIPI-Atg16,WT,1hrTor,20Pos_2
44,44,561.0,15.0,WIPI-Atg16_HEK_WT_1hrTor_20Pos_2_AiryscanProcessing.czi,11.0,12131.533333333333,4007.247521084528,10.0,2.0,95.53333333333332,86.97525647041944,1433.0,0.0,0.0,2,3,WIPI-Atg16,WT,1hrTor,20Pos_2
45,45,488.0,42.0,WIPI-Atg16_HEK_WT_1hrTor_20Pos_2_AiryscanProcessing.czi,12.0,11556.142857142857,4762.45869873355,10.0,1.0,73.07142857142857,69.73062904619246,3069.0,0.0,1.0,4,4,WIPI-Atg16,WT,1hrTor,20Pos_2
46,46,488.0,39.0,WIPI-Atg16_HEK_WT_1hrTor_20Pos_2_AiryscanProcessing.czi,12.0,10540.102564102563,3580.133596411054,9.0,2.0,61.92307692307693,48.346003272128534,2415.0,0.0,1.0,4,4,WIPI-Atg16,WT,1hrTor,20Pos_2
47,47,488.0,17.0,WIPI-Atg16_HEK_WT_1hrTor_20Pos_2_AiryscanProcessing.czi,12.0,10622.411764705883,3341.262917274386,3.0,3.0,64.76470588235293,61.20511560703557,1101.0,0.0,1.0,4,4,WIPI-Atg16,WT,1hrTor,20Pos_2
48,48,488.0,16.0,WIPI-Atg16_HEK_WT_1hrTor_20Pos_2_AiryscanProcessing.czi,12.0,11100.75,2793.008927065337,4.0,4.0,67.1875,38.96360481269668,1075.0,0.0,1.0,4,4,WIPI-Atg16,WT,1hrTor,20Pos_2
49,49,561.0,11.0,WIPI-Atg16_HEK_WT_1hrTor_20Pos_2_AiryscanProcessing.czi,12.0,11724.272727272728,2436.590941906708,11.0,1.0,97.45454545454544,54.544227258920145,1072.0,0.0,1.0,4,4,WIPI-Atg16,WT,1hrTor,20Pos_2
50,50,561.0,10.0,WIPI-Atg16_HEK_WT_1hrTor_20Pos_2_AiryscanProcessing.czi,12.0,10804.7,4210.200022960113,10.0,2.0,100.1,59.08647147284318,1001.0,0.0,1.0,4,4,WIPI-Atg16,WT,1hrTor,20Pos_2
51,51,561.0,5.0,WIPI-Atg16_HEK_WT_1hrTor_20Pos_2_AiryscanProcessing.czi,12.0,9913.2,2894.1775515679747,3.0,3.0,51.0,39.06404996924922,255.0,0.0,1.0,4,4,WIPI-Atg16,WT,1hrTor,20Pos_2
52,52,561.0,5.0,WIPI-Atg16_HEK_WT_1hrTor_20Pos_2_AiryscanProcessing.czi,12.0,10775.6,2269.003591887857,4.0,4.0,86.0,50.04497976820453,430.0,0.0,1.0,4,4,WIPI-Atg16,WT,1hrTor,20Pos_2
53,53,488.0,36.0,WIPI-Atg16_HEK_WT_1hrTor_20Pos_2_AiryscanProcessing.czi,13.0,11181.111111111111,4009.878350686164,7.0,1.0,74.0,57.2248697183813,2664.0,0.0,1.0,2,2,WIPI-Atg16,WT,1hrTor,20Pos_2
54,54,488.0,25.0,WIPI-Atg16_HEK_WT_1hrTor_20Pos_2_AiryscanProcessing.czi,13.0,13342.88,6227.037720832167,6.0,2.0,89.48,104.150980152213,2237.0,0.0,1.0,2,2,WIPI-Atg16,WT,1hrTor,20Pos_2
55,55,561.0,9.0,WIPI-Atg16_HEK_WT_1hrTor_20Pos_2_AiryscanProcessing.czi,13.0,11326.111111111111,3027.001876628277,8.0,1.0,85.44444444444444,62.52821585314728,769.0,0.0,1.0,2,2,WIPI-Atg16,WT,1hrTor,20Pos_2
56,56,561.0,6.0,WIPI-Atg16_HEK_WT_1hrTor_20Pos_2_AiryscanProcessing.czi,13.0,10789.0,3225.131129117078,6.0,2.0,86.66666666666669,58.30494547349021,520.0,0.0,1.0,2,2,WIPI-Atg16,WT,1hrTor,20Pos_2
57,57,488.0,50.0,WIPI-Atg16_HEK_WT_1hrTor_20Pos_2_AiryscanProcessing.czi,14.0,12193.3,4046.742299022002,17.0,1.0,78.94,67.57140138930289,3947.0,0.0,1.0,2,2,WIPI-Atg16,WT,1hrTor,20Pos_2
58,58,488.0,60.0,WIPI-Atg16_HEK_WT_1hrTor_20Pos_2_AiryscanProcessing.czi,14.0,11792.85,5331.064735529553,11.0,2.0,77.85,77.80109907288683,4671.0,0.0,1.0,2,2,WIPI-Atg16,WT,1hrTor,20Pos_2
59,59,561.0,19.0,WIPI-Atg16_HEK_WT_1hrTor_20Pos_2_AiryscanProcessing.czi,14.0,12645.315789473683,4088.9682215638536,15.0,1.0,103.21052631578951,52.97229773650922,1961.0,0.0,1.0,2,2,WIPI-Atg16,WT,1hrTor,20Pos_2
60,60,561.0,23.0,WIPI-Atg16_HEK_WT_1hrTor_20Pos_2_AiryscanProcessing.czi,14.0,11345.04347826087,5015.594113981468,11.0,2.0,81.73913043478261,84.46958430072188,1880.0,0.0,1.0,2,2,WIPI-Atg16,WT,1hrTor,20Pos_2
61,61,488.0,29.0,WIPI-Atg16_HEK_WT_1hrTor_20Pos_2_AiryscanProcessing.czi,15.0,10422.0,3900.9552035366933,7.0,1.0,69.6206896551724,82.14247804581615,2019.0,0.0,0.0,1,1,WIPI-Atg16,WT,1hrTor,20Pos_2
62,62,561.0,8.0,WIPI-Atg16_HEK_WT_1hrTor_20Pos_2_AiryscanProcessing.czi,15.0,11359.75,1761.9951151221408,8.0,1.0,64.875,23.72724473800409,519.0,0.0,0.0,1,1,WIPI-Atg16,WT,1hrTor,20Pos_2
63,63,488.0,52.0,WIPI-Atg16_HEK_WT_1hrTor_20Pos_2_AiryscanProcessing.czi,16.0,14274.807692307693,5784.602787856138,25.0,1.0,103.59615384615385,80.96338063918088,5387.0,0.0,0.0,2,2,WIPI-Atg16,WT,1hrTor,20Pos_2
64,64,488.0,41.0,WIPI-Atg16_HEK_WT_1hrTor_20Pos_2_AiryscanProcessing.czi,16.0,15760.414634146342,7714.049098805405,18.0,2.0,134.73170731707316,111.41185403498228,5524.0,0.0,0.0,2,2,WIPI-Atg16,WT,1hrTor,20Pos_2
65,65,561.0,24.0,WIPI-Atg16_HEK_WT_1hrTor_20Pos_2_AiryscanProcessing.czi,16.0,12928.833333333336,3580.439269463852,23.0,1.0,103.75,58.73762589390359,2490.0,0.0,0.0,2,2,WIPI-Atg16,WT,1hrTor,20Pos_2
66,66,561.0,23.0,WIPI-Atg16_HEK_WT_1hrTor_20Pos_2_AiryscanProcessing.czi,16.0,12100.95652173913,4619.340817576985,18.0,2.0,100.95652173913044,83.94937774465879,2322.0,0.0,0.0,2,2,WIPI-Atg16,WT,1hrTor,20Pos_2
67,67,488.0,36.0,WIPI-Atg16_HEK_WT_1hrTor_20Pos_2_AiryscanProcessing.czi,17.0,12668.888888888889,5676.618610092142,9.0,1.0,78.94444444444444,67.66258491090477,2842.0,0.0,1.0,2,2,WIPI-Atg16,WT,1hrTor,20Pos_2
68,68,488.0,42.0,WIPI-Atg16_HEK_WT_1hrTor_20Pos_2_AiryscanProcessing.czi,17.0,12355.857142857143,5710.767513115043,10.0,2.0,100.83333333333331,82.4328009148462,4235.0,0.0,1.0,2,2,WIPI-Atg16,WT,1hrTor,20Pos_2
69,69,561.0,10.0,WIPI-Atg16_HEK_WT_1hrTor_20Pos_2_AiryscanProcessing.czi,17.0,11654.9,2877.5742272499824,9.0,1.0,99.5,57.879664438864495,995.0,0.0,1.0,2,2,WIPI-Atg16,WT,1hrTor,20Pos_2
70,70,561.0,13.0,WIPI-Atg16_HEK_WT_1hrTor_20Pos_2_AiryscanProcessing.czi,17.0,9888.384615384615,2095.1794886700254,11.0,2.0,83.38461538461539,46.95483372621406,1084.0,0.0,1.0,2,2,WIPI-Atg16,WT,1hrTor,20Pos_2
71,71,488.0,31.0,WIPI-Atg16_HEK_WT_1hrTor_20Pos_2_AiryscanProcessing.czi,18.0,10373.548387096776,3083.830949092483,4.0,1.0,68.19354838709678,52.52454623306371,2114.0,0.0,0.0,2,2,WIPI-Atg16,WT,1hrTor,20Pos_2
72,72,488.0,41.0,WIPI-Atg16_HEK_WT_1hrTor_20Pos_2_AiryscanProcessing.czi,18.0,10956.243902439024,4828.98451944344,10.0,2.0,77.8048780487805,81.17087516843559,3190.0,0.0,0.0,2,2,WIPI-Atg16,WT,1hrTor,20Pos_2
73,73,561.0,4.0,WIPI-Atg16_HEK_WT_1hrTor_20Pos_2_AiryscanProcessing.czi,18.0,9418.75,804.8583208656456,4.0,1.0,57.75,14.174507634012075,231.0,0.0,0.0,2,2,WIPI-Atg16,WT,1hrTor,20Pos_2
74,74,561.0,12.0,WIPI-Atg16_HEK_WT_1hrTor_20Pos_2_AiryscanProcessing.czi,18.0,12283.333333333336,2554.962669477627,10.0,2.0,94.83333333333331,33.5933795786484,1138.0,0.0,0.0,2,2,WIPI-Atg16,WT,1hrTor,20Pos_2
75,75,488.0,23.0,WIPI-Atg16_HEK_WT_1hrTor_20Pos_2_AiryscanProcessing.czi,19.0,14119.217391304348,6162.112270351058,13.0,1.0,95.82608695652172,68.08126973358786,2204.0,0.0,0.0,2,2,WIPI-Atg16,WT,1hrTor,20Pos_2
76,76,488.0,67.0,WIPI-Atg16_HEK_WT_1hrTor_20Pos_2_AiryscanProcessing.czi,19.0,13756.776119402983,6479.623796180387,32.0,2.0,103.43283582089552,115.99702502462529,6930.0,0.0,0.0,2,2,WIPI-Atg16,WT,1hrTor,20Pos_2
77,77,561.0,34.0,WIPI-Atg16_HEK_WT_1hrTor_20Pos_2_AiryscanProcessing.czi,19.0,12433.588235294117,6838.1446319253955,16.0,1.0,67.41176470588235,76.67330049575703,2292.0,0.0,0.0,2,2,WIPI-Atg16,WT,1hrTor,20Pos_2
78,78,561.0,38.0,WIPI-Atg16_HEK_WT_1hrTor_20Pos_2_AiryscanProcessing.czi,19.0,13490.710526315792,6311.755372866825,25.0,2.0,127.86842105263158,122.42927821810888,4859.0,0.0,0.0,2,2,WIPI-Atg16,WT,1hrTor,20Pos_2
79,79,561.0,0.0,WIPI-Atg16_HEK_WT_1hrTor_20Pos_2_AiryscanProcessing.czi,1.0,,,,1.0,,,,0.0,1.0,3,3,WIPI-Atg16,WT,1hrTor,20Pos_2
